[00:59:34.673][info] [#0:/home/astor/neovim/tool/lua-server/main.lua:68]: Lua Lsp startup, root: 	/home/astor/neovim/tool/lua-server
[00:59:34.673][info] [#0:/home/astor/neovim/tool/lua-server/main.lua:69]: ROOT:	/home/astor/neovim/tool/lua-server
[00:59:34.673][info] [#0:/home/astor/neovim/tool/lua-server/main.lua:70]: LOGPATH:	/home/astor/neovim/tool/lua-server/log
[00:59:34.673][info] [#0:/home/astor/neovim/tool/lua-server/main.lua:71]: METAPATH:	/home/astor/neovim/tool/lua-server/meta
[00:59:34.674][info] [#0:/home/astor/neovim/tool/lua-server/main.lua:72]: VERSION:	3.13.2
[00:59:34.730][info] [#0:script/proto/proto.lua:260]: Listen Mode: stdio
[00:59:34.730][info] [#0:script/service/service.lua:145]: 
========= Medical Examination Report =========
    --------------- Memory ---------------
        Total: 2.246 MB
        # 00 : 2.246 MB
        # 01 : 0.000 MB
        # 02 : 0.000 MB
        # 03 : 0.000 MB
        # 04 : 0.000 MB
    --------------- Coroutine ---------------
        Total:     0
        Running:   0
        Suspended: 0
        Normal:    0
        Dead:      0
    --------------- Cache ---------------
        Total: 1
        Dead:  0
    ---------------  RPC  ---------------
        Holdon:   0
        Waiting:  0
==============================================
[00:59:34.842][info] [#0:script/client.lua:657]: Client init	{
  capabilities = {
    general = {
      markdown = {
        parser = "marked",
        version = "7.0.5"
      },
      positionEncodings = { "utf-16" },
      regularExpressions = {
        engine = "ECMAScript",
        version = "ES2020"
      },
      staleRequestSupport = {
        cancel = true,
        retryOnContentModified = { "textDocument/inlayHint", "textDocument/semanticTokens/full", "textDocument/semanticTokens/range", "textDocument/semanticTokens/full/delta" }
      }
    },
    textDocument = {
      callHierarchy = {
        dynamicRegistration = true
      },
      codeAction = {
        codeActionLiteralSupport = {
          codeActionKind = {
            valueSet = { "", "quickfix", "refactor", "refactor.extract", "refactor.inline", "refactor.rewrite", "source", "source.organizeImports" }
          }
        },
        dataSupport = true,
        disabledSupport = true,
        dynamicRegistration = true,
        honorsChangeAnnotations = false,
        isPreferredSupport = true,
        resolveSupport = {
          properties = { "edit" }
        }
      },
      codeLens = {
        dynamicRegistration = true
      },
      colorProvider = {
        dynamicRegistration = true
      },
      completion = {
        completionItem = {
          commitCharactersSupport = true,
          deprecatedSupport = true,
          documentationFormat = { "markdown", "plaintext" },
          insertReplaceSupport = true,
          insertTextModeSupport = {
            valueSet = { 1, 2 }
          },
          labelDetailsSupport = true,
          preselectSupport = true,
          resolveSupport = {
            properties = { "documentation", "detail", "additionalTextEdits" }
          },
          snippetSupport = true,
          tagSupport = {
            valueSet = { 1 }
          }
        },
        completionItemKind = {
          valueSet = { 1, 2, 3, 4, 5, 6, 7, 8, 9, 10, 11, 12, 13, 14, 15, 16, 17, 18, 19, 20, 21, 22, 23, 24, 25 }
        },
        completionList = {
          itemDefaults = { "commitCharacters", "editRange", "insertTextFormat", "insertTextMode" }
        },
        contextSupport = true,
        dynamicRegistration = true,
        insertTextMode = 2
      },
      declaration = {
        dynamicRegistration = true,
        linkSupport = true
      },
      definition = {
        dynamicRegistration = true,
        linkSupport = true
      },
      diagnostic = {
        codeDescriptionSupport = true,
        dataSupport = true,
        dynamicRegistration = true,
        relatedDocumentSupport = true,
        relatedInformation = true,
        tagSupport = {
          valueSet = { 1, 2 }
        }
      },
      documentHighlight = {
        dynamicRegistration = true
      },
      documentLink = {
        dynamicRegistration = true,
        tooltipSupport = true
      },
      documentSymbol = {
        dynamicRegistration = true,
        hierarchicalDocumentSymbolSupport = true,
        labelSupport = true,
        symbolKind = {
          valueSet = { 1, 2, 3, 4, 5, 6, 7, 8, 9, 10, 11, 12, 13, 14, 15, 16, 17, 18, 19, 20, 21, 22, 23, 24, 25, 26 }
        },
        tagSupport = {
          valueSet = { 1 }
        }
      },
      filters = {
        relativePatternSupport = true
      },
      foldingRange = {
        dynamicRegistration = true,
        foldingRange = {
          collapsedText = false
        },
        foldingRangeKind = {
          valueSet = { "comment", "imports", "region" }
        },
        lineFoldingOnly = true,
        rangeLimit = 5000
      },
      formatting = {
        dynamicRegistration = true
      },
      hover = {
        contentFormat = { "markdown", "plaintext" },
        dynamicRegistration = true
      },
      implementation = {
        dynamicRegistration = true,
        linkSupport = true
      },
      inlayHint = {
        dynamicRegistration = true,
        resolveSupport = {
          properties = { "tooltip", "textEdits", "label.tooltip", "label.location", "label.command" }
        }
      },
      inlineCompletion = {
        dynamicRegistration = true
      },
      inlineValue = {
        dynamicRegistration = true
      },
      linkedEditingRange = {
        dynamicRegistration = true
      },
      onTypeFormatting = {
        dynamicRegistration = true
      },
      publishDiagnostics = {
        codeDescriptionSupport = true,
        dataSupport = true,
        relatedInformation = true,
        tagSupport = {
          valueSet = { 1, 2 }
        },
        versionSupport = true
      },
      rangeFormatting = {
        dynamicRegistration = true
      },
      references = {
        dynamicRegistration = true
      },
      rename = {
        dynamicRegistration = true,
        honorsChangeAnnotations = true,
        prepareSupport = true,
        prepareSupportDefaultBehavior = 1
      },
      selectionRange = {
        dynamicRegistration = true
      },
      semanticTokens = {
        augmentsSyntaxTokens = true,
        dynamicRegistration = true,
        formats = { "relative" },
        multilineTokenSupport = false,
        overlappingTokenSupport = false,
        requests = {
          full = {
            delta = true
          },
          range = true
        },
        serverCancelSupport = true,
        tokenModifiers = { "declaration", "definition", "readonly", "static", "deprecated", "abstract", "async", "modification", "documentation", "defaultLibrary" },
        tokenTypes = { "namespace", "type", "class", "enum", "interface", "struct", "typeParameter", "parameter", "variable", "property", "enumMember", "event", "function", "method", "macro", "keyword", "modifier", "comment", "string", "number", "regexp", "decorator", "operator" }
      },
      signatureHelp = {
        contextSupport = true,
        dynamicRegistration = true,
        signatureInformation = {
          activeParameterSupport = true,
          documentationFormat = { "markdown", "plaintext" },
          parameterInformation = {
            labelOffsetSupport = true
          }
        }
      },
      synchronization = {
        didSave = true,
        dynamicRegistration = true,
        willSave = true,
        willSaveWaitUntil = true
      },
      typeDefinition = {
        dynamicRegistration = true,
        linkSupport = true
      },
      typeHierarchy = {
        dynamicRegistration = true
      }
    },
    window = {
      showDocument = {
        support = true
      },
      showMessage = {
        messageActionItem = {
          additionalPropertiesSupport = true
        }
      },
      workDoneProgress = true
    },
    workspace = {
      applyEdit = true,
      codeLens = {
        refreshSupport = true
      },
      configuration = true,
      diagnostics = {
        refreshSupport = true
      },
      didChangeConfiguration = {
        dynamicRegistration = true
      },
      didChangeWatchedFiles = {
        dynamicRegistration = true,
        relativePatternSupport = true
      },
      executeCommand = {
        dynamicRegistration = true
      },
      fileOperations = {
        didCreate = true,
        didDelete = true,
        didRename = true,
        dynamicRegistration = true,
        willCreate = true,
        willDelete = true,
        willRename = true
      },
      foldingRange = {
        refreshSupport = true
      },
      inlayHint = {
        refreshSupport = true
      },
      inlineValue = {
        refreshSupport = true
      },
      semanticTokens = {
        refreshSupport = true
      },
      symbol = {
        dynamicRegistration = true,
        resolveSupport = {
          properties = { "location.range" }
        },
        symbolKind = {
          valueSet = { 1, 2, 3, 4, 5, 6, 7, 8, 9, 10, 11, 12, 13, 14, 15, 16, 17, 18, 19, 20, 21, 22, 23, 24, 25, 26 }
        },
        tagSupport = {
          valueSet = { 1 }
        }
      },
      textDocumentContent = {
        dynamicRegistration = true
      },
      workspaceEdit = {
        changeAnnotationSupport = {
          groupsOnLabel = false
        },
        documentChanges = true,
        failureHandling = "undo",
        metadataSupport = true,
        normalizesLineEndings = true,
        resourceOperations = { "create", "rename", "delete" },
        snippetEditSupport = true
      },
      workspaceFolders = true
    }
  },
  clientInfo = {
    name = "coc.nvim",
    version = "0.0.82"
  },
  initializationOptions = {},
  locale = "C",
  processId = 14544,
  rootPath = "/home/astor/neovim/nvim",
  rootUri = "file:///home/astor/neovim/nvim",
  trace = "off",
  workspaceFolders = { {
      name = "neovim",
      uri = "file:///home/astor/neovim"
    } }
}
[00:59:34.843][info] [#0:script/language.lua:137]: VSC language: C
[00:59:34.843][info] [#0:script/language.lua:138]: LS  language: en-us
[00:59:34.843][info] [#0:script/workspace/workspace.lua:38]: Workspace init root: 	file:///home/astor/neovim/nvim
[00:59:34.843][info] [#0:script/workspace/workspace.lua:42]: Log path: 	/home/astor/neovim/tool/lua-server/log/file_home_astor_neovim_nvim.log
[00:59:34.844][info] [#0:script/workspace/workspace.lua:48]: Workspace create: 	file:///home/astor/neovim
[00:59:35.153][info] [#0:script/provider/provider.lua:48]: Load config from client	file:///home/astor/neovim
[00:59:35.153][info] [#0:script/provider/provider.lua:49]: {
  Lua = {
    diagnostics = {
      globals = { "vim" }
    },
    workspace = {
      library = {
        ["/path/to/your/lua/libs"] = true,
        ["/usr/share/nvim/runtime/lua"] = true
      }
    }
  }
}
[00:59:35.154][info] [#0:script/provider/provider.lua:48]: Load config from client	file:///home/astor/neovim
[00:59:35.154][info] [#0:script/provider/provider.lua:49]: {
  Lua = {
    diagnostics = {
      globals = { "vim" }
    },
    workspace = {
      library = {
        ["/path/to/your/lua/libs"] = true,
        ["/usr/share/nvim/runtime/lua"] = true
      }
    }
  }
}
[00:59:35.255][info] [#0:script/provider/completion.lua:43]: Enable completion.
[00:59:35.255][info] [#0:script/provider/provider.lua:64]: Load config from client	fallback
[00:59:35.255][info] [#0:script/provider/provider.lua:65]: {
  Lua = {
    diagnostics = {
      globals = { "vim" }
    },
    workspace = {
      library = {
        ["/path/to/your/lua/libs"] = true,
        ["/usr/share/nvim/runtime/lua"] = true
      }
    }
  }
}
[00:59:35.255][info] [#0:script/provider/provider.lua:64]: Load config from client	fallback
[00:59:35.255][info] [#0:script/provider/provider.lua:65]: {
  Lua = {
    diagnostics = {
      globals = { "vim" }
    },
    workspace = {
      library = {
        ["/path/to/your/lua/libs"] = true,
        ["/usr/share/nvim/runtime/lua"] = true
      }
    }
  }
}
[00:59:35.476][info] [#0:script/library.lua:212]: Init builtin library at:	file:///home/astor/neovim
[00:59:35.495][info] [#0:script/library.lua:212]: Init builtin library at:	nil
[00:59:35.608][info] [#0:script/workspace/workspace.lua:324]: Preload start:	file:///home/astor/neovim
[00:59:35.614][info] [#0:script/workspace/workspace.lua:330]: Scan files at:	file:///home/astor/neovim
[00:59:37.341][info] [#0:script/workspace/workspace.lua:324]: Preload start:	<fallback>
[00:59:37.343][info] [#0:script/workspace/workspace.lua:353]: Scan library at:	file:///home/astor/neovim/tool/lua-server/meta/Lua%205.4%20en-us%20utf8/basic.lua
[00:59:37.343][warn] [#0:script/proto/proto.lua:189]: Method [textDocument/inlayHint] takes [1.733]sec. {
  id = 2,
  jsonrpc = "2.0",
  method = "textDocument/inlayHint",
  params = {
    range = {
      end = {
        character = 0,
        line = 70
      },
      start = {
        character = 0,
        line = 0
      }
    },
    textDocument = {
      uri = "file:///home/astor/neovim/nvim/lua/expand_config/coc.lua"
    }
  }
}
[00:59:37.344][info] [#0:script/workspace/workspace.lua:353]: Scan library at:	file:///home/astor/neovim/tool/lua-server/meta/Lua%205.4%20en-us%20utf8/coroutine.lua
[00:59:37.345][info] [#0:script/workspace/workspace.lua:353]: Scan library at:	file:///home/astor/neovim/tool/lua-server/meta/Lua%205.4%20en-us%20utf8/io.lua
[00:59:37.345][info] [#0:script/workspace/workspace.lua:353]: Scan library at:	file:///home/astor/neovim/tool/lua-server/meta/Lua%205.4%20en-us%20utf8/debug.lua
[00:59:37.345][info] [#0:script/workspace/workspace.lua:353]: Scan library at:	file:///home/astor/neovim/tool/lua-server/meta/Lua%205.4%20en-us%20utf8/os.lua
[00:59:37.345][info] [#0:script/workspace/workspace.lua:353]: Scan library at:	file:///home/astor/neovim/tool/lua-server/meta/Lua%205.4%20en-us%20utf8/table.lua
[00:59:37.346][info] [#0:script/workspace/workspace.lua:353]: Scan library at:	file:///home/astor/neovim/tool/lua-server/meta/Lua%205.4%20en-us%20utf8/string.lua
[00:59:37.346][info] [#0:script/workspace/workspace.lua:353]: Scan library at:	file:///home/astor/neovim/tool/lua-server/meta/Lua%205.4%20en-us%20utf8/builtin.lua
[00:59:37.346][info] [#0:script/workspace/workspace.lua:353]: Scan library at:	file:///home/astor/neovim/tool/lua-server/meta/Lua%205.4%20en-us%20utf8/package.lua
[00:59:37.347][info] [#0:script/workspace/workspace.lua:353]: Scan library at:	file:///home/astor/neovim/tool/lua-server/meta/Lua%205.4%20en-us%20utf8/utf8.lua
[00:59:37.347][info] [#0:script/workspace/workspace.lua:353]: Scan library at:	file:///home/astor/neovim/tool/lua-server/meta/Lua%205.4%20en-us%20utf8/math.lua
[00:59:37.448][info] [#0:script/workspace/workspace.lua:379]: Found 11 files at:	<fallback>
[00:59:37.448][info] [#0:script/workspace/loading.lua:160]: Load files from disk:	<fallback>
[00:59:37.449][info] [#0:script/workspace/loading.lua:100]: Preload file at: file:///home/astor/neovim/tool/lua-server/meta/Lua%205.4%20en-us%20utf8/math.lua , size = 8.509 KB
[00:59:37.458][info] [#0:script/workspace/loading.lua:112]: ++++As library of:	file:///home/astor/neovim/tool/lua-server/meta/Lua%205.4%20en-us%20utf8/math.lua
[00:59:37.458][info] [#0:script/workspace/loading.lua:100]: Preload file at: file:///home/astor/neovim/tool/lua-server/meta/Lua%205.4%20en-us%20utf8/package.lua , size = 2.944 KB
[00:59:37.460][info] [#0:script/workspace/loading.lua:112]: ++++As library of:	file:///home/astor/neovim/tool/lua-server/meta/Lua%205.4%20en-us%20utf8/package.lua
[00:59:37.460][info] [#0:script/workspace/loading.lua:100]: Preload file at: file:///home/astor/neovim/tool/lua-server/meta/Lua%205.4%20en-us%20utf8/builtin.lua , size = 0.302 KB
[00:59:37.461][info] [#0:script/workspace/loading.lua:112]: ++++As library of:	file:///home/astor/neovim/tool/lua-server/meta/Lua%205.4%20en-us%20utf8/builtin.lua
[00:59:37.461][info] [#0:script/workspace/loading.lua:100]: Preload file at: file:///home/astor/neovim/tool/lua-server/meta/Lua%205.4%20en-us%20utf8/utf8.lua , size = 2.386 KB
[00:59:37.463][info] [#0:script/workspace/loading.lua:112]: ++++As library of:	file:///home/astor/neovim/tool/lua-server/meta/Lua%205.4%20en-us%20utf8/utf8.lua
[00:59:37.463][info] [#0:script/workspace/loading.lua:100]: Preload file at: file:///home/astor/neovim/tool/lua-server/meta/Lua%205.4%20en-us%20utf8/string.lua , size = 6.327 KB
[00:59:37.467][info] [#0:script/workspace/loading.lua:112]: ++++As library of:	file:///home/astor/neovim/tool/lua-server/meta/Lua%205.4%20en-us%20utf8/string.lua
[00:59:37.468][info] [#0:script/workspace/loading.lua:100]: Preload file at: file:///home/astor/neovim/tool/lua-server/meta/Lua%205.4%20en-us%20utf8/table.lua , size = 4.235 KB
[00:59:37.471][info] [#0:script/workspace/loading.lua:112]: ++++As library of:	file:///home/astor/neovim/tool/lua-server/meta/Lua%205.4%20en-us%20utf8/table.lua
[00:59:37.471][info] [#0:script/workspace/loading.lua:100]: Preload file at: file:///home/astor/neovim/tool/lua-server/meta/Lua%205.4%20en-us%20utf8/os.lua , size = 5.600 KB
[00:59:37.478][info] [#0:script/workspace/loading.lua:112]: ++++As library of:	file:///home/astor/neovim/tool/lua-server/meta/Lua%205.4%20en-us%20utf8/os.lua
[00:59:37.479][info] [#0:script/workspace/loading.lua:100]: Preload file at: file:///home/astor/neovim/tool/lua-server/meta/Lua%205.4%20en-us%20utf8/debug.lua , size = 7.637 KB
[00:59:37.484][info] [#0:script/workspace/loading.lua:112]: ++++As library of:	file:///home/astor/neovim/tool/lua-server/meta/Lua%205.4%20en-us%20utf8/debug.lua
[00:59:37.484][info] [#0:script/workspace/loading.lua:100]: Preload file at: file:///home/astor/neovim/tool/lua-server/meta/Lua%205.4%20en-us%20utf8/io.lua , size = 6.364 KB
[00:59:37.489][info] [#0:script/workspace/loading.lua:112]: ++++As library of:	file:///home/astor/neovim/tool/lua-server/meta/Lua%205.4%20en-us%20utf8/io.lua
[00:59:37.489][info] [#0:script/workspace/loading.lua:100]: Preload file at: file:///home/astor/neovim/tool/lua-server/meta/Lua%205.4%20en-us%20utf8/coroutine.lua , size = 2.590 KB
[00:59:37.491][info] [#0:script/workspace/loading.lua:112]: ++++As library of:	file:///home/astor/neovim/tool/lua-server/meta/Lua%205.4%20en-us%20utf8/coroutine.lua
[00:59:37.492][info] [#0:script/workspace/loading.lua:100]: Preload file at: file:///home/astor/neovim/tool/lua-server/meta/Lua%205.4%20en-us%20utf8/basic.lua , size = 15.631 KB
[00:59:37.505][info] [#0:script/workspace/loading.lua:112]: ++++As library of:	file:///home/astor/neovim/tool/lua-server/meta/Lua%205.4%20en-us%20utf8/basic.lua
[00:59:37.505][info] [#0:script/workspace/loading.lua:172]: Loaded files takes [0.058] sec: <fallback>
[00:59:37.505][info] [#0:script/workspace/loading.lua:181]: Compile files takes [0.000] sec: <fallback>
[00:59:37.505][info] [#0:script/workspace/loading.lua:182]: Loaded finish:	<fallback>
[00:59:37.505][info] [#0:script/workspace/workspace.lua:381]: Preload finish at:	<fallback>
[00:59:49.871][info] [#0:script/workspace/workspace.lua:353]: Scan library at:	file:///home/astor/neovim/tool/lua-server/meta/Lua%205.4%20en-us%20utf8/basic.lua
[00:59:49.872][info] [#0:script/workspace/workspace.lua:353]: Scan library at:	file:///home/astor/neovim/tool/lua-server/meta/Lua%205.4%20en-us%20utf8/coroutine.lua
[00:59:49.872][info] [#0:script/workspace/workspace.lua:353]: Scan library at:	file:///home/astor/neovim/tool/lua-server/meta/Lua%205.4%20en-us%20utf8/io.lua
[00:59:49.872][info] [#0:script/workspace/workspace.lua:353]: Scan library at:	file:///home/astor/neovim/tool/lua-server/meta/Lua%205.4%20en-us%20utf8/debug.lua
[00:59:49.872][info] [#0:script/workspace/workspace.lua:353]: Scan library at:	file:///home/astor/neovim/tool/lua-server/meta/Lua%205.4%20en-us%20utf8/os.lua
[00:59:49.873][info] [#0:script/workspace/workspace.lua:353]: Scan library at:	file:///home/astor/neovim/tool/lua-server/meta/Lua%205.4%20en-us%20utf8/table.lua
[00:59:49.873][info] [#0:script/workspace/workspace.lua:353]: Scan library at:	file:///home/astor/neovim/tool/lua-server/meta/Lua%205.4%20en-us%20utf8/string.lua
[00:59:49.873][info] [#0:script/workspace/workspace.lua:353]: Scan library at:	file:///home/astor/neovim/tool/lua-server/meta/Lua%205.4%20en-us%20utf8/builtin.lua
[00:59:49.873][info] [#0:script/workspace/workspace.lua:353]: Scan library at:	file:///home/astor/neovim/tool/lua-server/meta/Lua%205.4%20en-us%20utf8/package.lua
[00:59:49.873][info] [#0:script/workspace/workspace.lua:353]: Scan library at:	file:///home/astor/neovim/tool/lua-server/meta/Lua%205.4%20en-us%20utf8/utf8.lua
[00:59:49.874][info] [#0:script/workspace/workspace.lua:353]: Scan library at:	file:///home/astor/neovim/tool/lua-server/meta/Lua%205.4%20en-us%20utf8/math.lua
[00:59:49.975][info] [#0:script/workspace/workspace.lua:379]: Found 3787 files at:	file:///home/astor/neovim
[00:59:49.975][info] [#0:script/workspace/loading.lua:160]: Load files from disk:	file:///home/astor/neovim
[00:59:49.975][info] [#0:script/workspace/loading.lua:88]: Skip loaded file: file:///home/astor/neovim/tool/lua-server/meta/Lua%205.4%20en-us%20utf8/math.lua
[00:59:49.975][info] [#0:script/workspace/loading.lua:112]: ++++As library of:	file:///home/astor/neovim/tool/lua-server/meta/Lua%205.4%20en-us%20utf8/math.lua
[00:59:49.975][info] [#0:script/workspace/loading.lua:88]: Skip loaded file: file:///home/astor/neovim/tool/lua-server/meta/Lua%205.4%20en-us%20utf8/utf8.lua
[00:59:49.975][info] [#0:script/workspace/loading.lua:112]: ++++As library of:	file:///home/astor/neovim/tool/lua-server/meta/Lua%205.4%20en-us%20utf8/utf8.lua
[00:59:49.975][info] [#0:script/workspace/loading.lua:88]: Skip loaded file: file:///home/astor/neovim/tool/lua-server/meta/Lua%205.4%20en-us%20utf8/package.lua
[00:59:49.975][info] [#0:script/workspace/loading.lua:112]: ++++As library of:	file:///home/astor/neovim/tool/lua-server/meta/Lua%205.4%20en-us%20utf8/package.lua
[00:59:49.976][info] [#0:script/workspace/loading.lua:88]: Skip loaded file: file:///home/astor/neovim/tool/lua-server/meta/Lua%205.4%20en-us%20utf8/builtin.lua
[00:59:49.976][info] [#0:script/workspace/loading.lua:112]: ++++As library of:	file:///home/astor/neovim/tool/lua-server/meta/Lua%205.4%20en-us%20utf8/builtin.lua
[00:59:49.976][info] [#0:script/workspace/loading.lua:88]: Skip loaded file: file:///home/astor/neovim/tool/lua-server/meta/Lua%205.4%20en-us%20utf8/string.lua
[00:59:49.976][info] [#0:script/workspace/loading.lua:112]: ++++As library of:	file:///home/astor/neovim/tool/lua-server/meta/Lua%205.4%20en-us%20utf8/string.lua
[00:59:49.976][info] [#0:script/workspace/loading.lua:88]: Skip loaded file: file:///home/astor/neovim/tool/lua-server/meta/Lua%205.4%20en-us%20utf8/table.lua
[00:59:49.976][info] [#0:script/workspace/loading.lua:112]: ++++As library of:	file:///home/astor/neovim/tool/lua-server/meta/Lua%205.4%20en-us%20utf8/table.lua
[00:59:49.976][info] [#0:script/workspace/loading.lua:88]: Skip loaded file: file:///home/astor/neovim/tool/lua-server/meta/Lua%205.4%20en-us%20utf8/os.lua
[00:59:49.976][info] [#0:script/workspace/loading.lua:112]: ++++As library of:	file:///home/astor/neovim/tool/lua-server/meta/Lua%205.4%20en-us%20utf8/os.lua
[00:59:49.976][info] [#0:script/workspace/loading.lua:88]: Skip loaded file: file:///home/astor/neovim/tool/lua-server/meta/Lua%205.4%20en-us%20utf8/debug.lua
[00:59:49.976][info] [#0:script/workspace/loading.lua:112]: ++++As library of:	file:///home/astor/neovim/tool/lua-server/meta/Lua%205.4%20en-us%20utf8/debug.lua
[00:59:49.976][info] [#0:script/workspace/loading.lua:88]: Skip loaded file: file:///home/astor/neovim/tool/lua-server/meta/Lua%205.4%20en-us%20utf8/io.lua
[00:59:49.976][info] [#0:script/workspace/loading.lua:112]: ++++As library of:	file:///home/astor/neovim/tool/lua-server/meta/Lua%205.4%20en-us%20utf8/io.lua
[00:59:49.976][info] [#0:script/workspace/loading.lua:88]: Skip loaded file: file:///home/astor/neovim/tool/lua-server/meta/Lua%205.4%20en-us%20utf8/coroutine.lua
[00:59:49.977][info] [#0:script/workspace/loading.lua:112]: ++++As library of:	file:///home/astor/neovim/tool/lua-server/meta/Lua%205.4%20en-us%20utf8/coroutine.lua
[00:59:49.977][info] [#0:script/workspace/loading.lua:88]: Skip loaded file: file:///home/astor/neovim/tool/lua-server/meta/Lua%205.4%20en-us%20utf8/basic.lua
[00:59:49.977][info] [#0:script/workspace/loading.lua:112]: ++++As library of:	file:///home/astor/neovim/tool/lua-server/meta/Lua%205.4%20en-us%20utf8/basic.lua
[00:59:49.977][info] [#0:script/workspace/loading.lua:100]: Preload file at: file:///home/astor/neovim/tool/lua-server/script/file-uri.lua , size = 2.697 KB
[00:59:49.980][info] [#0:script/workspace/loading.lua:100]: Preload file at: file:///home/astor/neovim/tool/lua-server/script/lclient.lua , size = 6.215 KB
[00:59:49.986][info] [#0:script/workspace/loading.lua:100]: Preload file at: file:///home/astor/neovim/tool/lua-server/script/cli/check_worker.lua , size = 5.140 KB
[00:59:49.991][info] [#0:script/workspace/loading.lua:100]: Preload file at: file:///home/astor/neovim/tool/lua-server/script/cli/doc/init.lua , size = 7.765 KB
[00:59:50.006][info] [#0:script/workspace/loading.lua:100]: Preload file at: file:///home/astor/neovim/tool/lua-server/script/cli/doc/export.lua , size = 12.145 KB
[00:59:50.015][info] [#0:script/workspace/loading.lua:100]: Preload file at: file:///home/astor/neovim/tool/lua-server/script/cli/visualize.lua , size = 2.457 KB
[00:59:50.018][info] [#0:script/workspace/loading.lua:100]: Preload file at: file:///home/astor/neovim/tool/lua-server/script/cli/init.lua , size = 0.476 KB
[00:59:50.019][info] [#0:script/workspace/loading.lua:100]: Preload file at: file:///home/astor/neovim/tool/lua-server/script/cli/version.lua , size = 0.061 KB
[00:59:50.020][info] [#0:script/workspace/loading.lua:100]: Preload file at: file:///home/astor/neovim/tool/lua-server/script/lazy-cacher.lua , size = 4.464 KB
[00:59:50.025][info] [#0:script/workspace/loading.lua:100]: Preload file at: file:///home/astor/neovim/tool/lua-server/script/cli/check.lua , size = 2.791 KB
[00:59:50.069][info] [#0:script/workspace/loading.lua:100]: Preload file at: file:///home/astor/neovim/tool/lua-server/script/linked-table.lua , size = 4.326 KB
[00:59:50.074][info] [#0:script/workspace/loading.lua:100]: Preload file at: file:///home/astor/neovim/tool/lua-server/script/client.lua , size = 18.508 KB
[00:59:50.090][info] [#0:script/workspace/loading.lua:100]: Preload file at: file:///home/astor/neovim/tool/lua-server/script/meta/bee/filewatch.lua , size = 0.509 KB
[00:59:50.091][info] [#0:script/workspace/loading.lua:100]: Preload file at: file:///home/astor/neovim/tool/lua-server/script/meta/bee/socket.lua , size = 1.332 KB
[00:59:50.093][info] [#0:script/workspace/loading.lua:100]: Preload file at: file:///home/astor/neovim/tool/lua-server/script/meta/bee/thread.lua , size = 0.598 KB
[00:59:50.094][info] [#0:script/workspace/loading.lua:100]: Preload file at: file:///home/astor/neovim/tool/lua-server/script/meta/bee/filesystem.lua , size = 1.815 KB
[00:59:50.097][info] [#0:script/workspace/loading.lua:100]: Preload file at: file:///home/astor/neovim/tool/lua-server/script/log.lua , size = 3.695 KB
[00:59:50.101][info] [#0:script/workspace/loading.lua:100]: Preload file at: file:///home/astor/neovim/tool/lua-server/script/files.lua , size = 24.216 KB
[00:59:50.121][info] [#0:script/workspace/loading.lua:100]: Preload file at: file:///home/astor/neovim/tool/lua-server/script/SDBMHash.lua , size = 1.206 KB
[00:59:50.123][info] [#0:script/workspace/loading.lua:100]: Preload file at: file:///home/astor/neovim/tool/lua-server/script/text-merger.lua , size = 3.001 KB
[00:59:50.126][info] [#0:script/workspace/loading.lua:100]: Preload file at: file:///home/astor/neovim/tool/lua-server/script/inspect.lua , size = 8.271 KB
[00:59:50.133][info] [#0:script/workspace/loading.lua:100]: Preload file at: file:///home/astor/neovim/tool/lua-server/script/timer.lua , size = 5.013 KB
[00:59:50.138][info] [#0:script/workspace/loading.lua:100]: Preload file at: file:///home/astor/neovim/tool/lua-server/script/jsonrpc.lua , size = 1.716 KB
[00:59:50.139][info] [#0:script/workspace/loading.lua:100]: Preload file at: file:///home/astor/neovim/tool/lua-server/script/language.lua , size = 3.602 KB
[00:59:50.143][info] [#0:script/workspace/loading.lua:100]: Preload file at: file:///home/astor/neovim/tool/lua-server/script/brave/work.lua , size = 3.081 KB
[00:59:50.146][info] [#0:script/workspace/loading.lua:100]: Preload file at: file:///home/astor/neovim/tool/lua-server/script/brave/log.lua , size = 1.054 KB
[00:59:50.147][info] [#0:script/workspace/loading.lua:100]: Preload file at: file:///home/astor/neovim/tool/lua-server/script/brave/brave.lua , size = 1.533 KB
[00:59:50.149][info] [#0:script/workspace/loading.lua:100]: Preload file at: file:///home/astor/neovim/tool/lua-server/script/brave/init.lua , size = 0.069 KB
[00:59:50.149][info] [#0:script/workspace/loading.lua:100]: Preload file at: file:///home/astor/neovim/tool/lua-server/script/json.lua , size = 14.861 KB
[00:59:50.160][info] [#0:script/workspace/loading.lua:100]: Preload file at: file:///home/astor/neovim/tool/lua-server/script/progress.lua , size = 4.025 KB
[00:59:50.164][info] [#0:script/workspace/loading.lua:100]: Preload file at: file:///home/astor/neovim/tool/lua-server/script/await.lua , size = 5.906 KB
[00:59:50.170][info] [#0:script/workspace/loading.lua:100]: Preload file at: file:///home/astor/neovim/tool/lua-server/script/service/net.lua , size = 6.350 KB
[00:59:50.175][info] [#0:script/workspace/loading.lua:100]: Preload file at: file:///home/astor/neovim/tool/lua-server/script/service/service.lua , size = 7.820 KB
[00:59:50.182][info] [#0:script/workspace/loading.lua:100]: Preload file at: file:///home/astor/neovim/tool/lua-server/script/service/init.lua , size = 0.057 KB
[00:59:50.182][info] [#0:script/workspace/loading.lua:100]: Preload file at: file:///home/astor/neovim/tool/lua-server/script/tracy.lua , size = 0.655 KB
[00:59:50.183][info] [#0:script/workspace/loading.lua:100]: Preload file at: file:///home/astor/neovim/tool/lua-server/script/plugins/astHelper.lua , size = 2.646 KB
[00:59:50.186][info] [#0:script/workspace/loading.lua:100]: Preload file at: file:///home/astor/neovim/tool/lua-server/script/plugins/nodeHelper.lua , size = 1.880 KB
[00:59:50.188][info] [#0:script/workspace/loading.lua:100]: Preload file at: file:///home/astor/neovim/tool/lua-server/script/plugins/ffi/cdefRerence.lua , size = 1.023 KB
[00:59:50.189][info] [#0:script/workspace/loading.lua:100]: Preload file at: file:///home/astor/neovim/tool/lua-server/script/plugins/ffi/searchCode.lua , size = 1.740 KB
[00:59:50.191][info] [#0:script/workspace/loading.lua:100]: Preload file at: file:///home/astor/neovim/tool/lua-server/script/plugins/ffi/c-parser/cpp.lua , size = 27.731 KB
[00:59:50.209][info] [#0:script/workspace/loading.lua:100]: Preload file at: file:///home/astor/neovim/tool/lua-server/script/plugins/ffi/c-parser/ctypes.lua , size = 16.584 KB
[00:59:50.224][info] [#0:script/workspace/loading.lua:100]: Preload file at: file:///home/astor/neovim/tool/lua-server/script/plugins/ffi/c-parser/util.lua , size = 0.475 KB
[00:59:50.224][info] [#0:script/workspace/loading.lua:100]: Preload file at: file:///home/astor/neovim/tool/lua-server/script/plugins/ffi/c-parser/cdriver.lua , size = 1.504 KB
[00:59:50.226][info] [#0:script/workspace/loading.lua:100]: Preload file at: file:///home/astor/neovim/tool/lua-server/script/plugins/ffi/c-parser/typed.lua , size = 4.115 KB
[00:59:50.231][info] [#0:script/workspace/loading.lua:100]: Preload file at: file:///home/astor/neovim/tool/lua-server/script/plugins/ffi/c-parser/c99.lua , size = 25.434 KB
[00:59:50.237][info] [#0:script/workspace/loading.lua:100]: Preload file at: file:///home/astor/neovim/tool/lua-server/script/plugins/ffi/c-parser/cdefines.lua , size = 4.068 KB
[00:59:50.240][info] [#0:script/workspace/loading.lua:100]: Preload file at: file:///home/astor/neovim/tool/lua-server/script/plugins/ffi/init.lua , size = 10.152 KB
[00:59:50.249][info] [#0:script/workspace/loading.lua:100]: Preload file at: file:///home/astor/neovim/tool/lua-server/script/plugins/init.lua , size = 0.021 KB
[00:59:50.249][info] [#0:script/workspace/loading.lua:100]: Preload file at: file:///home/astor/neovim/tool/lua-server/script/filewatch.lua , size = 3.133 KB
[00:59:50.253][info] [#0:script/workspace/loading.lua:100]: Preload file at: file:///home/astor/neovim/tool/lua-server/script/config/config.lua , size = 6.676 KB
[00:59:50.259][info] [#0:script/workspace/loading.lua:100]: Preload file at: file:///home/astor/neovim/tool/lua-server/script/config/loader.lua , size = 3.535 KB
[00:59:50.262][info] [#0:script/workspace/loading.lua:100]: Preload file at: file:///home/astor/neovim/tool/lua-server/script/config/template.lua , size = 19.911 KB
[00:59:50.270][info] [#0:script/workspace/loading.lua:100]: Preload file at: file:///home/astor/neovim/tool/lua-server/script/config/env.lua , size = 1.405 KB
[00:59:50.271][info] [#0:script/workspace/loading.lua:100]: Preload file at: file:///home/astor/neovim/tool/lua-server/script/config/init.lua , size = 0.053 KB
[00:59:50.272][info] [#0:script/workspace/loading.lua:100]: Preload file at: file:///home/astor/neovim/tool/lua-server/script/fs-utility.lua , size = 16.334 KB
[00:59:50.286][info] [#0:script/workspace/loading.lua:100]: Preload file at: file:///home/astor/neovim/tool/lua-server/script/locale-loader.lua , size = 0.593 KB
[00:59:50.287][info] [#0:script/workspace/loading.lua:100]: Preload file at: file:///home/astor/neovim/tool/lua-server/script/proto/diagnostic.lua , size = 6.019 KB
[00:59:50.291][info] [#0:script/workspace/loading.lua:100]: Preload file at: file:///home/astor/neovim/tool/lua-server/script/proto/proto.lua , size = 7.406 KB
[00:59:50.297][info] [#0:script/workspace/loading.lua:100]: Preload file at: file:///home/astor/neovim/tool/lua-server/script/proto/define.lua , size = 4.137 KB
[00:59:50.299][info] [#0:script/workspace/loading.lua:100]: Preload file at: file:///home/astor/neovim/tool/lua-server/script/proto/converter.lua , size = 6.004 KB
[00:59:50.305][info] [#0:script/workspace/loading.lua:100]: Preload file at: file:///home/astor/neovim/tool/lua-server/script/proto/init.lua , size = 0.051 KB
[00:59:50.305][info] [#0:script/workspace/loading.lua:100]: Preload file at: file:///home/astor/neovim/tool/lua-server/script/glob/glob.lua , size = 3.361 KB
[00:59:50.309][info] [#0:script/workspace/loading.lua:100]: Preload file at: file:///home/astor/neovim/tool/lua-server/script/glob/matcher.lua , size = 3.496 KB
[00:59:50.312][info] [#0:script/workspace/loading.lua:100]: Preload file at: file:///home/astor/neovim/tool/lua-server/script/glob/gitignore.lua , size = 6.645 KB
[00:59:50.378][info] [#0:script/workspace/loading.lua:100]: Preload file at: file:///home/astor/neovim/tool/lua-server/script/glob/init.lua , size = 0.083 KB
[00:59:50.379][info] [#0:script/workspace/loading.lua:100]: Preload file at: file:///home/astor/neovim/tool/lua-server/script/string-merger.lua , size = 4.062 KB
[00:59:50.382][info] [#0:script/workspace/loading.lua:100]: Preload file at: file:///home/astor/neovim/tool/lua-server/script/doctor.lua , size = 17.165 KB
[00:59:50.394][info] [#0:script/workspace/loading.lua:100]: Preload file at: file:///home/astor/neovim/tool/lua-server/script/library.lua , size = 20.034 KB
[00:59:50.408][info] [#0:script/workspace/loading.lua:100]: Preload file at: file:///home/astor/neovim/tool/lua-server/script/encoder/ansi.lua , size = 0.365 KB
[00:59:50.409][info] [#0:script/workspace/loading.lua:100]: Preload file at: file:///home/astor/neovim/tool/lua-server/script/encoder/utf16.lua , size = 4.196 KB
[00:59:50.413][info] [#0:script/workspace/loading.lua:100]: Preload file at: file:///home/astor/neovim/tool/lua-server/script/encoder/init.lua , size = 3.137 KB
[00:59:50.416][info] [#0:script/workspace/loading.lua:100]: Preload file at: file:///home/astor/neovim/tool/lua-server/script/json-beautify.lua , size = 4.594 KB
[00:59:50.419][info] [#0:script/workspace/loading.lua:100]: Preload file at: file:///home/astor/neovim/tool/lua-server/script/gc.lua , size = 2.936 KB
[00:59:50.422][info] [#0:script/workspace/loading.lua:100]: Preload file at: file:///home/astor/neovim/tool/lua-server/script/parser/tokens.lua , size = 1.255 KB
[00:59:50.423][info] [#0:script/workspace/loading.lua:100]: Preload file at: file:///home/astor/neovim/tool/lua-server/script/parser/compile.lua , size = 110.181 KB
[00:59:50.503][info] [#0:script/workspace/loading.lua:100]: Preload file at: file:///home/astor/neovim/tool/lua-server/script/parser/guide.lua , size = 35.141 KB
[00:59:50.526][info] [#0:script/workspace/loading.lua:100]: Preload file at: file:///home/astor/neovim/tool/lua-server/script/parser/luadoc.lua , size = 63.496 KB
[00:59:50.564][info] [#0:script/workspace/loading.lua:100]: Preload file at: file:///home/astor/neovim/tool/lua-server/script/parser/relabel.lua , size = 9.647 KB
[00:59:50.573][info] [#0:script/workspace/loading.lua:100]: Preload file at: file:///home/astor/neovim/tool/lua-server/script/parser/init.lua , size = 0.197 KB
[00:59:50.574][info] [#0:script/workspace/loading.lua:100]: Preload file at: file:///home/astor/neovim/tool/lua-server/script/parser/lines.lua , size = 0.516 KB
[00:59:50.575][info] [#0:script/workspace/loading.lua:100]: Preload file at: file:///home/astor/neovim/tool/lua-server/script/vm/field.lua , size = 1.460 KB
[00:59:50.576][info] [#0:script/workspace/loading.lua:100]: Preload file at: file:///home/astor/neovim/tool/lua-server/script/vm/function.lua , size = 14.858 KB
[00:59:50.588][info] [#0:script/workspace/loading.lua:100]: Preload file at: file:///home/astor/neovim/tool/lua-server/script/vm/type.lua , size = 28.117 KB
[00:59:50.607][info] [#0:script/workspace/loading.lua:100]: Preload file at: file:///home/astor/neovim/tool/lua-server/script/vm/def.lua , size = 3.571 KB
[00:59:50.609][info] [#0:script/workspace/loading.lua:100]: Preload file at: file:///home/astor/neovim/tool/lua-server/script/vm/sign.lua , size = 11.410 KB
[00:59:50.617][info] [#0:script/workspace/loading.lua:100]: Preload file at: file:///home/astor/neovim/tool/lua-server/script/vm/infer.lua , size = 16.300 KB
[00:59:50.631][info] [#0:script/workspace/loading.lua:100]: Preload file at: file:///home/astor/neovim/tool/lua-server/script/vm/value.lua , size = 5.620 KB
[00:59:50.636][info] [#0:script/workspace/loading.lua:100]: Preload file at: file:///home/astor/neovim/tool/lua-server/script/vm/precompile.lua , size = 0.471 KB
[00:59:50.637][info] [#0:script/workspace/loading.lua:100]: Preload file at: file:///home/astor/neovim/tool/lua-server/script/vm/vm.lua , size = 2.757 KB
[00:59:50.640][info] [#0:script/workspace/loading.lua:100]: Preload file at: file:///home/astor/neovim/tool/lua-server/script/vm/generic.lua , size = 4.867 KB
[00:59:50.644][info] [#0:script/workspace/loading.lua:100]: Preload file at: file:///home/astor/neovim/tool/lua-server/script/vm/global.lua , size = 19.343 KB
[00:59:50.659][info] [#0:script/workspace/loading.lua:100]: Preload file at: file:///home/astor/neovim/tool/lua-server/script/vm/library.lua , size = 0.307 KB
[00:59:50.660][info] [#0:script/workspace/loading.lua:100]: Preload file at: file:///home/astor/neovim/tool/lua-server/script/vm/variable.lua , size = 10.557 KB
[00:59:50.669][info] [#0:script/workspace/loading.lua:100]: Preload file at: file:///home/astor/neovim/tool/lua-server/script/vm/compiler.lua , size = 73.465 KB
[00:59:50.714][info] [#0:script/workspace/loading.lua:100]: Preload file at: file:///home/astor/neovim/tool/lua-server/script/vm/visible.lua , size = 5.727 KB
[00:59:50.719][info] [#0:script/workspace/loading.lua:100]: Preload file at: file:///home/astor/neovim/tool/lua-server/script/vm/doc.lua , size = 12.283 KB
[00:59:50.728][info] [#0:script/workspace/loading.lua:100]: Preload file at: file:///home/astor/neovim/tool/lua-server/script/vm/ref.lua , size = 8.909 KB
[00:59:50.735][info] [#0:script/workspace/loading.lua:100]: Preload file at: file:///home/astor/neovim/tool/lua-server/script/vm/operator.lua , size = 13.934 KB
[00:59:50.745][info] [#0:script/workspace/loading.lua:100]: Preload file at: file:///home/astor/neovim/tool/lua-server/script/vm/tracer.lua , size = 29.744 KB
[00:59:50.830][info] [#0:script/workspace/loading.lua:100]: Preload file at: file:///home/astor/neovim/tool/lua-server/script/vm/init.lua , size = 0.453 KB
[00:59:50.831][info] [#0:script/workspace/loading.lua:100]: Preload file at: file:///home/astor/neovim/tool/lua-server/script/vm/node.lua , size = 12.661 KB
[00:59:50.843][info] [#0:script/workspace/loading.lua:100]: Preload file at: file:///home/astor/neovim/tool/lua-server/script/json-edit.lua , size = 20.130 KB
[00:59:50.859][info] [#0:script/workspace/loading.lua:100]: Preload file at: file:///home/astor/neovim/tool/lua-server/script/without-check-nil.lua , size = 2.761 KB
[00:59:50.866][info] [#0:script/workspace/loading.lua:100]: Preload file at: file:///home/astor/neovim/tool/lua-server/script/core/reference.lua , size = 4.148 KB
[00:59:50.869][info] [#0:script/workspace/loading.lua:100]: Preload file at: file:///home/astor/neovim/tool/lua-server/script/core/code-action.lua , size = 22.439 KB
[00:59:50.881][info] [#0:script/workspace/loading.lua:100]: Preload file at: file:///home/astor/neovim/tool/lua-server/script/core/look-backward.lua , size = 2.277 KB
[00:59:50.883][info] [#0:script/workspace/loading.lua:100]: Preload file at: file:///home/astor/neovim/tool/lua-server/script/core/command/autoRequire.lua , size = 4.282 KB
[00:59:50.886][info] [#0:script/workspace/loading.lua:100]: Preload file at: file:///home/astor/neovim/tool/lua-server/script/core/rename.lua , size = 13.200 KB
[00:59:50.894][info] [#0:script/workspace/loading.lua:100]: Preload file at: file:///home/astor/neovim/tool/lua-server/script/core/command/reloadFFIMeta.lua , size = 1.424 KB
[00:59:50.896][info] [#0:script/workspace/loading.lua:100]: Preload file at: file:///home/astor/neovim/tool/lua-server/script/core/command/jsonToLua.lua , size = 1.732 KB
[00:59:50.897][info] [#0:script/workspace/loading.lua:100]: Preload file at: file:///home/astor/neovim/tool/lua-server/script/core/command/removeSpace.lua , size = 1.711 KB
[00:59:50.899][info] [#0:script/workspace/loading.lua:100]: Preload file at: file:///home/astor/neovim/tool/lua-server/script/core/command/getConfig.lua , size = 0.281 KB
[00:59:50.899][info] [#0:script/workspace/loading.lua:100]: Preload file at: file:///home/astor/neovim/tool/lua-server/script/core/command/solve.lua , size = 2.582 KB
[00:59:50.901][info] [#0:script/workspace/loading.lua:100]: Preload file at: file:///home/astor/neovim/tool/lua-server/script/core/command/exportDocument.lua , size = 0.528 KB
[00:59:50.902][info] [#0:script/workspace/loading.lua:100]: Preload file at: file:///home/astor/neovim/tool/lua-server/script/core/command/setConfig.lua , size = 0.229 KB
[00:59:50.902][info] [#0:script/workspace/loading.lua:100]: Preload file at: file:///home/astor/neovim/tool/lua-server/script/core/workspace-symbol.lua , size = 4.524 KB
[00:59:50.906][info] [#0:script/workspace/loading.lua:100]: Preload file at: file:///home/astor/neovim/tool/lua-server/script/core/signature.lua , size = 6.680 KB
[00:59:50.911][info] [#0:script/workspace/loading.lua:100]: Preload file at: file:///home/astor/neovim/tool/lua-server/script/core/document-symbol.lua , size = 13.650 KB
[00:59:50.920][info] [#0:script/workspace/loading.lua:100]: Preload file at: file:///home/astor/neovim/tool/lua-server/script/core/modifyRequirePath.lua , size = 2.059 KB
[00:59:50.922][info] [#0:script/workspace/loading.lua:100]: Preload file at: file:///home/astor/neovim/tool/lua-server/script/core/fix-indent.lua , size = 4.936 KB
[00:59:50.925][info] [#0:script/workspace/loading.lua:100]: Preload file at: file:///home/astor/neovim/tool/lua-server/script/core/formatting.lua , size = 0.671 KB
[00:59:50.926][info] [#0:script/workspace/loading.lua:100]: Preload file at: file:///home/astor/neovim/tool/lua-server/script/core/hover/args.lua , size = 2.157 KB
[00:59:50.927][info] [#0:script/workspace/loading.lua:100]: Preload file at: file:///home/astor/neovim/tool/lua-server/script/core/rangeformatting.lua , size = 0.877 KB
[00:59:50.928][info] [#0:script/workspace/loading.lua:100]: Preload file at: file:///home/astor/neovim/tool/lua-server/script/core/hover/table.lua , size = 5.967 KB
[00:59:50.933][info] [#0:script/workspace/loading.lua:100]: Preload file at: file:///home/astor/neovim/tool/lua-server/script/core/hover/label.lua , size = 6.287 KB
[00:59:50.938][info] [#0:script/workspace/loading.lua:100]: Preload file at: file:///home/astor/neovim/tool/lua-server/script/core/hover/name.lua , size = 2.603 KB
[00:59:50.940][info] [#0:script/workspace/loading.lua:100]: Preload file at: file:///home/astor/neovim/tool/lua-server/script/core/hover/description.lua , size = 15.837 KB
[00:59:50.950][info] [#0:script/workspace/loading.lua:100]: Preload file at: file:///home/astor/neovim/tool/lua-server/script/core/hover/init.lua , size = 4.313 KB
[00:59:50.953][info] [#0:script/workspace/loading.lua:100]: Preload file at: file:///home/astor/neovim/tool/lua-server/script/core/hover/return.lua , size = 2.159 KB
[00:59:50.955][info] [#0:script/workspace/loading.lua:100]: Preload file at: file:///home/astor/neovim/tool/lua-server/script/core/code-lens.lua , size = 3.799 KB
[00:59:50.958][info] [#0:script/workspace/loading.lua:100]: Preload file at: file:///home/astor/neovim/tool/lua-server/script/core/color.lua , size = 1.835 KB
[00:59:50.961][info] [#0:script/workspace/loading.lua:100]: Preload file at: file:///home/astor/neovim/tool/lua-server/script/core/semantic-tokens.lua , size = 30.430 KB
[00:59:50.977][info] [#0:script/workspace/loading.lua:100]: Preload file at: file:///home/astor/neovim/tool/lua-server/script/core/completion/keyword.lua , size = 12.557 KB
[00:59:50.983][info] [#0:script/workspace/loading.lua:100]: Preload file at: file:///home/astor/neovim/tool/lua-server/script/core/completion/auto-require.lua , size = 5.439 KB
[00:59:50.987][info] [#0:script/workspace/loading.lua:100]: Preload file at: file:///home/astor/neovim/tool/lua-server/script/core/completion/postfix.lua , size = 12.840 KB
[00:59:50.995][info] [#0:script/workspace/loading.lua:100]: Preload file at: file:///home/astor/neovim/tool/lua-server/script/core/completion/completion.lua , size = 76.983 KB
[00:59:51.048][info] [#0:script/workspace/loading.lua:100]: Preload file at: file:///home/astor/neovim/tool/lua-server/script/core/completion/init.lua , size = 0.043 KB
[00:59:51.049][info] [#0:script/workspace/loading.lua:100]: Preload file at: file:///home/astor/neovim/tool/lua-server/script/core/folding.lua , size = 5.489 KB
[00:59:51.053][info] [#0:script/workspace/loading.lua:100]: Preload file at: file:///home/astor/neovim/tool/lua-server/script/core/highlight.lua , size = 11.434 KB
[00:59:51.060][info] [#0:script/workspace/loading.lua:100]: Preload file at: file:///home/astor/neovim/tool/lua-server/script/core/matchkey.lua , size = 1.943 KB
[00:59:51.062][info] [#0:script/workspace/loading.lua:100]: Preload file at: file:///home/astor/neovim/tool/lua-server/script/core/find-source.lua , size = 0.854 KB
[00:59:51.063][info] [#0:script/workspace/loading.lua:100]: Preload file at: file:///home/astor/neovim/tool/lua-server/script/core/diagnostics/cast-type-mismatch.lua , size = 1.638 KB
[00:59:51.064][info] [#0:script/workspace/loading.lua:100]: Preload file at: file:///home/astor/neovim/tool/lua-server/script/core/diagnostics/no-unknown.lua , size = 0.774 KB
[00:59:51.065][info] [#0:script/workspace/loading.lua:100]: Preload file at: file:///home/astor/neovim/tool/lua-server/script/core/diagnostics/unknown-operator.lua , size = 0.873 KB
[00:59:51.066][info] [#0:script/workspace/loading.lua:100]: Preload file at: file:///home/astor/neovim/tool/lua-server/script/core/diagnostics/duplicate-index.lua , size = 2.159 KB
[00:59:51.068][info] [#0:script/workspace/loading.lua:100]: Preload file at: file:///home/astor/neovim/tool/lua-server/script/core/diagnostics/unused-vararg.lua , size = 0.982 KB
[00:59:51.070][info] [#0:script/workspace/loading.lua:100]: Preload file at: file:///home/astor/neovim/tool/lua-server/script/core/diagnostics/duplicate-set-field.lua , size = 2.490 KB
[00:59:51.072][info] [#0:script/workspace/loading.lua:100]: Preload file at: file:///home/astor/neovim/tool/lua-server/script/core/diagnostics/codestyle-check.lua , size = 1.024 KB
[00:59:51.073][info] [#0:script/workspace/loading.lua:100]: Preload file at: file:///home/astor/neovim/tool/lua-server/script/core/diagnostics/missing-return.lua , size = 1.897 KB
[00:59:51.075][info] [#0:script/workspace/loading.lua:100]: Preload file at: file:///home/astor/neovim/tool/lua-server/script/core/diagnostics/missing-fields.lua , size = 3.243 KB
[00:59:51.077][info] [#0:script/workspace/loading.lua:100]: Preload file at: file:///home/astor/neovim/tool/lua-server/script/core/diagnostics/duplicate-doc-alias.lua , size = 1.728 KB
[00:59:51.079][info] [#0:script/workspace/loading.lua:100]: Preload file at: file:///home/astor/neovim/tool/lua-server/script/core/diagnostics/undefined-doc-param.lua , size = 0.568 KB
[00:59:51.079][info] [#0:script/workspace/loading.lua:100]: Preload file at: file:///home/astor/neovim/tool/lua-server/script/core/diagnostics/newline-call.lua , size = 1.483 KB
[00:59:51.081][info] [#0:script/workspace/loading.lua:100]: Preload file at: file:///home/astor/neovim/tool/lua-server/script/core/diagnostics/ambiguity-1.lua , size = 2.264 KB
[00:59:51.083][info] [#0:script/workspace/loading.lua:100]: Preload file at: file:///home/astor/neovim/tool/lua-server/script/core/diagnostics/incomplete-signature-doc.lua , size = 2.874 KB
[00:59:51.085][info] [#0:script/workspace/loading.lua:100]: Preload file at: file:///home/astor/neovim/tool/lua-server/script/core/diagnostics/different-requires.lua , size = 1.607 KB
[00:59:51.086][info] [#0:script/workspace/loading.lua:100]: Preload file at: file:///home/astor/neovim/tool/lua-server/script/core/diagnostics/undefined-global.lua , size = 1.020 KB
[00:59:51.087][info] [#0:script/workspace/loading.lua:100]: Preload file at: file:///home/astor/neovim/tool/lua-server/script/core/diagnostics/param-type-mismatch.lua , size = 3.476 KB
[00:59:51.090][info] [#0:script/workspace/loading.lua:100]: Preload file at: file:///home/astor/neovim/tool/lua-server/script/core/diagnostics/not-yieldable.lua , size = 1.795 KB
[00:59:51.092][info] [#0:script/workspace/loading.lua:100]: Preload file at: file:///home/astor/neovim/tool/lua-server/script/core/diagnostics/unknown-cast-variable.lua , size = 0.782 KB
[00:59:51.093][info] [#0:script/workspace/loading.lua:100]: Preload file at: file:///home/astor/neovim/tool/lua-server/script/core/diagnostics/unused-local.lua , size = 3.213 KB
[00:59:51.096][info] [#0:script/workspace/loading.lua:100]: Preload file at: file:///home/astor/neovim/tool/lua-server/script/core/diagnostics/unbalanced-assignments.lua , size = 1.097 KB
[00:59:51.097][info] [#0:script/workspace/loading.lua:100]: Preload file at: file:///home/astor/neovim/tool/lua-server/script/core/diagnostics/empty-block.lua , size = 1.475 KB
[00:59:51.099][info] [#0:script/workspace/loading.lua:100]: Preload file at: file:///home/astor/neovim/tool/lua-server/script/core/diagnostics/name-style-check.lua , size = 0.929 KB
[00:59:51.100][info] [#0:script/workspace/loading.lua:100]: Preload file at: file:///home/astor/neovim/tool/lua-server/script/core/diagnostics/redundant-return-value.lua , size = 1.874 KB
[00:59:51.101][info] [#0:script/workspace/loading.lua:100]: Preload file at: file:///home/astor/neovim/tool/lua-server/script/core/diagnostics/unreachable-code.lua , size = 2.241 KB
[00:59:51.104][info] [#0:script/workspace/loading.lua:100]: Preload file at: file:///home/astor/neovim/tool/lua-server/script/core/diagnostics/trailing-space.lua , size = 1.693 KB
[00:59:51.105][info] [#0:script/workspace/loading.lua:100]: Preload file at: file:///home/astor/neovim/tool/lua-server/script/core/diagnostics/redefined-local.lua , size = 0.971 KB
[00:59:51.106][info] [#0:script/workspace/loading.lua:100]: Preload file at: file:///home/astor/neovim/tool/lua-server/script/core/diagnostics/lowercase-global.lua , size = 2.237 KB
[00:59:51.108][info] [#0:script/workspace/loading.lua:100]: Preload file at: file:///home/astor/neovim/tool/lua-server/script/core/diagnostics/missing-return-value.lua , size = 1.529 KB
[00:59:51.109][info] [#0:script/workspace/loading.lua:100]: Preload file at: file:///home/astor/neovim/tool/lua-server/script/core/diagnostics/close-non-object.lua , size = 1.137 KB
[00:59:51.111][info] [#0:script/workspace/loading.lua:100]: Preload file at: file:///home/astor/neovim/tool/lua-server/script/core/diagnostics/undefined-env-child.lua , size = 1.048 KB
[00:59:51.112][info] [#0:script/workspace/loading.lua:100]: Preload file at: file:///home/astor/neovim/tool/lua-server/script/core/diagnostics/missing-local-export-doc.lua , size = 1.418 KB
[00:59:51.113][info] [#0:script/workspace/loading.lua:100]: Preload file at: file:///home/astor/neovim/tool/lua-server/script/core/diagnostics/assign-type-mismatch.lua , size = 3.090 KB
[00:59:51.116][info] [#0:script/workspace/loading.lua:100]: Preload file at: file:///home/astor/neovim/tool/lua-server/script/core/diagnostics/return-type-mismatch.lua , size = 2.843 KB
[00:59:51.118][info] [#0:script/workspace/loading.lua:100]: Preload file at: file:///home/astor/neovim/tool/lua-server/script/core/diagnostics/undefined-field.lua , size = 2.518 KB
[00:59:51.120][info] [#0:script/workspace/loading.lua:100]: Preload file at: file:///home/astor/neovim/tool/lua-server/script/core/diagnostics/undefined-doc-name.lua , size = 0.930 KB
[00:59:51.122][info] [#0:script/workspace/loading.lua:100]: Preload file at: file:///home/astor/neovim/tool/lua-server/script/core/diagnostics/unused-function.lua , size = 3.269 KB
[00:59:51.124][info] [#0:script/workspace/loading.lua:100]: Preload file at: file:///home/astor/neovim/tool/lua-server/script/core/diagnostics/unused-label.lua , size = 0.609 KB
[00:59:51.125][info] [#0:script/workspace/loading.lua:100]: Preload file at: file:///home/astor/neovim/tool/lua-server/script/core/diagnostics/invisible.lua , size = 2.340 KB
[00:59:51.127][info] [#0:script/workspace/loading.lua:100]: Preload file at: file:///home/astor/neovim/tool/lua-server/script/core/diagnostics/inject-field.lua , size = 4.168 KB
[00:59:51.130][info] [#0:script/workspace/loading.lua:100]: Preload file at: file:///home/astor/neovim/tool/lua-server/script/core/diagnostics/duplicate-doc-param.lua , size = 0.947 KB
[00:59:51.131][info] [#0:script/workspace/loading.lua:100]: Preload file at: file:///home/astor/neovim/tool/lua-server/script/core/diagnostics/helper/missing-doc-helper.lua , size = 2.113 KB
[00:59:51.133][info] [#0:script/workspace/loading.lua:100]: Preload file at: file:///home/astor/neovim/tool/lua-server/script/core/diagnostics/missing-global-doc.lua , size = 0.680 KB
[00:59:51.133][info] [#0:script/workspace/loading.lua:100]: Preload file at: file:///home/astor/neovim/tool/lua-server/script/core/diagnostics/redundant-value.lua , size = 0.749 KB
[00:59:51.135][info] [#0:script/workspace/loading.lua:100]: Preload file at: file:///home/astor/neovim/tool/lua-server/script/core/diagnostics/deprecated.lua , size = 2.369 KB
[00:59:51.137][info] [#0:script/workspace/loading.lua:100]: Preload file at: file:///home/astor/neovim/tool/lua-server/script/core/diagnostics/global-element.lua , size = 2.166 KB
[00:59:51.139][info] [#0:script/workspace/loading.lua:100]: Preload file at: file:///home/astor/neovim/tool/lua-server/script/core/diagnostics/duplicate-doc-field.lua , size = 2.975 KB
[00:59:51.141][info] [#0:script/workspace/loading.lua:100]: Preload file at: file:///home/astor/neovim/tool/lua-server/script/core/diagnostics/global-in-nil-env.lua , size = 1.027 KB
[00:59:51.142][info] [#0:script/workspace/loading.lua:100]: Preload file at: file:///home/astor/neovim/tool/lua-server/script/core/diagnostics/redundant-return.lua , size = 0.764 KB
[00:59:51.143][info] [#0:script/workspace/loading.lua:100]: Preload file at: file:///home/astor/neovim/tool/lua-server/script/core/diagnostics/code-after-break.lua , size = 1.039 KB
[00:59:51.144][info] [#0:script/workspace/loading.lua:100]: Preload file at: file:///home/astor/neovim/tool/lua-server/script/core/diagnostics/newfield-call.lua , size = 1.481 KB
[00:59:51.146][info] [#0:script/workspace/loading.lua:100]: Preload file at: file:///home/astor/neovim/tool/lua-server/script/core/diagnostics/unknown-diag-code.lua , size = 0.884 KB
[00:59:51.147][info] [#0:script/workspace/loading.lua:100]: Preload file at: file:///home/astor/neovim/tool/lua-server/script/core/diagnostics/await-in-sync.lua , size = 0.789 KB
[00:59:51.148][info] [#0:script/workspace/loading.lua:100]: Preload file at: file:///home/astor/neovim/tool/lua-server/script/core/diagnostics/missing-parameter.lua , size = 0.788 KB
[00:59:51.149][info] [#0:script/workspace/loading.lua:100]: Preload file at: file:///home/astor/neovim/tool/lua-server/script/core/diagnostics/cast-local-type.lua , size = 1.679 KB
[00:59:51.151][info] [#0:script/workspace/loading.lua:100]: Preload file at: file:///home/astor/neovim/tool/lua-server/script/core/diagnostics/undefined-doc-class.lua , size = 1.454 KB
[00:59:51.152][info] [#0:script/workspace/loading.lua:100]: Preload file at: file:///home/astor/neovim/tool/lua-server/script/core/diagnostics/doc-field-no-class.lua , size = 0.947 KB
[00:59:51.153][info] [#0:script/workspace/loading.lua:100]: Preload file at: file:///home/astor/neovim/tool/lua-server/script/core/diagnostics/need-check-nil.lua , size = 1.363 KB
[00:59:51.155][info] [#0:script/workspace/loading.lua:100]: Preload file at: file:///home/astor/neovim/tool/lua-server/script/core/diagnostics/count-down-loop.lua , size = 1.781 KB
[00:59:51.157][info] [#0:script/workspace/loading.lua:100]: Preload file at: file:///home/astor/neovim/tool/lua-server/script/core/diagnostics/init.lua , size = 5.447 KB
[00:59:51.161][info] [#0:script/workspace/loading.lua:100]: Preload file at: file:///home/astor/neovim/tool/lua-server/script/core/diagnostics/discard-returns.lua , size = 0.780 KB
[00:59:51.162][info] [#0:script/workspace/loading.lua:100]: Preload file at: file:///home/astor/neovim/tool/lua-server/script/core/diagnostics/spell-check.lua , size = 0.915 KB
[00:59:51.163][info] [#0:script/workspace/loading.lua:100]: Preload file at: file:///home/astor/neovim/tool/lua-server/script/core/diagnostics/circle-doc-class.lua , size = 1.886 KB
[00:59:51.165][info] [#0:script/workspace/loading.lua:100]: Preload file at: file:///home/astor/neovim/tool/lua-server/script/core/diagnostics/redundant-parameter.lua , size = 2.292 KB
[00:59:51.167][info] [#0:script/workspace/loading.lua:100]: Preload file at: file:///home/astor/neovim/tool/lua-server/script/core/type-formatting.lua , size = 1.372 KB
[00:59:51.168][info] [#0:script/workspace/loading.lua:100]: Preload file at: file:///home/astor/neovim/tool/lua-server/script/core/hint.lua , size = 9.232 KB
[00:59:51.175][info] [#0:script/workspace/loading.lua:100]: Preload file at: file:///home/astor/neovim/tool/lua-server/script/core/type-definition.lua , size = 4.407 KB
[00:59:51.178][info] [#0:script/workspace/loading.lua:100]: Preload file at: file:///home/astor/neovim/tool/lua-server/script/core/view/psi-select.lua , size = 0.341 KB
[00:59:51.179][info] [#0:script/workspace/loading.lua:100]: Preload file at: file:///home/astor/neovim/tool/lua-server/script/core/view/psi-view.lua , size = 2.613 KB
[00:59:51.181][info] [#0:script/workspace/loading.lua:100]: Preload file at: file:///home/astor/neovim/tool/lua-server/script/core/substring.lua , size = 0.328 KB
[00:59:51.182][info] [#0:script/workspace/loading.lua:100]: Preload file at: file:///home/astor/neovim/tool/lua-server/script/core/jump-source.lua , size = 1.957 KB
[00:59:51.184][info] [#0:script/workspace/loading.lua:100]: Preload file at: file:///home/astor/neovim/tool/lua-server/script/core/definition.lua , size = 6.088 KB
[00:59:51.189][info] [#0:script/workspace/loading.lua:100]: Preload file at: file:///home/astor/neovim/tool/lua-server/script/core/implementation.lua , size = 4.192 KB
[00:59:51.192][info] [#0:script/workspace/loading.lua:100]: Preload file at: file:///home/astor/neovim/tool/lua-server/script/pub/pub.lua , size = 4.837 KB
[00:59:51.196][info] [#0:script/workspace/loading.lua:100]: Preload file at: file:///home/astor/neovim/tool/lua-server/script/pub/report.lua , size = 0.622 KB
[00:59:51.197][info] [#0:script/workspace/loading.lua:100]: Preload file at: file:///home/astor/neovim/tool/lua-server/script/pub/init.lua , size = 0.062 KB
[00:59:51.197][info] [#0:script/workspace/loading.lua:100]: Preload file at: file:///home/astor/neovim/tool/lua-server/script/jsonc.lua , size = 10.552 KB
[00:59:51.205][info] [#0:script/workspace/loading.lua:100]: Preload file at: file:///home/astor/neovim/tool/lua-server/script/workspace/require-path.lua , size = 9.975 KB
[00:59:51.214][info] [#0:script/workspace/loading.lua:100]: Preload file at: file:///home/astor/neovim/tool/lua-server/script/workspace/loading.lua , size = 6.464 KB
[00:59:51.220][info] [#0:script/workspace/loading.lua:100]: Preload file at: file:///home/astor/neovim/tool/lua-server/script/workspace/workspace.lua , size = 16.630 KB
[00:59:51.234][info] [#0:script/workspace/loading.lua:100]: Preload file at: file:///home/astor/neovim/tool/lua-server/script/workspace/init.lua , size = 0.064 KB
[00:59:51.235][info] [#0:script/workspace/loading.lua:100]: Preload file at: file:///home/astor/neovim/tool/lua-server/script/workspace/scope.lua , size = 4.596 KB
[00:59:51.241][info] [#0:script/workspace/loading.lua:100]: Preload file at: file:///home/astor/neovim/tool/lua-server/script/utility.lua , size = 24.061 KB
[00:59:51.263][info] [#0:script/workspace/loading.lua:100]: Preload file at: file:///home/astor/neovim/tool/lua-server/script/provider/diagnostic.lua , size = 18.749 KB
[00:59:51.280][info] [#0:script/workspace/loading.lua:100]: Preload file at: file:///home/astor/neovim/tool/lua-server/script/provider/name-style.lua , size = 0.561 KB
[00:59:51.281][info] [#0:script/workspace/loading.lua:100]: Preload file at: file:///home/astor/neovim/tool/lua-server/script/provider/build-meta.lua , size = 4.304 KB
[00:59:51.286][info] [#0:script/workspace/loading.lua:100]: Preload file at: file:///home/astor/neovim/tool/lua-server/script/provider/spell.lua , size = 1.290 KB
[00:59:51.287][info] [#0:script/workspace/loading.lua:100]: Preload file at: file:///home/astor/neovim/tool/lua-server/script/provider/language-configuration.lua , size = 3.476 KB
[00:59:51.290][info] [#0:script/workspace/loading.lua:100]: Preload file at: file:///home/astor/neovim/tool/lua-server/script/provider/markdown.lua , size = 4.229 KB
[00:59:51.294][info] [#0:script/workspace/loading.lua:100]: Preload file at: file:///home/astor/neovim/tool/lua-server/script/provider/provider.lua , size = 50.364 KB
[00:59:51.325][info] [#0:script/workspace/loading.lua:100]: Preload file at: file:///home/astor/neovim/tool/lua-server/script/provider/formatting.lua , size = 2.604 KB
[00:59:51.327][info] [#0:script/workspace/loading.lua:100]: Preload file at: file:///home/astor/neovim/tool/lua-server/script/provider/semantic-tokens.lua , size = 0.702 KB
[00:59:51.328][info] [#0:script/workspace/loading.lua:100]: Preload file at: file:///home/astor/neovim/tool/lua-server/script/provider/code-lens.lua , size = 0.684 KB
[00:59:51.329][info] [#0:script/workspace/loading.lua:100]: Preload file at: file:///home/astor/neovim/tool/lua-server/script/provider/inlay-hint.lua , size = 0.685 KB
[00:59:51.330][info] [#0:script/workspace/loading.lua:100]: Preload file at: file:///home/astor/neovim/tool/lua-server/script/provider/completion.lua , size = 2.552 KB
[00:59:51.333][info] [#0:script/workspace/loading.lua:100]: Preload file at: file:///home/astor/neovim/tool/lua-server/script/provider/init.lua , size = 0.063 KB
[00:59:51.333][info] [#0:script/workspace/loading.lua:100]: Preload file at: file:///home/astor/neovim/tool/lua-server/script/provider/capability.lua , size = 1.943 KB
[00:59:51.335][info] [#0:script/workspace/loading.lua:100]: Preload file at: file:///home/astor/neovim/tool/lua-server/script/lazytable.lua , size = 8.425 KB
[00:59:51.342][info] [#0:script/workspace/loading.lua:100]: Preload file at: file:///home/astor/neovim/tool/lua-server/script/version.lua , size = 0.546 KB
[00:59:51.343][info] [#0:script/workspace/loading.lua:100]: Preload file at: file:///home/astor/neovim/tool/lua-server/script/plugin.lua , size = 5.141 KB
[00:59:51.348][info] [#0:script/workspace/loading.lua:100]: Preload file at: file:///home/astor/neovim/tool/lua-server/locale/en-us/script.lua , size = 35.322 KB
[00:59:51.357][info] [#0:script/workspace/loading.lua:100]: Preload file at: file:///home/astor/neovim/tool/lua-server/locale/en-us/meta.lua , size = 31.741 KB
[00:59:51.366][info] [#0:script/workspace/loading.lua:100]: Preload file at: file:///home/astor/neovim/tool/lua-server/script/global.d.lua , size = 2.456 KB
[00:59:51.369][info] [#0:script/workspace/loading.lua:100]: Preload file at: file:///home/astor/neovim/tool/lua-server/locale/en-us/setting.lua , size = 23.780 KB
[00:59:51.459][info] [#0:script/workspace/loading.lua:100]: Preload file at: file:///home/astor/neovim/tool/lua-server/locale/pt-br/script.lua , size = 39.190 KB
[00:59:51.471][info] [#0:script/workspace/loading.lua:100]: Preload file at: file:///home/astor/neovim/tool/lua-server/locale/pt-br/meta.lua , size = 34.379 KB
[00:59:51.480][info] [#0:script/workspace/loading.lua:100]: Preload file at: file:///home/astor/neovim/tool/lua-server/locale/pt-br/setting.lua , size = 27.949 KB
[00:59:51.491][info] [#0:script/workspace/loading.lua:100]: Preload file at: file:///home/astor/neovim/tool/lua-server/locale/ja-jp/script.lua , size = 44.658 KB
[00:59:51.499][info] [#0:script/workspace/loading.lua:100]: Preload file at: file:///home/astor/neovim/tool/lua-server/locale/ja-jp/meta.lua , size = 37.868 KB
[00:59:51.508][info] [#0:script/workspace/loading.lua:100]: Preload file at: file:///home/astor/neovim/tool/lua-server/locale/ja-jp/setting.lua , size = 28.492 KB
[00:59:51.518][info] [#0:script/workspace/loading.lua:100]: Preload file at: file:///home/astor/neovim/tool/lua-server/locale/zh-tw/script.lua , size = 36.517 KB
[00:59:51.527][info] [#0:script/workspace/loading.lua:100]: Preload file at: file:///home/astor/neovim/tool/lua-server/locale/zh-tw/meta.lua , size = 30.774 KB
[00:59:51.534][info] [#0:script/workspace/loading.lua:100]: Preload file at: file:///home/astor/neovim/tool/lua-server/locale/zh-tw/setting.lua , size = 24.188 KB
[00:59:51.544][info] [#0:script/workspace/loading.lua:100]: Preload file at: file:///home/astor/neovim/tool/lua-server/locale/zh-cn/script.lua , size = 34.530 KB
[00:59:51.552][info] [#0:script/workspace/loading.lua:100]: Preload file at: file:///home/astor/neovim/tool/lua-server/locale/zh-cn/meta.lua , size = 30.498 KB
[00:59:51.560][info] [#0:script/workspace/loading.lua:100]: Preload file at: file:///home/astor/neovim/tool/lua-server/locale/zh-cn/setting.lua , size = 20.525 KB
[00:59:51.567][info] [#0:script/workspace/loading.lua:100]: Preload file at: file:///home/astor/neovim/tool/lua-server/meta/Lua%205.4%20zh-cn%20utf8/bit.lua , size = 1.319 KB
[00:59:51.569][info] [#0:script/workspace/loading.lua:100]: Preload file at: file:///home/astor/neovim/tool/lua-server/meta/Lua%205.4%20zh-cn%20utf8/string/buffer.lua , size = 18.123 KB
[00:59:51.575][info] [#0:script/workspace/loading.lua:100]: Preload file at: file:///home/astor/neovim/tool/lua-server/meta/Lua%205.4%20zh-cn%20utf8/os.lua , size = 5.687 KB
[00:59:51.579][info] [#0:script/workspace/loading.lua:100]: Preload file at: file:///home/astor/neovim/tool/lua-server/meta/Lua%205.4%20zh-cn%20utf8/basic.lua , size = 15.700 KB
[00:59:51.589][info] [#0:script/workspace/loading.lua:100]: Preload file at: file:///home/astor/neovim/tool/lua-server/meta/Lua%205.4%20zh-cn%20utf8/io.lua , size = 6.633 KB
[00:59:51.593][info] [#0:script/workspace/loading.lua:100]: Preload file at: file:///home/astor/neovim/tool/lua-server/meta/Lua%205.4%20zh-cn%20utf8/utf8.lua , size = 2.369 KB
[00:59:51.595][info] [#0:script/workspace/loading.lua:100]: Preload file at: file:///home/astor/neovim/tool/lua-server/meta/Lua%205.4%20zh-cn%20utf8/table.lua , size = 4.060 KB
[00:59:51.598][info] [#0:script/workspace/loading.lua:100]: Preload file at: file:///home/astor/neovim/tool/lua-server/meta/Lua%205.4%20zh-cn%20utf8/ffi.lua , size = 2.529 KB
[00:59:51.602][info] [#0:script/workspace/loading.lua:100]: Preload file at: file:///home/astor/neovim/tool/lua-server/meta/Lua%205.4%20zh-cn%20utf8/jit.lua , size = 0.884 KB
[00:59:51.603][info] [#0:script/workspace/loading.lua:100]: Preload file at: file:///home/astor/neovim/tool/lua-server/meta/Lua%205.4%20zh-cn%20utf8/string.lua , size = 6.696 KB
[00:59:51.608][info] [#0:script/workspace/loading.lua:100]: Preload file at: file:///home/astor/neovim/tool/lua-server/meta/Lua%205.4%20zh-cn%20utf8/builtin.lua , size = 0.302 KB
[00:59:51.609][info] [#0:script/workspace/loading.lua:100]: Preload file at: file:///home/astor/neovim/tool/lua-server/meta/Lua%205.4%20zh-cn%20utf8/bit32.lua , size = 3.697 KB
[00:59:51.611][info] [#0:script/workspace/loading.lua:100]: Preload file at: file:///home/astor/neovim/tool/lua-server/meta/Lua%205.4%20zh-cn%20utf8/math.lua , size = 8.623 KB
[00:59:51.618][info] [#0:script/workspace/loading.lua:100]: Preload file at: file:///home/astor/neovim/tool/lua-server/meta/Lua%205.4%20zh-cn%20utf8/package.lua , size = 2.858 KB
[00:59:51.620][info] [#0:script/workspace/loading.lua:100]: Preload file at: file:///home/astor/neovim/tool/lua-server/meta/Lua%205.4%20zh-cn%20utf8/coroutine.lua , size = 2.712 KB
[00:59:51.622][info] [#0:script/workspace/loading.lua:100]: Preload file at: file:///home/astor/neovim/tool/lua-server/meta/Lua%205.4%20zh-cn%20utf8/jit/util.lua , size = 1.984 KB
[00:59:51.624][info] [#0:script/workspace/loading.lua:100]: Preload file at: file:///home/astor/neovim/tool/lua-server/meta/Lua%205.4%20zh-cn%20utf8/jit/profile.lua , size = 0.348 KB
[00:59:51.625][info] [#0:script/workspace/loading.lua:100]: Preload file at: file:///home/astor/neovim/tool/lua-server/meta/Lua%205.4%20zh-cn%20utf8/table/new.lua , size = 0.634 KB
[00:59:51.626][info] [#0:script/workspace/loading.lua:100]: Preload file at: file:///home/astor/neovim/tool/lua-server/meta/Lua%205.4%20zh-cn%20utf8/table/clear.lua , size = 0.715 KB
[00:59:51.626][info] [#0:script/workspace/loading.lua:100]: Preload file at: file:///home/astor/neovim/tool/lua-server/meta/3rd/example/library/love.lua , size = 0.072 KB
[00:59:51.627][info] [#0:script/workspace/loading.lua:100]: Preload file at: file:///home/astor/neovim/tool/lua-server/meta/Lua%205.4%20zh-cn%20utf8/debug.lua , size = 7.489 KB
[00:59:51.632][info] [#0:script/workspace/loading.lua:100]: Preload file at: file:///home/astor/neovim/tool/lua-server/meta/3rd/example/plugin.lua , size = 0.367 KB
[00:59:51.633][info] [#0:script/workspace/loading.lua:100]: Preload file at: file:///home/astor/neovim/tool/lua-server/meta/3rd/love2d/library/love.lua , size = 10.825 KB
[00:59:51.639][info] [#0:script/workspace/loading.lua:100]: Preload file at: file:///home/astor/neovim/tool/lua-server/meta/3rd/love2d/library/love/event.lua , size = 4.563 KB
[00:59:51.642][info] [#0:script/workspace/loading.lua:100]: Preload file at: file:///home/astor/neovim/tool/lua-server/meta/3rd/love2d/library/love/data.lua , size = 9.649 KB
[00:59:51.648][info] [#0:script/workspace/loading.lua:100]: Preload file at: file:///home/astor/neovim/tool/lua-server/meta/3rd/love2d/library/love/image.lua , size = 21.299 KB
[00:59:51.656][info] [#0:script/workspace/loading.lua:100]: Preload file at: file:///home/astor/neovim/tool/lua-server/meta/3rd/love2d/library/love/video.lua , size = 2.342 KB
[00:59:51.658][info] [#0:script/workspace/loading.lua:100]: Preload file at: file:///home/astor/neovim/tool/lua-server/meta/3rd/love2d/library/love/keyboard.lua , size = 22.717 KB
[00:59:51.669][info] [#0:script/workspace/loading.lua:100]: Preload file at: file:///home/astor/neovim/tool/lua-server/meta/3rd/love2d/library/love/timer.lua , size = 1.727 KB
[00:59:51.671][info] [#0:script/workspace/loading.lua:100]: Preload file at: file:///home/astor/neovim/tool/lua-server/meta/3rd/love2d/library/love/joystick.lua , size = 14.190 KB
[00:59:51.678][info] [#0:script/workspace/loading.lua:100]: Preload file at: file:///home/astor/neovim/tool/lua-server/meta/3rd/love2d/library/love/touch.lua , size = 1.456 KB
[00:59:51.680][info] [#0:script/workspace/loading.lua:100]: Preload file at: file:///home/astor/neovim/tool/lua-server/meta/3rd/love2d/library/love/system.lua , size = 3.604 KB
[00:59:51.682][info] [#0:script/workspace/loading.lua:100]: Preload file at: file:///home/astor/neovim/tool/lua-server/meta/3rd/love2d/library/love/window.lua , size = 17.920 KB
[00:59:51.692][info] [#0:script/workspace/loading.lua:100]: Preload file at: file:///home/astor/neovim/tool/lua-server/meta/3rd/love2d/library/love/font.lua , size = 7.587 KB
[00:59:51.698][info] [#0:script/workspace/loading.lua:100]: Preload file at: file:///home/astor/neovim/tool/lua-server/meta/3rd/love2d/library/love/thread.lua , size = 7.104 KB
[00:59:51.702][info] [#0:script/workspace/loading.lua:100]: Preload file at: file:///home/astor/neovim/tool/lua-server/meta/3rd/love2d/library/love/audio.lua , size = 33.679 KB
[00:59:51.722][info] [#0:script/workspace/loading.lua:100]: Preload file at: file:///home/astor/neovim/tool/lua-server/meta/3rd/love2d/library/love/physics.lua , size = 109.816 KB
[00:59:51.797][info] [#0:script/workspace/loading.lua:100]: Preload file at: file:///home/astor/neovim/tool/lua-server/meta/3rd/love2d/library/love/filesystem.lua , size = 22.715 KB
[00:59:51.812][info] [#0:script/workspace/loading.lua:100]: Preload file at: file:///home/astor/neovim/tool/lua-server/meta/3rd/love2d/library/love/mouse.lua , size = 8.757 KB
[00:59:51.817][info] [#0:script/workspace/loading.lua:100]: Preload file at: file:///home/astor/neovim/tool/lua-server/meta/3rd/love2d/library/love/math.lua , size = 29.921 KB
[00:59:51.834][info] [#0:script/workspace/loading.lua:100]: Preload file at: file:///home/astor/neovim/tool/lua-server/meta/3rd/love2d/library/love/sound.lua , size = 5.808 KB
[00:59:51.838][info] [#0:script/workspace/loading.lua:100]: Preload file at: file:///home/astor/neovim/tool/lua-server/meta/3rd/love2d/library/love/graphics.lua , size = 158.494 KB
[00:59:51.928][info] [#0:script/workspace/loading.lua:100]: Preload file at: file:///home/astor/neovim/tool/lua-server/meta/3rd/Cocos4.0/library/cc/EaseRateAction.lua , size = 0.979 KB
[00:59:51.933][info] [#0:script/workspace/loading.lua:100]: Preload file at: file:///home/astor/neovim/tool/lua-server/meta/3rd/Cocos4.0/library/cc/PhysicsShape.lua , size = 6.776 KB
[00:59:51.938][info] [#0:script/workspace/loading.lua:100]: Preload file at: file:///home/astor/neovim/tool/lua-server/meta/3rd/Cocos4.0/library/cc/ControlButton.lua , size = 8.543 KB
[00:59:51.946][info] [#0:script/workspace/loading.lua:100]: Preload file at: file:///home/astor/neovim/tool/lua-server/meta/3rd/Cocos4.0/library/cc/BaseLight.lua , size = 0.796 KB
[00:59:51.947][info] [#0:script/workspace/loading.lua:100]: Preload file at: file:///home/astor/neovim/tool/lua-server/meta/3rd/Cocos4.0/library/cc/Sequence.lua , size = 0.820 KB
[00:59:51.949][info] [#0:script/workspace/loading.lua:100]: Preload file at: file:///home/astor/neovim/tool/lua-server/meta/3rd/Cocos4.0/library/cc/Material.lua , size = 2.894 KB
[00:59:51.951][info] [#0:script/workspace/loading.lua:100]: Preload file at: file:///home/astor/neovim/tool/lua-server/meta/3rd/Cocos4.0/library/cc/Liquid.lua , size = 2.235 KB
[00:59:51.953][info] [#0:script/workspace/loading.lua:100]: Preload file at: file:///home/astor/neovim/tool/lua-server/meta/3rd/Cocos4.0/library/cc/TransitionSlideInR.lua , size = 0.658 KB
[00:59:51.954][info] [#0:script/workspace/loading.lua:100]: Preload file at: file:///home/astor/neovim/tool/lua-server/meta/3rd/Cocos4.0/library/cc/TiledGrid3DAction.lua , size = 0.268 KB
[00:59:51.955][info] [#0:script/workspace/loading.lua:100]: Preload file at: file:///home/astor/neovim/tool/lua-server/meta/3rd/Cocos4.0/library/cc/DrawNode.lua , size = 6.633 KB
[00:59:51.961][info] [#0:script/workspace/loading.lua:100]: Preload file at: file:///home/astor/neovim/tool/lua-server/meta/3rd/Cocos4.0/library/cc/FadeOut.lua , size = 0.546 KB
[00:59:51.962][info] [#0:script/workspace/loading.lua:100]: Preload file at: file:///home/astor/neovim/tool/lua-server/meta/3rd/Cocos4.0/library/cc/Label.lua , size = 13.549 KB
[00:59:51.976][info] [#0:script/workspace/loading.lua:100]: Preload file at: file:///home/astor/neovim/tool/lua-server/meta/3rd/Cocos4.0/library/cc/EaseCubicActionIn.lua , size = 0.506 KB
[00:59:51.977][info] [#0:script/workspace/loading.lua:100]: Preload file at: file:///home/astor/neovim/tool/lua-server/meta/3rd/Cocos4.0/library/cc/PhysicsJointMotor.lua , size = 0.767 KB
[00:59:51.978][info] [#0:script/workspace/loading.lua:100]: Preload file at: file:///home/astor/neovim/tool/lua-server/meta/3rd/Cocos4.0/library/cc/FadeIn.lua , size = 0.581 KB
[00:59:51.980][info] [#0:script/workspace/loading.lua:100]: Preload file at: file:///home/astor/neovim/tool/lua-server/meta/3rd/Cocos4.0/library/cc/Animate.lua , size = 1.420 KB
[00:59:51.981][info] [#0:script/workspace/loading.lua:100]: Preload file at: file:///home/astor/neovim/tool/lua-server/meta/3rd/Cocos4.0/library/cc/BillBoard.lua , size = 1.239 KB
[00:59:51.983][info] [#0:script/workspace/loading.lua:100]: Preload file at: file:///home/astor/neovim/tool/lua-server/meta/3rd/Cocos4.0/library/cc/GLView.lua , size = 7.335 KB
[00:59:51.989][info] [#0:script/workspace/loading.lua:100]: Preload file at: file:///home/astor/neovim/tool/lua-server/meta/3rd/Cocos4.0/library/cc/AssetsManager.lua , size = 1.511 KB
[00:59:51.991][info] [#0:script/workspace/loading.lua:100]: Preload file at: file:///home/astor/neovim/tool/lua-server/meta/3rd/Cocos4.0/library/cc/Properties.lua , size = 11.709 KB
[00:59:51.997][info] [#0:script/workspace/loading.lua:100]: Preload file at: file:///home/astor/neovim/tool/lua-server/meta/3rd/Cocos4.0/library/cc/EaseCircleActionInOut.lua , size = 0.545 KB
[00:59:51.998][info] [#0:script/workspace/loading.lua:100]: Preload file at: file:///home/astor/neovim/tool/lua-server/meta/3rd/Cocos4.0/library/cc/EventAcceleration.lua , size = 0.118 KB
[00:59:51.999][info] [#0:script/workspace/loading.lua:100]: Preload file at: file:///home/astor/neovim/tool/lua-server/meta/3rd/Cocos4.0/library/cc/TileMapAtlas.lua , size = 1.353 KB
[00:59:52.001][info] [#0:script/workspace/loading.lua:100]: Preload file at: file:///home/astor/neovim/tool/lua-server/meta/3rd/Cocos4.0/library/cc/Physics3DRigidBody.lua , size = 6.742 KB
[00:59:52.007][info] [#0:script/workspace/loading.lua:100]: Preload file at: file:///home/astor/neovim/tool/lua-server/meta/3rd/Cocos4.0/library/cc/JumpTo.lua , size = 0.987 KB
[00:59:52.009][info] [#0:script/workspace/loading.lua:100]: Preload file at: file:///home/astor/neovim/tool/lua-server/meta/3rd/Cocos4.0/library/cc/EventTouch.lua , size = 0.442 KB
[00:59:52.009][info] [#0:script/workspace/loading.lua:100]: Preload file at: file:///home/astor/neovim/tool/lua-server/meta/3rd/Cocos4.0/library/cc/EventListenerController.lua , size = 0.467 KB
[00:59:52.010][info] [#0:script/workspace/loading.lua:100]: Preload file at: file:///home/astor/neovim/tool/lua-server/meta/3rd/Cocos4.0/library/cc/FileUtils.lua , size = 16.089 KB
[00:59:52.024][info] [#0:script/workspace/loading.lua:100]: Preload file at: file:///home/astor/neovim/tool/lua-server/meta/3rd/Cocos4.0/library/cc/EaseExponentialInOut.lua , size = 0.535 KB
[00:59:52.025][info] [#0:script/workspace/loading.lua:100]: Preload file at: file:///home/astor/neovim/tool/lua-server/meta/3rd/Cocos4.0/library/cc/TextureCube.lua , size = 1.502 KB
[00:59:52.026][info] [#0:script/workspace/loading.lua:100]: Preload file at: file:///home/astor/neovim/tool/lua-server/meta/3rd/Cocos4.0/library/cc/EventListenerTouchAllAtOnce.lua , size = 0.486 KB
[00:59:52.028][info] [#0:script/workspace/loading.lua:100]: Preload file at: file:///home/astor/neovim/tool/lua-server/meta/3rd/Cocos4.0/library/cc/AnimationFrame.lua , size = 1.945 KB
[00:59:52.029][info] [#0:script/workspace/loading.lua:100]: Preload file at: file:///home/astor/neovim/tool/lua-server/meta/3rd/Cocos4.0/library/cc/GridAction.lua , size = 0.844 KB
[00:59:52.030][info] [#0:script/workspace/loading.lua:100]: Preload file at: file:///home/astor/neovim/tool/lua-server/meta/3rd/Cocos4.0/library/cc/TransitionFade.lua , size = 0.745 KB
[00:59:52.032][info] [#0:script/workspace/loading.lua:100]: Preload file at: file:///home/astor/neovim/tool/lua-server/meta/3rd/Cocos4.0/library/cc/Skeleton3D.lua , size = 0.938 KB
[00:59:52.033][info] [#0:script/workspace/loading.lua:100]: Preload file at: file:///home/astor/neovim/tool/lua-server/meta/3rd/Cocos4.0/library/cc/PageTurn3D.lua , size = 0.713 KB
[00:59:52.034][info] [#0:script/workspace/loading.lua:100]: Preload file at: file:///home/astor/neovim/tool/lua-server/meta/3rd/Cocos4.0/library/cc/TMXTiledMap.lua , size = 3.700 KB
[00:59:52.038][info] [#0:script/workspace/loading.lua:100]: Preload file at: file:///home/astor/neovim/tool/lua-server/meta/3rd/Cocos4.0/library/cc/AudioProfile.lua , size = 0.187 KB
[00:59:52.038][info] [#0:script/workspace/loading.lua:100]: Preload file at: file:///home/astor/neovim/tool/lua-server/meta/3rd/Cocos4.0/library/cc/MenuItemFont.lua , size = 1.579 KB
[00:59:52.040][info] [#0:script/workspace/loading.lua:100]: Preload file at: file:///home/astor/neovim/tool/lua-server/meta/3rd/Cocos4.0/library/cc/SkewTo.lua , size = 0.843 KB
[00:59:52.042][info] [#0:script/workspace/loading.lua:100]: Preload file at: file:///home/astor/neovim/tool/lua-server/meta/3rd/Cocos4.0/library/cc/ShatteredTiles3D.lua , size = 1.652 KB
[00:59:52.044][info] [#0:script/workspace/loading.lua:100]: Preload file at: file:///home/astor/neovim/tool/lua-server/meta/3rd/Cocos4.0/library/cc/EaseInOut.lua , size = 0.462 KB
[00:59:52.044][info] [#0:script/workspace/loading.lua:100]: Preload file at: file:///home/astor/neovim/tool/lua-server/meta/3rd/Cocos4.0/library/cc/Image.lua , size = 1.985 KB
[00:59:52.047][info] [#0:script/workspace/loading.lua:100]: Preload file at: file:///home/astor/neovim/tool/lua-server/meta/3rd/Cocos4.0/library/cc/TransitionMoveInB.lua , size = 0.499 KB
[00:59:52.048][info] [#0:script/workspace/loading.lua:100]: Preload file at: file:///home/astor/neovim/tool/lua-server/meta/3rd/Cocos4.0/library/cc/ParticleMeteor.lua , size = 0.834 KB
[00:59:52.049][info] [#0:script/workspace/loading.lua:100]: Preload file at: file:///home/astor/neovim/tool/lua-server/meta/3rd/Cocos4.0/library/cc/ComponentLua.lua , size = 0.553 KB
[00:59:52.050][info] [#0:script/workspace/loading.lua:100]: Preload file at: file:///home/astor/neovim/tool/lua-server/meta/3rd/Cocos4.0/library/cc/PhysicsShapeEdgeSegment.lua , size = 1.123 KB
[00:59:52.051][info] [#0:script/workspace/loading.lua:100]: Preload file at: file:///home/astor/neovim/tool/lua-server/meta/3rd/Cocos4.0/library/cc/ControlSaturationBrightnessPicker.lua , size = 1.279 KB
[00:59:52.053][info] [#0:script/workspace/loading.lua:100]: Preload file at: file:///home/astor/neovim/tool/lua-server/meta/3rd/Cocos4.0/library/cc/PhysicsJointLimit.lua , size = 1.634 KB
[00:59:52.055][info] [#0:script/workspace/loading.lua:100]: Preload file at: file:///home/astor/neovim/tool/lua-server/meta/3rd/Cocos4.0/library/cc/EaseOut.lua , size = 0.442 KB
[00:59:52.056][info] [#0:script/workspace/loading.lua:100]: Preload file at: file:///home/astor/neovim/tool/lua-server/meta/3rd/Cocos4.0/library/cc/PhysicsJointRatchet.lua , size = 1.330 KB
[00:59:52.058][info] [#0:script/workspace/loading.lua:100]: Preload file at: file:///home/astor/neovim/tool/lua-server/meta/3rd/Cocos4.0/library/cc/MoveBy.lua , size = 0.901 KB
[00:59:52.060][info] [#0:script/workspace/loading.lua:100]: Preload file at: file:///home/astor/neovim/tool/lua-server/meta/3rd/Cocos4.0/library/cc/FlipX.lua , size = 0.601 KB
[00:59:52.061][info] [#0:script/workspace/loading.lua:100]: Preload file at: file:///home/astor/neovim/tool/lua-server/meta/3rd/Cocos4.0/library/cc/Shaky3D.lua , size = 1.515 KB
[00:59:52.062][info] [#0:script/workspace/loading.lua:100]: Preload file at: file:///home/astor/neovim/tool/lua-server/meta/3rd/Cocos4.0/library/cc/TransitionEaseScene.lua , size = 0.452 KB
[00:59:52.063][info] [#0:script/workspace/loading.lua:100]: Preload file at: file:///home/astor/neovim/tool/lua-server/meta/3rd/Cocos4.0/library/cc/EaseQuadraticActionOut.lua , size = 0.555 KB
[00:59:52.064][info] [#0:script/workspace/loading.lua:100]: Preload file at: file:///home/astor/neovim/tool/lua-server/meta/3rd/Cocos4.0/library/cc/EventAssetsManagerEx.lua , size = 1.123 KB
[00:59:52.066][info] [#0:script/workspace/loading.lua:100]: Preload file at: file:///home/astor/neovim/tool/lua-server/meta/3rd/Cocos4.0/library/cc/Director.lua , size = 11.481 KB
[00:59:52.078][info] [#0:script/workspace/loading.lua:100]: Preload file at: file:///home/astor/neovim/tool/lua-server/meta/3rd/Cocos4.0/library/cc/AssetsManagerEx.lua , size = 2.475 KB
[00:59:52.080][info] [#0:script/workspace/loading.lua:100]: Preload file at: file:///home/astor/neovim/tool/lua-server/meta/3rd/Cocos4.0/library/cc/EventListenerPhysicsContact.lua , size = 0.577 KB
[00:59:52.081][info] [#0:script/workspace/loading.lua:100]: Preload file at: file:///home/astor/neovim/tool/lua-server/meta/3rd/Cocos4.0/library/cc/MenuItem.lua , size = 0.875 KB
[00:59:52.083][info] [#0:script/workspace/loading.lua:100]: Preload file at: file:///home/astor/neovim/tool/lua-server/meta/3rd/Cocos4.0/library/cc/EaseBounce.lua , size = 0.096 KB
[00:59:52.084][info] [#0:script/workspace/loading.lua:100]: Preload file at: file:///home/astor/neovim/tool/lua-server/meta/3rd/Cocos4.0/library/cc/Animate3D.lua , size = 2.961 KB
[00:59:52.088][info] [#0:script/workspace/loading.lua:100]: Preload file at: file:///home/astor/neovim/tool/lua-server/meta/3rd/Cocos4.0/library/cc/RotateBy.lua , size = 1.090 KB
[00:59:52.090][info] [#0:script/workspace/loading.lua:100]: Preload file at: file:///home/astor/neovim/tool/lua-server/meta/3rd/Cocos4.0/library/cc/NodeGrid.lua , size = 1.260 KB
[00:59:52.091][info] [#0:script/workspace/loading.lua:100]: Preload file at: file:///home/astor/neovim/tool/lua-server/meta/3rd/Cocos4.0/library/cc/MotionStreak.lua , size = 3.785 KB
[00:59:52.096][info] [#0:script/workspace/loading.lua:100]: Preload file at: file:///home/astor/neovim/tool/lua-server/meta/3rd/Cocos4.0/library/cc/ProgressTo.lua , size = 1.294 KB
[00:59:52.098][info] [#0:script/workspace/loading.lua:100]: Preload file at: file:///home/astor/neovim/tool/lua-server/meta/3rd/Cocos4.0/library/cc/PhysicsShapeEdgeChain.lua , size = 0.418 KB
[00:59:52.098][info] [#0:script/workspace/loading.lua:100]: Preload file at: file:///home/astor/neovim/tool/lua-server/meta/3rd/Cocos4.0/library/cc/EaseElasticOut.lua , size = 0.505 KB
[00:59:52.099][info] [#0:script/workspace/loading.lua:100]: Preload file at: file:///home/astor/neovim/tool/lua-server/meta/3rd/Cocos4.0/library/cc/RemoveSelf.lua , size = 0.673 KB
[00:59:52.101][info] [#0:script/workspace/loading.lua:100]: Preload file at: file:///home/astor/neovim/tool/lua-server/meta/3rd/Cocos4.0/library/cc/Timer.lua , size = 0.598 KB
[00:59:52.103][info] [#0:script/workspace/loading.lua:100]: Preload file at: file:///home/astor/neovim/tool/lua-server/meta/3rd/Cocos4.0/library/cc/EaseBackIn.lua , size = 0.438 KB
[00:59:52.104][info] [#0:script/workspace/loading.lua:100]: Preload file at: file:///home/astor/neovim/tool/lua-server/meta/3rd/Cocos4.0/library/cc/ParticleFlower.lua , size = 0.834 KB
[00:59:52.105][info] [#0:script/workspace/loading.lua:100]: Preload file at: file:///home/astor/neovim/tool/lua-server/meta/3rd/Cocos4.0/library/cc/PhysicsWorld.lua , size = 6.802 KB
[00:59:52.109][info] [#0:script/workspace/loading.lua:100]: Preload file at: file:///home/astor/neovim/tool/lua-server/meta/3rd/Cocos4.0/library/cc/ClippingNode.lua , size = 3.037 KB
[00:59:52.112][info] [#0:script/workspace/loading.lua:100]: Preload file at: file:///home/astor/neovim/tool/lua-server/meta/3rd/Cocos4.0/library/cc/ActionManager.lua , size = 5.086 KB
[00:59:52.116][info] [#0:script/workspace/loading.lua:100]: Preload file at: file:///home/astor/neovim/tool/lua-server/meta/3rd/Cocos4.0/library/cc/Waves.lua , size = 2.664 KB
[00:59:52.118][info] [#0:script/workspace/loading.lua:100]: Preload file at: file:///home/astor/neovim/tool/lua-server/meta/3rd/Cocos4.0/library/cc/ParticleRain.lua , size = 0.807 KB
[00:59:52.119][info] [#0:script/workspace/loading.lua:100]: Preload file at: file:///home/astor/neovim/tool/lua-server/meta/3rd/Cocos4.0/library/cc/TransitionFlipX.lua , size = 0.420 KB
[00:59:52.120][info] [#0:script/workspace/loading.lua:100]: Preload file at: file:///home/astor/neovim/tool/lua-server/meta/3rd/Cocos4.0/library/cc/Physics3DConeTwistConstraint.lua , size = 3.545 KB
[00:59:52.124][info] [#0:script/workspace/loading.lua:100]: Preload file at: file:///home/astor/neovim/tool/lua-server/meta/3rd/Cocos4.0/library/cc/ParticleSmoke.lua , size = 0.820 KB
[00:59:52.125][info] [#0:script/workspace/loading.lua:100]: Preload file at: file:///home/astor/neovim/tool/lua-server/meta/3rd/Cocos4.0/library/cc/FadeOutTRTiles.lua , size = 1.776 KB
[00:59:52.126][info] [#0:script/workspace/loading.lua:100]: Preload file at: file:///home/astor/neovim/tool/lua-server/meta/3rd/Cocos4.0/library/cc/EaseIn.lua , size = 0.433 KB
[00:59:52.127][info] [#0:script/workspace/loading.lua:100]: Preload file at: file:///home/astor/neovim/tool/lua-server/meta/3rd/Cocos4.0/library/cc/FiniteTimeAction.lua , size = 0.576 KB
[00:59:52.130][info] [#0:script/workspace/loading.lua:100]: Preload file at: file:///home/astor/neovim/tool/lua-server/meta/3rd/Cocos4.0/library/cc/TMXLayer.lua , size = 5.364 KB
[00:59:52.134][info] [#0:script/workspace/loading.lua:100]: Preload file at: file:///home/astor/neovim/tool/lua-server/meta/3rd/Cocos4.0/library/cc/Sprite3DMaterial.lua , size = 1.100 KB
[00:59:52.136][info] [#0:script/workspace/loading.lua:100]: Preload file at: file:///home/astor/neovim/tool/lua-server/meta/3rd/Cocos4.0/library/cc/PhysicsBody.lua , size = 14.614 KB
[00:59:52.147][info] [#0:script/workspace/loading.lua:100]: Preload file at: file:///home/astor/neovim/tool/lua-server/meta/3rd/Cocos4.0/library/cc/DelayTime.lua , size = 0.535 KB
[00:59:52.149][info] [#0:script/workspace/loading.lua:100]: Preload file at: file:///home/astor/neovim/tool/lua-server/meta/3rd/Cocos4.0/library/cc/Grid3DAction.lua , size = 0.361 KB
[00:59:52.150][info] [#0:script/workspace/loading.lua:100]: Preload file at: file:///home/astor/neovim/tool/lua-server/meta/3rd/Cocos4.0/library/cc/Touch.lua , size = 2.216 KB
[00:59:52.152][info] [#0:script/workspace/loading.lua:100]: Preload file at: file:///home/astor/neovim/tool/lua-server/meta/3rd/Cocos4.0/library/cc/Follow.lua , size = 3.408 KB
[00:59:52.154][info] [#0:script/workspace/loading.lua:100]: Preload file at: file:///home/astor/neovim/tool/lua-server/meta/3rd/Cocos4.0/library/cc/ParticleSystemQuad.lua , size = 1.807 KB
[00:59:52.156][info] [#0:script/workspace/loading.lua:100]: Preload file at: file:///home/astor/neovim/tool/lua-server/meta/3rd/Cocos4.0/library/cc/TMXLayerInfo.lua , size = 0.334 KB
[00:59:52.158][info] [#0:script/workspace/loading.lua:100]: Preload file at: file:///home/astor/neovim/tool/lua-server/meta/3rd/Cocos4.0/library/cc/CardinalSplineBy.lua , size = 0.509 KB
[00:59:52.273][warn] [#0:script/files.lua:704]: Compile [file:///home/astor/neovim/tool/lua-server/meta/3rd/Cocos4.0/library/cc/CardinalSplineBy.lua] takes [0.116] sec, size [0.521] kb.
[00:59:52.281][info] [#0:script/workspace/loading.lua:100]: Preload file at: file:///home/astor/neovim/tool/lua-server/meta/3rd/Cocos4.0/library/cc/SplitCols.lua , size = 1.263 KB
[00:59:52.285][info] [#0:script/workspace/loading.lua:100]: Preload file at: file:///home/astor/neovim/tool/lua-server/meta/3rd/Cocos4.0/library/cc/TransitionShrinkGrow.lua , size = 0.702 KB
[00:59:52.286][info] [#0:script/workspace/loading.lua:100]: Preload file at: file:///home/astor/neovim/tool/lua-server/meta/3rd/Cocos4.0/library/cc/Event.lua , size = 0.802 KB
[00:59:52.287][info] [#0:script/workspace/loading.lua:100]: Preload file at: file:///home/astor/neovim/tool/lua-server/meta/3rd/Cocos4.0/library/cc/ControlHuePicker.lua , size = 1.486 KB
[00:59:52.290][info] [#0:script/workspace/loading.lua:100]: Preload file at: file:///home/astor/neovim/tool/lua-server/meta/3rd/Cocos4.0/library/cc/ParticleFireworks.lua , size = 0.875 KB
[00:59:52.291][info] [#0:script/workspace/loading.lua:100]: Preload file at: file:///home/astor/neovim/tool/lua-server/meta/3rd/Cocos4.0/library/cc/PUParticleSystem3D.lua , size = 5.732 KB
[00:59:52.297][info] [#0:script/workspace/loading.lua:100]: Preload file at: file:///home/astor/neovim/tool/lua-server/meta/3rd/Cocos4.0/library/cc/CardinalSplineTo.lua , size = 1.215 KB
[00:59:52.299][info] [#0:script/workspace/loading.lua:100]: Preload file at: file:///home/astor/neovim/tool/lua-server/meta/3rd/Cocos4.0/library/cc/ShakyTiles3D.lua , size = 1.560 KB
[00:59:52.301][info] [#0:script/workspace/loading.lua:100]: Preload file at: file:///home/astor/neovim/tool/lua-server/meta/3rd/Cocos4.0/library/cc/Physics3DPointToPointConstraint.lua , size = 1.821 KB
[00:59:52.303][info] [#0:script/workspace/loading.lua:100]: Preload file at: file:///home/astor/neovim/tool/lua-server/meta/3rd/Cocos4.0/library/cc/ActionFloat.lua , size = 1.166 KB
[00:59:52.304][info] [#0:script/workspace/loading.lua:100]: Preload file at: file:///home/astor/neovim/tool/lua-server/meta/3rd/Cocos4.0/library/cc/FadeOutUpTiles.lua , size = 0.917 KB
[00:59:52.306][info] [#0:script/workspace/loading.lua:100]: Preload file at: file:///home/astor/neovim/tool/lua-server/meta/3rd/Cocos4.0/library/cc/TintBy.lua , size = 1.117 KB
[00:59:52.308][info] [#0:script/workspace/loading.lua:100]: Preload file at: file:///home/astor/neovim/tool/lua-server/meta/3rd/Cocos4.0/library/cc/TransitionFadeBL.lua , size = 0.599 KB
[00:59:52.309][info] [#0:script/workspace/loading.lua:100]: Preload file at: file:///home/astor/neovim/tool/lua-server/meta/3rd/Cocos4.0/library/cc/BezierBy.lua , size = 0.642 KB
[00:59:52.310][info] [#0:script/workspace/loading.lua:100]: Preload file at: file:///home/astor/neovim/tool/lua-server/meta/3rd/Cocos4.0/library/cc/GridBase.lua , size = 2.696 KB
[00:59:52.313][info] [#0:script/workspace/loading.lua:100]: Preload file at: file:///home/astor/neovim/tool/lua-server/meta/3rd/Cocos4.0/library/cc/CameraBackgroundDepthBrush.lua , size = 0.953 KB
[00:59:52.315][info] [#0:script/workspace/loading.lua:100]: Preload file at: file:///home/astor/neovim/tool/lua-server/meta/3rd/Cocos4.0/library/cc/EaseExponentialOut.lua , size = 0.516 KB
[00:59:52.316][info] [#0:script/workspace/loading.lua:100]: Preload file at: file:///home/astor/neovim/tool/lua-server/meta/3rd/Cocos4.0/library/cc/Spawn.lua , size = 0.759 KB
[00:59:52.317][info] [#0:script/workspace/loading.lua:100]: Preload file at: file:///home/astor/neovim/tool/lua-server/meta/3rd/Cocos4.0/library/cc/EaseSineInOut.lua , size = 0.467 KB
[00:59:52.318][info] [#0:script/workspace/loading.lua:100]: Preload file at: file:///home/astor/neovim/tool/lua-server/meta/3rd/Cocos4.0/library/cc/EventListenerMouse.lua , size = 0.407 KB
[00:59:52.319][info] [#0:script/workspace/loading.lua:100]: Preload file at: file:///home/astor/neovim/tool/lua-server/meta/3rd/Cocos4.0/library/cc/Twirl.lua , size = 2.854 KB
[00:59:52.322][info] [#0:script/workspace/loading.lua:100]: Preload file at: file:///home/astor/neovim/tool/lua-server/meta/3rd/Cocos4.0/library/cc/TransitionRotoZoom.lua , size = 0.505 KB
[00:59:52.323][info] [#0:script/workspace/loading.lua:100]: Preload file at: file:///home/astor/neovim/tool/lua-server/meta/3rd/Cocos4.0/library/cc/PolygonInfo.lua , size = 2.018 KB
[00:59:52.325][info] [#0:script/workspace/loading.lua:100]: Preload file at: file:///home/astor/neovim/tool/lua-server/meta/3rd/Cocos4.0/library/cc/MoveTo.lua , size = 0.779 KB
[00:59:52.327][info] [#0:script/workspace/loading.lua:100]: Preload file at: file:///home/astor/neovim/tool/lua-server/meta/3rd/Cocos4.0/library/cc/EaseSineOut.lua , size = 0.447 KB
[00:59:52.328][info] [#0:script/workspace/loading.lua:100]: Preload file at: file:///home/astor/neovim/tool/lua-server/meta/3rd/Cocos4.0/library/cc/RenderTexture.lua , size = 6.029 KB
[00:59:52.336][info] [#0:script/workspace/loading.lua:100]: Preload file at: file:///home/astor/neovim/tool/lua-server/meta/3rd/Cocos4.0/library/cc/TransitionProgressHorizontal.lua , size = 0.595 KB
[00:59:52.337][info] [#0:script/workspace/loading.lua:100]: Preload file at: file:///home/astor/neovim/tool/lua-server/meta/3rd/Cocos4.0/library/cc/WavesTiles3D.lua , size = 2.386 KB
[00:59:52.341][info] [#0:script/workspace/loading.lua:100]: Preload file at: file:///home/astor/neovim/tool/lua-server/meta/3rd/Cocos4.0/library/cc/ControlColourPicker.lua , size = 1.431 KB
[00:59:52.344][info] [#0:script/workspace/loading.lua:100]: Preload file at: file:///home/astor/neovim/tool/lua-server/meta/3rd/Cocos4.0/library/cc/BezierTo.lua , size = 0.466 KB
[00:59:52.346][info] [#0:script/workspace/loading.lua:100]: Preload file at: file:///home/astor/neovim/tool/lua-server/meta/3rd/Cocos4.0/library/cc/ParticleSystem3D.lua , size = 2.620 KB
[00:59:52.349][info] [#0:script/workspace/loading.lua:100]: Preload file at: file:///home/astor/neovim/tool/lua-server/meta/3rd/Cocos4.0/library/cc/Scene.lua , size = 1.938 KB
[00:59:52.352][info] [#0:script/workspace/loading.lua:100]: Preload file at: file:///home/astor/neovim/tool/lua-server/meta/3rd/Cocos4.0/library/cc/Pass.lua , size = 3.624 KB
[00:59:52.357][info] [#0:script/workspace/loading.lua:100]: Preload file at: file:///home/astor/neovim/tool/lua-server/meta/3rd/Cocos4.0/library/cc/AmbientLight.lua , size = 0.414 KB
[00:59:52.358][info] [#0:script/workspace/loading.lua:100]: Preload file at: file:///home/astor/neovim/tool/lua-server/meta/3rd/Cocos4.0/library/cc/Place.lua , size = 0.648 KB
[00:59:52.359][info] [#0:script/workspace/loading.lua:100]: Preload file at: file:///home/astor/neovim/tool/lua-server/meta/3rd/Cocos4.0/library/cc/EaseQuadraticActionInOut.lua , size = 0.574 KB
[00:59:52.361][info] [#0:script/workspace/loading.lua:100]: Preload file at: file:///home/astor/neovim/tool/lua-server/meta/3rd/Cocos4.0/library/cc/ActionInstant.lua , size = 0.576 KB
[00:59:52.362][info] [#0:script/workspace/loading.lua:100]: Preload file at: file:///home/astor/neovim/tool/lua-server/meta/3rd/Cocos4.0/library/cc/TransitionSlideInL.lua , size = 0.919 KB
[00:59:52.363][info] [#0:script/workspace/loading.lua:100]: Preload file at: file:///home/astor/neovim/tool/lua-server/meta/3rd/Cocos4.0/library/cc/NavMeshObstacle.lua , size = 1.365 KB
[00:59:52.365][info] [#0:script/workspace/loading.lua:100]: Preload file at: file:///home/astor/neovim/tool/lua-server/meta/3rd/Cocos4.0/library/cc/Waves3D.lua , size = 2.242 KB
[00:59:52.367][info] [#0:script/workspace/loading.lua:100]: Preload file at: file:///home/astor/neovim/tool/lua-server/meta/3rd/Cocos4.0/library/cc/Physics3DHingeConstraint.lua , size = 3.866 KB
[00:59:52.371][info] [#0:script/workspace/loading.lua:100]: Preload file at: file:///home/astor/neovim/tool/lua-server/meta/3rd/Cocos4.0/library/cc/ShaderCache.lua , size = 1.046 KB
[00:59:52.372][info] [#0:script/workspace/loading.lua:100]: Preload file at: file:///home/astor/neovim/tool/lua-server/meta/3rd/Cocos4.0/library/cc/TransitionScene.lua , size = 1.222 KB
[00:59:52.374][info] [#0:script/workspace/loading.lua:100]: Preload file at: file:///home/astor/neovim/tool/lua-server/meta/3rd/Cocos4.0/library/cc/RenderState.lua , size = 0.365 KB
[00:59:52.375][info] [#0:script/workspace/loading.lua:100]: Preload file at: file:///home/astor/neovim/tool/lua-server/meta/3rd/Cocos4.0/library/cc/EaseQuarticActionInOut.lua , size = 0.555 KB
[00:59:52.376][info] [#0:script/workspace/loading.lua:100]: Preload file at: file:///home/astor/neovim/tool/lua-server/meta/3rd/Cocos4.0/library/cc/TransitionJumpZoom.lua , size = 0.505 KB
[00:59:52.377][info] [#0:script/workspace/loading.lua:100]: Preload file at: file:///home/astor/neovim/tool/lua-server/meta/3rd/Cocos4.0/library/cc/EventListenerFocus.lua , size = 0.407 KB
[00:59:52.378][info] [#0:script/workspace/loading.lua:100]: Preload file at: file:///home/astor/neovim/tool/lua-server/meta/3rd/Cocos4.0/library/cc/Show.lua , size = 0.450 KB
[00:59:52.379][info] [#0:script/workspace/loading.lua:100]: Preload file at: file:///home/astor/neovim/tool/lua-server/meta/3rd/Cocos4.0/library/cc/Action.lua , size = 2.990 KB
[00:59:52.382][info] [#0:script/workspace/loading.lua:100]: Preload file at: file:///home/astor/neovim/tool/lua-server/meta/3rd/Cocos4.0/library/cc/TransitionPageTurn.lua , size = 1.913 KB
[00:59:52.383][info] [#0:script/workspace/loading.lua:100]: Preload file at: file:///home/astor/neovim/tool/lua-server/meta/3rd/Cocos4.0/library/cc/NavMesh.lua , size = 1.389 KB
[00:59:52.385][info] [#0:script/workspace/loading.lua:100]: Preload file at: file:///home/astor/neovim/tool/lua-server/meta/3rd/Cocos4.0/library/cc/MotionStreak3D.lua , size = 4.334 KB
[00:59:52.390][info] [#0:script/workspace/loading.lua:100]: Preload file at: file:///home/astor/neovim/tool/lua-server/meta/3rd/Cocos4.0/library/cc/Manifest.lua , size = 0.830 KB
[00:59:52.391][info] [#0:script/workspace/loading.lua:100]: Preload file at: file:///home/astor/neovim/tool/lua-server/meta/3rd/Cocos4.0/library/cc/PhysicsShapePolygon.lua , size = 0.770 KB
[00:59:52.392][info] [#0:script/workspace/loading.lua:100]: Preload file at: file:///home/astor/neovim/tool/lua-server/meta/3rd/Cocos4.0/library/cc/SpriteFrame.lua , size = 6.188 KB
[00:59:52.397][info] [#0:script/workspace/loading.lua:100]: Preload file at: file:///home/astor/neovim/tool/lua-server/meta/3rd/Cocos4.0/library/cc/CallFunc.lua , size = 0.419 KB
[00:59:52.398][info] [#0:script/workspace/loading.lua:100]: Preload file at: file:///home/astor/neovim/tool/lua-server/meta/3rd/Cocos4.0/library/cc/TMXTilesetInfo.lua , size = 0.276 KB
[00:59:52.399][info] [#0:script/workspace/loading.lua:100]: Preload file at: file:///home/astor/neovim/tool/lua-server/meta/3rd/Cocos4.0/library/cc/Physics3DComponent.lua , size = 1.499 KB
[00:59:52.401][info] [#0:script/workspace/loading.lua:100]: Preload file at: file:///home/astor/neovim/tool/lua-server/meta/3rd/Cocos4.0/library/cc/Animation3D.lua , size = 0.772 KB
[00:59:52.402][info] [#0:script/workspace/loading.lua:100]: Preload file at: file:///home/astor/neovim/tool/lua-server/meta/3rd/Cocos4.0/library/cc/SpriteFrameCache.lua , size = 4.512 KB
[00:59:52.405][info] [#0:script/workspace/loading.lua:100]: Preload file at: file:///home/astor/neovim/tool/lua-server/meta/3rd/Cocos4.0/library/cc/EventController.lua , size = 1.176 KB
[00:59:52.407][info] [#0:script/workspace/loading.lua:100]: Preload file at: file:///home/astor/neovim/tool/lua-server/meta/3rd/Cocos4.0/library/cc/ParticleSpiral.lua , size = 0.834 KB
[00:59:52.408][info] [#0:script/workspace/loading.lua:100]: Preload file at: file:///home/astor/neovim/tool/lua-server/meta/3rd/Cocos4.0/library/cc/FastTMXTiledMap.lua , size = 3.218 KB
[00:59:52.411][info] [#0:script/workspace/loading.lua:100]: Preload file at: file:///home/astor/neovim/tool/lua-server/meta/3rd/Cocos4.0/library/cc/SpriteBatchNode.lua , size = 6.760 KB
[00:59:52.416][info] [#0:script/workspace/loading.lua:100]: Preload file at: file:///home/astor/neovim/tool/lua-server/meta/3rd/Cocos4.0/library/cc/RotateTo.lua , size = 1.013 KB
[00:59:52.418][info] [#0:script/workspace/loading.lua:100]: Preload file at: file:///home/astor/neovim/tool/lua-server/meta/3rd/Cocos4.0/library/cc/CameraBackgroundBrush.lua , size = 2.170 KB
[00:59:52.420][info] [#0:script/workspace/loading.lua:100]: Preload file at: file:///home/astor/neovim/tool/lua-server/meta/3rd/Cocos4.0/library/cc/EventMouse.lua , size = 3.103 KB
[00:59:52.422][info] [#0:script/workspace/loading.lua:100]: Preload file at: file:///home/astor/neovim/tool/lua-server/meta/3rd/Cocos4.0/library/cc/EaseQuarticActionOut.lua , size = 0.535 KB
[00:59:52.423][info] [#0:script/workspace/loading.lua:100]: Preload file at: file:///home/astor/neovim/tool/lua-server/meta/3rd/Cocos4.0/library/cc/ScaleBy.lua , size = 0.639 KB
[00:59:52.424][info] [#0:script/workspace/loading.lua:100]: Preload file at: file:///home/astor/neovim/tool/lua-server/meta/3rd/Cocos4.0/library/cc/FadeTo.lua , size = 0.961 KB
[00:59:52.426][info] [#0:script/workspace/loading.lua:100]: Preload file at: file:///home/astor/neovim/tool/lua-server/meta/3rd/Cocos4.0/library/cc/CSLoader.lua , size = 1.554 KB
[00:59:52.428][info] [#0:script/workspace/loading.lua:100]: Preload file at: file:///home/astor/neovim/tool/lua-server/meta/3rd/Cocos4.0/library/cc/EventListenerAcceleration.lua , size = 0.504 KB
[00:59:52.429][info] [#0:script/workspace/loading.lua:100]: Preload file at: file:///home/astor/neovim/tool/lua-server/meta/3rd/Cocos4.0/library/cc/PhysicsJointPin.lua , size = 0.599 KB
[00:59:52.430][info] [#0:script/workspace/loading.lua:100]: Preload file at: file:///home/astor/neovim/tool/lua-server/meta/3rd/Cocos4.0/library/cc/Physics3D6DofConstraint.lua , size = 2.252 KB
[00:59:52.432][info] [#0:script/workspace/loading.lua:100]: Preload file at: file:///home/astor/neovim/tool/lua-server/meta/3rd/Cocos4.0/library/cc/ParticleSun.lua , size = 0.793 KB
[00:59:52.433][info] [#0:script/workspace/loading.lua:100]: Preload file at: file:///home/astor/neovim/tool/lua-server/meta/3rd/Cocos4.0/library/cc/TransitionSlideInB.lua , size = 0.657 KB
[00:59:52.435][info] [#0:script/workspace/loading.lua:100]: Preload file at: file:///home/astor/neovim/tool/lua-server/meta/3rd/Cocos4.0/library/cc/EaseElastic.lua , size = 0.863 KB
[00:59:52.435][info] [#0:script/workspace/loading.lua:100]: Preload file at: file:///home/astor/neovim/tool/lua-server/meta/3rd/Cocos4.0/library/cc/Control.lua , size = 2.701 KB
[00:59:52.438][info] [#0:script/workspace/loading.lua:100]: Preload file at: file:///home/astor/neovim/tool/lua-server/meta/3rd/Cocos4.0/library/cc/ActionEase.lua , size = 0.699 KB
[00:59:52.439][info] [#0:script/workspace/loading.lua:100]: Preload file at: file:///home/astor/neovim/tool/lua-server/meta/3rd/Cocos4.0/library/cc/FlipY.lua , size = 0.598 KB
[00:59:52.440][info] [#0:script/workspace/loading.lua:100]: Preload file at: file:///home/astor/neovim/tool/lua-server/meta/3rd/Cocos4.0/library/cc/ParticleSnow.lua , size = 0.807 KB
[00:59:52.441][info] [#0:script/workspace/loading.lua:100]: Preload file at: file:///home/astor/neovim/tool/lua-server/meta/3rd/Cocos4.0/library/cc/JumpBy.lua , size = 1.078 KB
[00:59:52.443][info] [#0:script/workspace/loading.lua:100]: Preload file at: file:///home/astor/neovim/tool/lua-server/meta/3rd/Cocos4.0/library/cc/ProtectedNode.lua , size = 3.857 KB
[00:59:52.446][info] [#0:script/workspace/loading.lua:100]: Preload file at: file:///home/astor/neovim/tool/lua-server/meta/3rd/Cocos4.0/library/cc/TMXMapInfo.lua , size = 4.253 KB
[00:59:52.451][info] [#0:script/workspace/loading.lua:100]: Preload file at: file:///home/astor/neovim/tool/lua-server/meta/3rd/Cocos4.0/library/cc/LayerMultiplex.lua , size = 1.159 KB
[00:59:52.452][info] [#0:script/workspace/loading.lua:100]: Preload file at: file:///home/astor/neovim/tool/lua-server/meta/3rd/Cocos4.0/library/cc/MenuItemAtlasFont.lua , size = 0.563 KB
[00:59:52.453][info] [#0:script/workspace/loading.lua:100]: Preload file at: file:///home/astor/neovim/tool/lua-server/meta/3rd/Cocos4.0/library/cc/TransitionMoveInL.lua , size = 0.842 KB
[00:59:52.454][info] [#0:script/workspace/loading.lua:100]: Preload file at: file:///home/astor/neovim/tool/lua-server/meta/3rd/Cocos4.0/library/cc/Physics3DWorld.lua , size = 2.023 KB
[00:59:52.457][info] [#0:script/workspace/loading.lua:100]: Preload file at: file:///home/astor/neovim/tool/lua-server/meta/3rd/Cocos4.0/library/cc/Grid3D.lua , size = 1.199 KB
[00:59:52.458][info] [#0:script/workspace/loading.lua:100]: Preload file at: file:///home/astor/neovim/tool/lua-server/meta/3rd/Cocos4.0/library/cc/CameraBackgroundSkyBoxBrush.lua , size = 1.569 KB
[00:59:52.460][info] [#0:script/workspace/loading.lua:100]: Preload file at: file:///home/astor/neovim/tool/lua-server/meta/3rd/Cocos4.0/library/cc/CatmullRomBy.lua , size = 0.472 KB
[00:59:52.461][info] [#0:script/workspace/loading.lua:100]: Preload file at: file:///home/astor/neovim/tool/lua-server/meta/3rd/Cocos4.0/library/cc/TableView.lua , size = 2.298 KB
[00:59:52.463][info] [#0:script/workspace/loading.lua:100]: Preload file at: file:///home/astor/neovim/tool/lua-server/meta/3rd/Cocos4.0/library/cc/TransitionProgressRadialCW.lua , size = 0.579 KB
[00:59:52.464][info] [#0:script/workspace/loading.lua:100]: Preload file at: file:///home/astor/neovim/tool/lua-server/meta/3rd/Cocos4.0/library/cc/RepeatForever.lua , size = 1.188 KB
[00:59:52.466][info] [#0:script/workspace/loading.lua:100]: Preload file at: file:///home/astor/neovim/tool/lua-server/meta/3rd/Cocos4.0/library/cc/ActionTween.lua , size = 1.664 KB
[00:59:52.467][info] [#0:script/workspace/loading.lua:100]: Preload file at: file:///home/astor/neovim/tool/lua-server/meta/3rd/Cocos4.0/library/cc/EaseCubicActionInOut.lua , size = 0.535 KB
[00:59:52.468][info] [#0:script/workspace/loading.lua:100]: Preload file at: file:///home/astor/neovim/tool/lua-server/meta/3rd/Cocos4.0/library/cc/AsyncTaskPool.lua , size = 0.808 KB
[00:59:52.470][info] [#0:script/workspace/loading.lua:100]: Preload file at: file:///home/astor/neovim/tool/lua-server/meta/3rd/Cocos4.0/library/cc/DirectionLight.lua , size = 0.886 KB
[00:59:52.471][info] [#0:script/workspace/loading.lua:100]: Preload file at: file:///home/astor/neovim/tool/lua-server/meta/3rd/Cocos4.0/library/cc/EaseCircleActionIn.lua , size = 0.516 KB
[00:59:52.472][info] [#0:script/workspace/loading.lua:100]: Preload file at: file:///home/astor/neovim/tool/lua-server/meta/3rd/Cocos4.0/library/cc/ProgressFromTo.lua , size = 1.643 KB
[00:59:52.474][info] [#0:script/workspace/loading.lua:100]: Preload file at: file:///home/astor/neovim/tool/lua-server/meta/3rd/Cocos4.0/library/cc/PhysicsContact.lua , size = 0.588 KB
[00:59:52.475][info] [#0:script/workspace/loading.lua:100]: Preload file at: file:///home/astor/neovim/tool/lua-server/meta/3rd/Cocos4.0/library/cc/Physics3DSliderConstraint.lua , size = 7.630 KB
[00:59:52.482][info] [#0:script/workspace/loading.lua:100]: Preload file at: file:///home/astor/neovim/tool/lua-server/meta/3rd/Cocos4.0/library/cc/AnimationCache.lua , size = 2.083 KB
[00:59:52.484][info] [#0:script/workspace/loading.lua:100]: Preload file at: file:///home/astor/neovim/tool/lua-server/meta/3rd/Cocos4.0/library/cc/Renderer.lua , size = 9.653 KB
[00:59:52.490][info] [#0:script/workspace/loading.lua:100]: Preload file at: file:///home/astor/neovim/tool/lua-server/meta/3rd/Cocos4.0/library/cc/ParticleFire.lua , size = 0.807 KB
[00:59:52.491][info] [#0:script/workspace/loading.lua:100]: Preload file at: file:///home/astor/neovim/tool/lua-server/meta/3rd/Cocos4.0/library/cc/Texture2D.lua , size = 5.399 KB
[00:59:52.496][info] [#0:script/workspace/loading.lua:100]: Preload file at: file:///home/astor/neovim/tool/lua-server/meta/3rd/Cocos4.0/library/cc/StopGrid.lua , size = 0.500 KB
[00:59:52.497][info] [#0:script/workspace/loading.lua:100]: Preload file at: file:///home/astor/neovim/tool/lua-server/meta/3rd/Cocos4.0/library/cc/EaseQuarticActionIn.lua , size = 0.525 KB
[00:59:52.498][info] [#0:script/workspace/loading.lua:100]: Preload file at: file:///home/astor/neovim/tool/lua-server/meta/3rd/Cocos4.0/library/cc/EaseBounceOut.lua , size = 0.467 KB
[00:59:52.499][info] [#0:script/workspace/loading.lua:100]: Preload file at: file:///home/astor/neovim/tool/lua-server/meta/3rd/Cocos4.0/library/cc/EaseBezierAction.lua , size = 0.859 KB
[00:59:52.500][info] [#0:script/workspace/loading.lua:100]: Preload file at: file:///home/astor/neovim/tool/lua-server/meta/3rd/Cocos4.0/library/cc/Application.lua , size = 1.189 KB
[00:59:52.502][info] [#0:script/workspace/loading.lua:100]: Preload file at: file:///home/astor/neovim/tool/lua-server/meta/3rd/Cocos4.0/library/cc/FastTMXLayer.lua , size = 4.998 KB
[00:59:52.506][info] [#0:script/workspace/loading.lua:100]: Preload file at: file:///home/astor/neovim/tool/lua-server/meta/3rd/Cocos4.0/library/cc/Physics3DConstraint.lua , size = 1.571 KB
[00:59:52.507][info] [#0:script/workspace/loading.lua:100]: Preload file at: file:///home/astor/neovim/tool/lua-server/meta/3rd/Cocos4.0/library/cc/PhysicsJointFixed.lua , size = 0.536 KB
[00:59:52.508][info] [#0:script/workspace/loading.lua:100]: Preload file at: file:///home/astor/neovim/tool/lua-server/meta/3rd/Cocos4.0/library/cc/TargetedAction.lua , size = 1.460 KB
[00:59:52.510][info] [#0:script/workspace/loading.lua:100]: Preload file at: file:///home/astor/neovim/tool/lua-server/meta/3rd/Cocos4.0/library/cc/Controller.lua , size = 2.073 KB
[00:59:52.511][info] [#0:script/workspace/loading.lua:100]: Preload file at: file:///home/astor/neovim/tool/lua-server/meta/3rd/Cocos4.0/library/cc/AttachNode.lua , size = 0.812 KB
[00:59:52.513][info] [#0:script/workspace/loading.lua:100]: Preload file at: file:///home/astor/neovim/tool/lua-server/meta/3rd/Cocos4.0/library/cc/PhysicsShapeEdgeBox.lua , size = 0.928 KB
[00:59:52.513][info] [#0:script/workspace/loading.lua:100]: Preload file at: file:///home/astor/neovim/tool/lua-server/meta/3rd/Cocos4.0/library/cc/PhysicsShapeBox.lua , size = 0.970 KB
[00:59:52.514][info] [#0:script/workspace/loading.lua:100]: Preload file at: file:///home/astor/neovim/tool/lua-server/meta/3rd/Cocos4.0/library/cc/TransitionMoveInR.lua , size = 0.499 KB
[00:59:52.515][info] [#0:script/workspace/loading.lua:100]: Preload file at: file:///home/astor/neovim/tool/lua-server/meta/3rd/Cocos4.0/library/cc/TransitionMoveInT.lua , size = 0.499 KB
[00:59:52.516][info] [#0:script/workspace/loading.lua:100]: Preload file at: file:///home/astor/neovim/tool/lua-server/meta/3rd/Cocos4.0/library/cc/EventFocus.lua , size = 0.397 KB
[00:59:52.517][info] [#0:script/workspace/loading.lua:100]: Preload file at: file:///home/astor/neovim/tool/lua-server/meta/3rd/Cocos4.0/library/cc/TransitionFadeUp.lua , size = 0.599 KB
[00:59:52.518][info] [#0:script/workspace/loading.lua:100]: Preload file at: file:///home/astor/neovim/tool/lua-server/meta/3rd/Cocos4.0/library/cc/PhysicsJointDistance.lua , size = 0.918 KB
[00:59:52.519][info] [#0:script/workspace/loading.lua:100]: Preload file at: file:///home/astor/neovim/tool/lua-server/meta/3rd/Cocos4.0/library/cc/EventListenerPhysicsContactWithBodies.lua , size = 0.631 KB
[00:59:52.520][info] [#0:script/workspace/loading.lua:100]: Preload file at: file:///home/astor/neovim/tool/lua-server/meta/3rd/Cocos4.0/library/cc/TransitionZoomFlipX.lua , size = 0.447 KB
[00:59:52.521][info] [#0:script/workspace/loading.lua:100]: Preload file at: file:///home/astor/neovim/tool/lua-server/meta/3rd/Cocos4.0/library/cc/Speed.lua , size = 1.581 KB
[00:59:52.523][info] [#0:script/workspace/loading.lua:100]: Preload file at: file:///home/astor/neovim/tool/lua-server/meta/3rd/Cocos4.0/library/cc/Scheduler.lua , size = 1.086 KB
[00:59:52.524][info] [#0:script/workspace/loading.lua:100]: Preload file at: file:///home/astor/neovim/tool/lua-server/meta/3rd/Cocos4.0/library/cc/SplitRows.lua , size = 1.229 KB
[00:59:52.525][info] [#0:script/workspace/loading.lua:100]: Preload file at: file:///home/astor/neovim/tool/lua-server/meta/3rd/Cocos4.0/library/cc/CameraBackgroundColorBrush.lua , size = 1.068 KB
[00:59:52.527][info] [#0:script/workspace/loading.lua:100]: Preload file at: file:///home/astor/neovim/tool/lua-server/meta/3rd/Cocos4.0/library/cc/TextureCache.lua , size = 3.850 KB
[00:59:52.529][info] [#0:script/workspace/loading.lua:100]: Preload file at: file:///home/astor/neovim/tool/lua-server/meta/3rd/Cocos4.0/library/cc/FlipY3D.lua , size = 0.564 KB
[00:59:52.530][info] [#0:script/workspace/loading.lua:100]: Preload file at: file:///home/astor/neovim/tool/lua-server/meta/3rd/Cocos4.0/library/cc/Node.lua , size = 34.564 KB
[00:59:52.553][info] [#0:script/workspace/loading.lua:100]: Preload file at: file:///home/astor/neovim/tool/lua-server/meta/3rd/Cocos4.0/library/cc/ActionCamera.lua , size = 0.957 KB
[00:59:52.555][info] [#0:script/workspace/loading.lua:100]: Preload file at: file:///home/astor/neovim/tool/lua-server/meta/3rd/Cocos4.0/library/cc/TransitionProgressRadialCCW.lua , size = 0.587 KB
[00:59:52.555][info] [#0:script/workspace/loading.lua:100]: Preload file at: file:///home/astor/neovim/tool/lua-server/meta/3rd/Cocos4.0/library/cc/Device.lua , size = 1.037 KB
[00:59:52.557][info] [#0:script/workspace/loading.lua:100]: Preload file at: file:///home/astor/neovim/tool/lua-server/meta/3rd/Cocos4.0/library/cc/Component.lua , size = 0.790 KB
[00:59:52.558][info] [#0:script/workspace/loading.lua:100]: Preload file at: file:///home/astor/neovim/tool/lua-server/meta/3rd/Cocos4.0/library/cc/Sprite.lua , size = 12.740 KB
[00:59:52.568][info] [#0:script/workspace/loading.lua:100]: Preload file at: file:///home/astor/neovim/tool/lua-server/meta/3rd/Cocos4.0/library/cc/Terrain.lua , size = 3.620 KB
[00:59:52.572][info] [#0:script/workspace/loading.lua:100]: Preload file at: file:///home/astor/neovim/tool/lua-server/meta/3rd/Cocos4.0/library/cc/ParticleBatchNode.lua , size = 4.268 KB
[00:59:52.575][info] [#0:script/workspace/loading.lua:100]: Preload file at: file:///home/astor/neovim/tool/lua-server/meta/3rd/Cocos4.0/library/cc/Skybox.lua , size = 1.296 KB
[00:59:52.577][info] [#0:script/workspace/loading.lua:100]: Preload file at: file:///home/astor/neovim/tool/lua-server/meta/3rd/Cocos4.0/library/cc/TransitionFadeDown.lua , size = 0.616 KB
[00:59:52.578][info] [#0:script/workspace/loading.lua:100]: Preload file at: file:///home/astor/neovim/tool/lua-server/meta/3rd/Cocos4.0/library/cc/TransitionSceneOriented.lua , size = 0.903 KB
[00:59:52.579][info] [#0:script/workspace/loading.lua:100]: Preload file at: file:///home/astor/neovim/tool/lua-server/meta/3rd/Cocos4.0/library/cc/SpotLight.lua , size = 2.281 KB
[00:59:52.581][info] [#0:script/workspace/loading.lua:100]: Preload file at: file:///home/astor/neovim/tool/lua-server/meta/3rd/Cocos4.0/library/cc/ActionInterval.lua , size = 1.119 KB
[00:59:52.582][info] [#0:script/workspace/loading.lua:100]: Preload file at: file:///home/astor/neovim/tool/lua-server/meta/3rd/Cocos4.0/library/cc/Sprite3D.lua , size = 3.923 KB
[00:59:52.586][info] [#0:script/workspace/loading.lua:100]: Preload file at: file:///home/astor/neovim/tool/lua-server/meta/3rd/Cocos4.0/library/cc/TransitionZoomFlipAngular.lua , size = 0.488 KB
[00:59:52.587][info] [#0:script/workspace/loading.lua:100]: Preload file at: file:///home/astor/neovim/tool/lua-server/meta/3rd/Cocos4.0/library/cc/PhysicsJointRotaryLimit.lua , size = 1.005 KB
[00:59:52.589][info] [#0:script/workspace/loading.lua:100]: Preload file at: file:///home/astor/neovim/tool/lua-server/meta/3rd/Cocos4.0/library/cc/ProgressTimer.lua , size = 3.866 KB
[00:59:52.592][info] [#0:script/workspace/loading.lua:100]: Preload file at: file:///home/astor/neovim/tool/lua-server/meta/3rd/Cocos4.0/library/cc/EventListenerPhysicsContactWithGroup.lua , size = 0.576 KB
[00:59:52.593][info] [#0:script/workspace/loading.lua:100]: Preload file at: file:///home/astor/neovim/tool/lua-server/meta/3rd/Cocos4.0/library/cc/Lens3D.lua , size = 2.371 KB
[00:59:52.595][info] [#0:script/workspace/loading.lua:100]: Preload file at: file:///home/astor/neovim/tool/lua-server/meta/3rd/Cocos4.0/library/cc/PhysicsShapeEdgePolygon.lua , size = 0.434 KB
[00:59:52.596][info] [#0:script/workspace/loading.lua:100]: Preload file at: file:///home/astor/neovim/tool/lua-server/meta/3rd/Cocos4.0/library/cc/TransitionZoomFlipY.lua , size = 0.447 KB
[00:59:52.597][info] [#0:script/workspace/loading.lua:100]: Preload file at: file:///home/astor/neovim/tool/lua-server/meta/3rd/Cocos4.0/library/cc/TransitionProgress.lua , size = 0.506 KB
[00:59:52.598][info] [#0:script/workspace/loading.lua:100]: Preload file at: file:///home/astor/neovim/tool/lua-server/meta/3rd/Cocos4.0/library/cc/EventListenerKeyboard.lua , size = 0.434 KB
[00:59:52.600][info] [#0:script/workspace/loading.lua:100]: Preload file at: file:///home/astor/neovim/tool/lua-server/meta/3rd/Cocos4.0/library/cc/TransitionProgressOutIn.lua , size = 0.556 KB
[00:59:52.602][info] [#0:script/workspace/loading.lua:100]: Preload file at: file:///home/astor/neovim/tool/lua-server/meta/3rd/Cocos4.0/library/cc/PointLight.lua , size = 0.720 KB
[00:59:52.603][info] [#0:script/workspace/loading.lua:100]: Preload file at: file:///home/astor/neovim/tool/lua-server/meta/3rd/Cocos4.0/library/cc/Mesh.lua , size = 2.224 KB
[00:59:52.607][info] [#0:script/workspace/loading.lua:100]: Preload file at: file:///home/astor/neovim/tool/lua-server/meta/3rd/Cocos4.0/library/cc/ControlSwitch.lua , size = 2.275 KB
[00:59:52.610][info] [#0:script/workspace/loading.lua:100]: Preload file at: file:///home/astor/neovim/tool/lua-server/meta/3rd/Cocos4.0/library/cc/EaseCircleActionOut.lua , size = 0.525 KB
[00:59:52.612][info] [#0:script/workspace/loading.lua:100]: Preload file at: file:///home/astor/neovim/tool/lua-server/meta/3rd/Cocos4.0/library/cc/PhysicsJoint.lua , size = 1.444 KB
[00:59:52.614][info] [#0:script/workspace/loading.lua:100]: Preload file at: file:///home/astor/neovim/tool/lua-server/meta/3rd/Cocos4.0/library/cc/TableViewCell.lua , size = 0.547 KB
[00:59:52.615][info] [#0:script/workspace/loading.lua:100]: Preload file at: file:///home/astor/neovim/tool/lua-server/meta/3rd/Cocos4.0/library/cc/EaseElasticIn.lua , size = 0.495 KB
[00:59:52.616][info] [#0:script/workspace/loading.lua:100]: Preload file at: file:///home/astor/neovim/tool/lua-server/meta/3rd/Cocos4.0/library/cc/Repeat.lua , size = 1.354 KB
[00:59:52.617][info] [#0:script/workspace/loading.lua:100]: Preload file at: file:///home/astor/neovim/tool/lua-server/meta/3rd/Cocos4.0/library/cc/Hide.lua , size = 0.449 KB
[00:59:52.618][info] [#0:script/workspace/loading.lua:100]: Preload file at: file:///home/astor/neovim/tool/lua-server/meta/3rd/Cocos4.0/library/cc/Animation.lua , size = 4.433 KB
[00:59:52.621][info] [#0:script/workspace/loading.lua:100]: Preload file at: file:///home/astor/neovim/tool/lua-server/meta/3rd/Cocos4.0/library/cc/TransitionSplitCols.lua , size = 1.034 KB
[00:59:52.623][info] [#0:script/workspace/loading.lua:100]: Preload file at: file:///home/astor/neovim/tool/lua-server/meta/3rd/Cocos4.0/library/cc/EaseElasticInOut.lua , size = 0.524 KB
[00:59:52.624][info] [#0:script/workspace/loading.lua:100]: Preload file at: file:///home/astor/neovim/tool/lua-server/meta/3rd/Cocos4.0/library/cc/EventListenerCustom.lua , size = 0.366 KB
[00:59:52.625][info] [#0:script/workspace/loading.lua:100]: Preload file at: file:///home/astor/neovim/tool/lua-server/meta/3rd/Cocos4.0/library/cc/FlipX3D.lua , size = 1.307 KB
[00:59:52.626][info] [#0:script/workspace/loading.lua:100]: Preload file at: file:///home/astor/neovim/tool/lua-server/meta/3rd/Cocos4.0/library/cc/PhysicsJointSpring.lua , size = 1.999 KB
[00:59:52.628][info] [#0:script/workspace/loading.lua:100]: Preload file at: file:///home/astor/neovim/tool/lua-server/meta/3rd/Cocos4.0/library/cc/Menu.lua , size = 1.999 KB
[00:59:52.631][info] [#0:script/workspace/loading.lua:100]: Preload file at: file:///home/astor/neovim/tool/lua-server/meta/3rd/Cocos4.0/library/cc/EventDispatcher.lua , size = 5.170 KB
[00:59:52.634][info] [#0:script/workspace/loading.lua:100]: Preload file at: file:///home/astor/neovim/tool/lua-server/meta/3rd/Cocos4.0/library/cc/EaseExponentialIn.lua , size = 0.506 KB
[00:59:52.634][info] [#0:script/workspace/loading.lua:100]: Preload file at: file:///home/astor/neovim/tool/lua-server/meta/3rd/Cocos4.0/library/cc/AtlasNode.lua , size = 3.055 KB
[00:59:52.638][info] [#0:script/workspace/loading.lua:100]: Preload file at: file:///home/astor/neovim/tool/lua-server/meta/3rd/Cocos4.0/library/cc/ControlStepper.lua , size = 2.812 KB
[00:59:52.641][info] [#0:script/workspace/loading.lua:100]: Preload file at: file:///home/astor/neovim/tool/lua-server/meta/3rd/Cocos4.0/library/cc/PhysicsSprite3D.lua , size = 0.651 KB
[00:59:52.642][info] [#0:script/workspace/loading.lua:100]: Preload file at: file:///home/astor/neovim/tool/lua-server/meta/3rd/Cocos4.0/library/cc/EaseBounceInOut.lua , size = 0.486 KB
[00:59:52.643][info] [#0:script/workspace/loading.lua:100]: Preload file at: file:///home/astor/neovim/tool/lua-server/meta/3rd/Cocos4.0/library/cc/AudioEngine.lua , size = 5.667 KB
[00:59:52.647][info] [#0:script/workspace/loading.lua:100]: Preload file at: file:///home/astor/neovim/tool/lua-server/meta/3rd/Cocos4.0/library/cc/Technique.lua , size = 1.156 KB
[00:59:52.648][info] [#0:script/workspace/loading.lua:100]: Preload file at: file:///home/astor/neovim/tool/lua-server/meta/3rd/Cocos4.0/library/cc/PhysicsShapeCircle.lua , size = 1.737 KB
[00:59:52.650][info] [#0:script/workspace/loading.lua:100]: Preload file at: file:///home/astor/neovim/tool/lua-server/meta/3rd/Cocos4.0/library/cc/MenuItemToggle.lua , size = 1.230 KB
[00:59:52.652][info] [#0:script/workspace/loading.lua:100]: Preload file at: file:///home/astor/neovim/tool/lua-server/meta/3rd/Cocos4.0/library/cc/TiledGrid3D.lua , size = 0.811 KB
[00:59:52.653][info] [#0:script/workspace/loading.lua:100]: Preload file at: file:///home/astor/neovim/tool/lua-server/meta/3rd/Cocos4.0/library/cc/TransitionFlipY.lua , size = 0.420 KB
[00:59:52.654][info] [#0:script/workspace/loading.lua:100]: Preload file at: file:///home/astor/neovim/tool/lua-server/meta/3rd/Cocos4.0/library/cc/CatmullRomTo.lua , size = 0.471 KB
[00:59:52.655][info] [#0:script/workspace/loading.lua:100]: Preload file at: file:///home/astor/neovim/tool/lua-server/meta/3rd/Cocos4.0/library/cc/Ref.lua , size = 0.658 KB
[00:59:52.656][info] [#0:script/workspace/loading.lua:100]: Preload file at: file:///home/astor/neovim/tool/lua-server/meta/3rd/Cocos4.0/library/cc/EaseSineIn.lua , size = 0.438 KB
[00:59:52.657][info] [#0:script/workspace/loading.lua:100]: Preload file at: file:///home/astor/neovim/tool/lua-server/meta/3rd/Cocos4.0/library/cc/OrbitCamera.lua , size = 1.466 KB
[00:59:52.658][info] [#0:script/workspace/loading.lua:100]: Preload file at: file:///home/astor/neovim/tool/lua-server/meta/3rd/Cocos4.0/library/cc/EaseQuinticActionIn.lua , size = 0.525 KB
[00:59:52.659][info] [#0:script/workspace/loading.lua:100]: Preload file at: file:///home/astor/neovim/tool/lua-server/meta/3rd/Cocos4.0/library/cc/Console.lua , size = 0.992 KB
[00:59:52.661][info] [#0:script/workspace/loading.lua:100]: Preload file at: file:///home/astor/neovim/tool/lua-server/meta/3rd/Cocos4.0/library/cc/LayerColor.lua , size = 2.000 KB
[00:59:52.663][info] [#0:script/workspace/loading.lua:100]: Preload file at: file:///home/astor/neovim/tool/lua-server/meta/3rd/Cocos4.0/library/cc/ParticleData.lua , size = 0.453 KB
[00:59:52.664][info] [#0:script/workspace/loading.lua:100]: Preload file at: file:///home/astor/neovim/tool/lua-server/meta/3rd/Cocos4.0/library/cc/ParticleExplosion.lua , size = 0.875 KB
[00:59:52.665][info] [#0:script/workspace/loading.lua:100]: Preload file at: file:///home/astor/neovim/tool/lua-server/meta/3rd/Cocos4.0/library/cc/TransitionCrossFade.lua , size = 0.693 KB
[00:59:52.666][info] [#0:script/workspace/loading.lua:100]: Preload file at: file:///home/astor/neovim/tool/lua-server/meta/3rd/Cocos4.0/library/cc/ClippingRectangleNode.lua , size = 1.300 KB
[00:59:52.668][info] [#0:script/workspace/loading.lua:100]: Preload file at: file:///home/astor/neovim/tool/lua-server/meta/3rd/Cocos4.0/library/cc/PhysicsContactPostSolve.lua , size = 0.472 KB
[00:59:52.668][info] [#0:script/workspace/loading.lua:100]: Preload file at: file:///home/astor/neovim/tool/lua-server/meta/3rd/Cocos4.0/library/cc/TransitionProgressVertical.lua , size = 0.579 KB
[00:59:52.669][info] [#0:script/workspace/loading.lua:100]: Preload file at: file:///home/astor/neovim/tool/lua-server/meta/3rd/Cocos4.0/library/cc/LayerGradient.lua , size = 3.321 KB
[00:59:52.672][info] [#0:script/workspace/loading.lua:100]: Preload file at: file:///home/astor/neovim/tool/lua-server/meta/3rd/Cocos4.0/library/cc/ReuseGrid.lua , size = 0.963 KB
[00:59:52.673][info] [#0:script/workspace/loading.lua:100]: Preload file at: file:///home/astor/neovim/tool/lua-server/meta/3rd/Cocos4.0/library/cc/ShuffleTiles.lua , size = 1.523 KB
[00:59:52.675][info] [#0:script/workspace/loading.lua:100]: Preload file at: file:///home/astor/neovim/tool/lua-server/meta/3rd/Cocos4.0/library/cc/TransitionFlipAngular.lua , size = 0.461 KB
[00:59:52.676][info] [#0:script/workspace/loading.lua:100]: Preload file at: file:///home/astor/neovim/tool/lua-server/meta/3rd/Cocos4.0/library/cc/AutoPolygon.lua , size = 0.413 KB
[00:59:52.677][info] [#0:script/workspace/loading.lua:100]: Preload file at: file:///home/astor/neovim/tool/lua-server/meta/3rd/Cocos4.0/library/cc/FadeOutBLTiles.lua , size = 0.792 KB
[00:59:52.677][info] [#0:script/workspace/loading.lua:100]: Preload file at: file:///home/astor/neovim/tool/lua-server/meta/3rd/Cocos4.0/library/cc/PhysicsJointGear.lua , size = 1.062 KB
[00:59:52.679][info] [#0:script/workspace/loading.lua:100]: Preload file at: file:///home/astor/neovim/tool/lua-server/meta/3rd/Cocos4.0/library/cc/TransitionProgressInOut.lua , size = 0.556 KB
[00:59:52.680][info] [#0:script/workspace/loading.lua:100]: Preload file at: file:///home/astor/neovim/tool/lua-server/meta/3rd/Cocos4.0/library/cc/EventListenerAssetsManagerEx.lua , size = 0.659 KB
[00:59:52.681][info] [#0:script/workspace/loading.lua:100]: Preload file at: file:///home/astor/neovim/tool/lua-server/meta/3rd/Cocos4.0/library/cc/MenuItemSprite.lua , size = 1.645 KB
[00:59:52.683][info] [#0:script/workspace/loading.lua:100]: Preload file at: file:///home/astor/neovim/tool/lua-server/meta/3rd/Cocos4.0/library/cc/Sprite3DCache.lua , size = 0.557 KB
[00:59:52.683][info] [#0:script/workspace/loading.lua:100]: Preload file at: file:///home/astor/neovim/tool/lua-server/meta/3rd/Cocos4.0/library/cc/NavMeshAgent.lua , size = 3.547 KB
[00:59:52.687][info] [#0:script/workspace/loading.lua:100]: Preload file at: file:///home/astor/neovim/tool/lua-server/meta/3rd/Cocos4.0/library/cc/EaseQuadraticActionIn.lua , size = 0.545 KB
[00:59:52.688][info] [#0:script/workspace/loading.lua:100]: Preload file at: file:///home/astor/neovim/tool/lua-server/meta/3rd/Cocos4.0/library/cc/ControlPotentiometer.lua , size = 3.533 KB
[00:59:52.691][info] [#0:script/workspace/loading.lua:100]: Preload file at: file:///home/astor/neovim/tool/lua-server/meta/3rd/Cocos4.0/library/cc/EaseBackOut.lua , size = 0.447 KB
[00:59:52.693][info] [#0:script/workspace/loading.lua:100]: Preload file at: file:///home/astor/neovim/tool/lua-server/meta/3rd/Cocos4.0/library/cc/Physics3DObject.lua , size = 1.230 KB
[00:59:52.694][info] [#0:script/workspace/loading.lua:100]: Preload file at: file:///home/astor/neovim/tool/lua-server/meta/3rd/Cocos4.0/library/cc/EventCustom.lua , size = 0.395 KB
[00:59:52.695][info] [#0:script/workspace/loading.lua:100]: Preload file at: file:///home/astor/neovim/tool/lua-server/meta/3rd/Cocos4.0/library/cc/ScaleTo.lua , size = 1.072 KB
[00:59:52.697][info] [#0:script/workspace/loading.lua:100]: Preload file at: file:///home/astor/neovim/tool/lua-server/meta/3rd/Cocos4.0/library/cc/Camera.lua , size = 5.797 KB
[00:59:52.702][info] [#0:script/workspace/loading.lua:100]: Preload file at: file:///home/astor/neovim/tool/lua-server/meta/3rd/Cocos4.0/library/cc/LayerRadialGradient.lua , size = 2.853 KB
[00:59:52.705][info] [#0:script/workspace/loading.lua:100]: Preload file at: file:///home/astor/neovim/tool/lua-server/meta/3rd/Cocos4.0/library/cc/GLViewImpl.lua , size = 0.675 KB
[00:59:52.706][info] [#0:script/workspace/loading.lua:100]: Preload file at: file:///home/astor/neovim/tool/lua-server/meta/3rd/Cocos4.0/library/cc/MenuItemLabel.lua , size = 1.366 KB
[00:59:52.708][info] [#0:script/workspace/loading.lua:100]: Preload file at: file:///home/astor/neovim/tool/lua-server/meta/3rd/Cocos4.0/library/cc/TintTo.lua , size = 1.016 KB
[00:59:52.709][info] [#0:script/workspace/loading.lua:100]: Preload file at: file:///home/astor/neovim/tool/lua-server/meta/3rd/Cocos4.0/library/cc/ParallaxNode.lua , size = 1.611 KB
[00:59:52.711][info] [#0:script/workspace/loading.lua:100]: Preload file at: file:///home/astor/neovim/tool/lua-server/meta/3rd/Cocos4.0/library/cc/ToggleVisibility.lua , size = 0.566 KB
[00:59:52.712][info] [#0:script/workspace/loading.lua:100]: Preload file at: file:///home/astor/neovim/tool/lua-server/meta/3rd/Cocos4.0/library/cc/ParticleGalaxy.lua , size = 0.834 KB
[00:59:52.713][info] [#0:script/workspace/loading.lua:100]: Preload file at: file:///home/astor/neovim/tool/lua-server/meta/3rd/Cocos4.0/library/cc/FadeOutDownTiles.lua , size = 0.813 KB
[00:59:52.714][info] [#0:script/workspace/loading.lua:100]: Preload file at: file:///home/astor/neovim/tool/lua-server/meta/3rd/Cocos4.0/library/cc/EaseQuinticActionOut.lua , size = 0.535 KB
[00:59:52.715][info] [#0:script/workspace/loading.lua:100]: Preload file at: file:///home/astor/neovim/tool/lua-server/meta/3rd/Cocos4.0/library/cc/Blink.lua , size = 0.887 KB
[00:59:52.717][info] [#0:script/workspace/loading.lua:100]: Preload file at: file:///home/astor/neovim/tool/lua-server/meta/3rd/Cocos4.0/library/cc/TurnOffTiles.lua , size = 1.593 KB
[00:59:52.718][info] [#0:script/workspace/loading.lua:100]: Preload file at: file:///home/astor/neovim/tool/lua-server/meta/3rd/Cocos4.0/library/cc/PhysicsJointGroove.lua , size = 1.404 KB
[00:59:52.720][info] [#0:script/workspace/loading.lua:100]: Preload file at: file:///home/astor/neovim/tool/lua-server/meta/3rd/Cocos4.0/library/cc/EventListenerTouchOneByOne.lua , size = 0.841 KB
[00:59:52.721][info] [#0:script/workspace/loading.lua:100]: Preload file at: file:///home/astor/neovim/tool/lua-server/meta/3rd/Cocos4.0/library/cc/EventListenerPhysicsContactWithShapes.lua , size = 0.637 KB
[00:59:52.722][info] [#0:script/workspace/loading.lua:100]: Preload file at: file:///home/astor/neovim/tool/lua-server/meta/3rd/Cocos4.0/library/cc/EaseBackInOut.lua , size = 0.467 KB
[00:59:52.723][info] [#0:script/workspace/loading.lua:100]: Preload file at: file:///home/astor/neovim/tool/lua-server/meta/3rd/Cocos4.0/library/cc/EventKeyboard.lua , size = 0.354 KB
[00:59:52.724][info] [#0:script/workspace/loading.lua:100]: Preload file at: file:///home/astor/neovim/tool/lua-server/meta/3rd/Cocos4.0/library/cc/Bundle3D.lua , size = 1.631 KB
[00:59:52.726][info] [#0:script/workspace/loading.lua:100]: Preload file at: file:///home/astor/neovim/tool/lua-server/meta/3rd/Cocos4.0/library/cc/Physics3DShape.lua , size = 1.758 KB
[00:59:52.728][info] [#0:script/workspace/loading.lua:100]: Preload file at: file:///home/astor/neovim/tool/lua-server/meta/3rd/Cocos4.0/library/cc/EaseQuinticActionInOut.lua , size = 0.555 KB
[00:59:52.729][info] [#0:script/workspace/loading.lua:100]: Preload file at: file:///home/astor/neovim/tool/lua-server/meta/3rd/Cocos4.0/library/cc/TransitionFadeTR.lua , size = 1.082 KB
[00:59:52.730][info] [#0:script/workspace/loading.lua:100]: Preload file at: file:///home/astor/neovim/tool/lua-server/meta/3rd/Cocos4.0/library/cc/TransitionSplitRows.lua , size = 0.591 KB
[00:59:52.732][info] [#0:script/workspace/loading.lua:100]: Preload file at: file:///home/astor/neovim/tool/lua-server/meta/3rd/Cocos4.0/library/cc/EaseCubicActionOut.lua , size = 0.516 KB
[00:59:52.733][info] [#0:script/workspace/loading.lua:100]: Preload file at: file:///home/astor/neovim/tool/lua-server/meta/3rd/Cocos4.0/library/cc/TransitionSlideInT.lua , size = 0.657 KB
[00:59:52.733][info] [#0:script/workspace/loading.lua:100]: Preload file at: file:///home/astor/neovim/tool/lua-server/meta/3rd/Cocos4.0/library/cc/PhysicsContactPreSolve.lua , size = 0.985 KB
[00:59:52.735][info] [#0:script/workspace/loading.lua:100]: Preload file at: file:///home/astor/neovim/tool/lua-server/meta/3rd/Cocos4.0/library/cc/MenuItemImage.lua , size = 1.020 KB
[00:59:52.736][info] [#0:script/workspace/loading.lua:100]: Preload file at: file:///home/astor/neovim/tool/lua-server/meta/3rd/Cocos4.0/library/cc/TransitionTurnOffTiles.lua , size = 0.902 KB
[00:59:52.737][info] [#0:script/workspace/loading.lua:100]: Preload file at: file:///home/astor/neovim/tool/lua-server/meta/3rd/Cocos4.0/library/cc/PhysicsJointRotarySpring.lua , size = 1.456 KB
[00:59:52.739][info] [#0:script/workspace/loading.lua:100]: Preload file at: file:///home/astor/neovim/tool/lua-server/meta/3rd/Cocos4.0/library/cc/EventListener.lua , size = 1.010 KB
[00:59:52.740][info] [#0:script/workspace/loading.lua:100]: Preload file at: file:///home/astor/neovim/tool/lua-server/meta/3rd/Cocos4.0/library/cc/LabelAtlas.lua , size = 1.300 KB
[00:59:52.742][info] [#0:script/workspace/loading.lua:100]: Preload file at: file:///home/astor/neovim/tool/lua-server/meta/3rd/Cocos4.0/library/cc/JumpTiles3D.lua , size = 2.396 KB
[00:59:52.744][info] [#0:script/workspace/loading.lua:100]: Preload file at: file:///home/astor/neovim/tool/lua-server/meta/3rd/Cocos4.0/library/cc/TMXObjectGroup.lua , size = 2.016 KB
[00:59:52.746][info] [#0:script/workspace/loading.lua:100]: Preload file at: file:///home/astor/neovim/tool/lua-server/meta/3rd/Cocos4.0/library/cc/Layer.lua , size = 0.352 KB
[00:59:52.747][info] [#0:script/workspace/loading.lua:100]: Preload file at: file:///home/astor/neovim/tool/lua-server/meta/3rd/Cocos4.0/library/cc/EaseBounceIn.lua , size = 0.457 KB
[00:59:52.748][info] [#0:script/workspace/loading.lua:100]: Preload file at: file:///home/astor/neovim/tool/lua-server/meta/3rd/Cocos4.0/library/cc/ControlSlider.lua , size = 3.020 KB
[00:59:52.752][info] [#0:script/workspace/loading.lua:100]: Preload file at: file:///home/astor/neovim/tool/lua-server/meta/3rd/Cocos4.0/library/cc/UserDefault.lua , size = 3.116 KB
[00:59:52.755][info] [#0:script/workspace/loading.lua:100]: Preload file at: file:///home/astor/neovim/tool/lua-server/meta/3rd/Cocos4.0/library/cc/ParticleSystem.lua , size = 19.496 KB
[00:59:52.772][info] [#0:script/workspace/loading.lua:100]: Preload file at: file:///home/astor/neovim/tool/lua-server/meta/3rd/Cocos4.0/library/cc/Ripple3D.lua , size = 3.110 KB
[00:59:52.775][info] [#0:script/workspace/loading.lua:100]: Preload file at: file:///home/astor/neovim/tool/lua-server/meta/3rd/Cocos4.0/library/cc/SkewBy.lua , size = 0.798 KB
[00:59:52.776][info] [#0:script/workspace/loading.lua:100]: Preload file at: file:///home/astor/neovim/tool/lua-server/meta/3rd/Cocos4.0/library/ccui/PageView.lua , size = 6.413 KB
[00:59:52.781][info] [#0:script/workspace/loading.lua:100]: Preload file at: file:///home/astor/neovim/tool/lua-server/meta/3rd/Cocos4.0/library/ccui/ScrollView.lua , size = 14.854 KB
[00:59:52.794][info] [#0:script/workspace/loading.lua:100]: Preload file at: file:///home/astor/neovim/tool/lua-server/meta/3rd/Cocos4.0/library/ccui/LayoutComponent.lua , size = 9.731 KB
[00:59:52.800][info] [#0:script/workspace/loading.lua:100]: Preload file at: file:///home/astor/neovim/tool/lua-server/meta/3rd/Cocos4.0/library/ccui/TabControl.lua , size = 3.646 KB
[00:59:52.804][info] [#0:script/workspace/loading.lua:100]: Preload file at: file:///home/astor/neovim/tool/lua-server/meta/3rd/Cocos4.0/library/ccui/RichElementImage.lua , size = 1.804 KB
[00:59:52.806][info] [#0:script/workspace/loading.lua:100]: Preload file at: file:///home/astor/neovim/tool/lua-server/meta/3rd/Cocos4.0/library/ccui/ListView.lua , size = 10.846 KB
[00:59:52.815][info] [#0:script/workspace/loading.lua:100]: Preload file at: file:///home/astor/neovim/tool/lua-server/meta/3rd/Cocos4.0/library/ccui/RelativeBox.lua , size = 0.507 KB
[00:59:52.816][info] [#0:script/workspace/loading.lua:100]: Preload file at: file:///home/astor/neovim/tool/lua-server/meta/3rd/Cocos4.0/library/ccui/VideoPlayer.lua , size = 3.946 KB
[00:59:52.820][info] [#0:script/workspace/loading.lua:100]: Preload file at: file:///home/astor/neovim/tool/lua-server/meta/3rd/Cocos4.0/library/ccui/TextField.lua , size = 8.536 KB
[00:59:52.827][info] [#0:script/workspace/loading.lua:100]: Preload file at: file:///home/astor/neovim/tool/lua-server/meta/3rd/Cocos4.0/library/ccui/Scale9Sprite.lua , size = 9.171 KB
[00:59:52.834][info] [#0:script/workspace/loading.lua:100]: Preload file at: file:///home/astor/neovim/tool/lua-server/meta/3rd/Cocos4.0/library/ccui/CheckBox.lua , size = 1.060 KB
[00:59:52.836][info] [#0:script/workspace/loading.lua:100]: Preload file at: file:///home/astor/neovim/tool/lua-server/meta/3rd/Cocos4.0/library/ccui/Helper.lua , size = 2.862 KB
[00:59:52.838][info] [#0:script/workspace/loading.lua:100]: Preload file at: file:///home/astor/neovim/tool/lua-server/meta/3rd/Cocos4.0/library/ccui/TabHeader.lua , size = 2.216 KB
[00:59:52.840][info] [#0:script/workspace/loading.lua:100]: Preload file at: file:///home/astor/neovim/tool/lua-server/meta/3rd/Cocos4.0/library/ccui/AbstractCheckButton.lua , size = 5.384 KB
[00:59:52.844][info] [#0:script/workspace/loading.lua:100]: Preload file at: file:///home/astor/neovim/tool/lua-server/meta/3rd/Cocos4.0/library/ccui/Layout.lua , size = 8.391 KB
[00:59:52.850][info] [#0:script/workspace/loading.lua:100]: Preload file at: file:///home/astor/neovim/tool/lua-server/meta/3rd/Cocos4.0/library/ccui/Widget.lua , size = 16.001 KB
[00:59:52.864][info] [#0:script/workspace/loading.lua:100]: Preload file at: file:///home/astor/neovim/tool/lua-server/meta/3rd/Cocos4.0/library/ccui/RichElementNewLine.lua , size = 0.649 KB
[00:59:52.866][info] [#0:script/workspace/loading.lua:100]: Preload file at: file:///home/astor/neovim/tool/lua-server/meta/3rd/Cocos4.0/library/ccui/Slider.lua , size = 6.250 KB
[00:59:52.872][info] [#0:script/workspace/loading.lua:100]: Preload file at: file:///home/astor/neovim/tool/lua-server/meta/3rd/Cocos4.0/library/ccui/LayoutParameter.lua , size = 1.051 KB
[00:59:52.873][info] [#0:script/workspace/loading.lua:100]: Preload file at: file:///home/astor/neovim/tool/lua-server/meta/3rd/Cocos4.0/library/ccui/RichElement.lua , size = 0.793 KB
[00:59:52.874][info] [#0:script/workspace/loading.lua:100]: Preload file at: file:///home/astor/neovim/tool/lua-server/meta/3rd/Cocos4.0/library/ccui/RadioButtonGroup.lua , size = 2.799 KB
[00:59:52.877][info] [#0:script/workspace/loading.lua:100]: Preload file at: file:///home/astor/neovim/tool/lua-server/meta/3rd/Cocos4.0/library/ccui/Text.lua , size = 6.893 KB
[00:59:52.883][info] [#0:script/workspace/loading.lua:100]: Preload file at: file:///home/astor/neovim/tool/lua-server/meta/3rd/Cocos4.0/library/ccui/RichText.lua , size = 5.298 KB
[00:59:52.889][info] [#0:script/workspace/loading.lua:100]: Preload file at: file:///home/astor/neovim/tool/lua-server/meta/3rd/Cocos4.0/library/ccui/EditBox.lua , size = 11.863 KB
[00:59:52.899][info] [#0:script/workspace/loading.lua:100]: Preload file at: file:///home/astor/neovim/tool/lua-server/meta/3rd/Cocos4.0/library/ccui/TextBMFont.lua , size = 1.503 KB
[00:59:52.901][info] [#0:script/workspace/loading.lua:100]: Preload file at: file:///home/astor/neovim/tool/lua-server/meta/3rd/Cocos4.0/library/ccui/RadioButton.lua , size = 1.096 KB
[00:59:52.902][info] [#0:script/workspace/loading.lua:100]: Preload file at: file:///home/astor/neovim/tool/lua-server/meta/3rd/Cocos4.0/library/ccui/Button.lua , size = 7.547 KB
[00:59:52.909][info] [#0:script/workspace/loading.lua:100]: Preload file at: file:///home/astor/neovim/tool/lua-server/meta/3rd/Cocos4.0/library/ccui/LoadingBar.lua , size = 2.740 KB
[00:59:52.912][info] [#0:script/workspace/loading.lua:100]: Preload file at: file:///home/astor/neovim/tool/lua-server/meta/3rd/Cocos4.0/library/ccui/RichElementText.lua , size = 3.038 KB
[00:59:52.914][info] [#0:script/workspace/loading.lua:100]: Preload file at: file:///home/astor/neovim/tool/lua-server/meta/3rd/Cocos4.0/library/ccui/WebView.lua , size = 2.722 KB
[00:59:52.917][info] [#0:script/workspace/loading.lua:100]: Preload file at: file:///home/astor/neovim/tool/lua-server/meta/3rd/Cocos4.0/library/ccui/HBox.lua , size = 0.444 KB
[00:59:52.918][info] [#0:script/workspace/loading.lua:100]: Preload file at: file:///home/astor/neovim/tool/lua-server/meta/3rd/Cocos4.0/library/ccui/TextAtlas.lua , size = 2.216 KB
[00:59:52.921][info] [#0:script/workspace/loading.lua:100]: Preload file at: file:///home/astor/neovim/tool/lua-server/meta/3rd/Cocos4.0/library/ccui/ImageView.lua , size = 2.977 KB
[00:59:52.923][info] [#0:script/workspace/loading.lua:100]: Preload file at: file:///home/astor/neovim/tool/lua-server/meta/3rd/Cocos4.0/library/ccui/LinearLayoutParameter.lua , size = 1.047 KB
[00:59:52.925][info] [#0:script/workspace/loading.lua:100]: Preload file at: file:///home/astor/neovim/tool/lua-server/meta/3rd/Cocos4.0/library/ccui/RichElementCustomNode.lua , size = 1.259 KB
[00:59:52.927][info] [#0:script/workspace/loading.lua:100]: Preload file at: file:///home/astor/neovim/tool/lua-server/meta/3rd/Cocos4.0/library/ccui/RelativeLayoutParameter.lua , size = 1.792 KB
[00:59:52.928][info] [#0:script/workspace/loading.lua:100]: Preload file at: file:///home/astor/neovim/tool/lua-server/meta/3rd/Cocos4.0/library/ccui/VBox.lua , size = 0.444 KB
[00:59:52.929][info] [#0:script/workspace/loading.lua:100]: Preload file at: file:///home/astor/neovim/tool/lua-server/meta/3rd/Cocos4.0/library/sp/SkeletonAnimation.lua , size = 3.215 KB
[00:59:52.933][info] [#0:script/workspace/loading.lua:100]: Preload file at: file:///home/astor/neovim/tool/lua-server/meta/3rd/Cocos4.0/library/sp/SkeletonRenderer.lua , size = 3.669 KB
[00:59:52.938][info] [#0:script/workspace/loading.lua:100]: Preload file at: file:///home/astor/neovim/tool/lua-server/meta/3rd/Cocos4.0/library/global.lua , size = 2.785 KB
[00:59:52.942][info] [#0:script/workspace/loading.lua:100]: Preload file at: file:///home/astor/neovim/tool/lua-server/meta/3rd/Cocos4.0/library/ccb/TextureBackend.lua , size = 2.083 KB
[00:59:52.944][info] [#0:script/workspace/loading.lua:100]: Preload file at: file:///home/astor/neovim/tool/lua-server/meta/3rd/Cocos4.0/library/ccb/ProgramState.lua , size = 1.635 KB
[00:59:52.945][info] [#0:script/workspace/loading.lua:100]: Preload file at: file:///home/astor/neovim/tool/lua-server/meta/3rd/Cocos4.0/library/ccb/Program.lua , size = 1.727 KB
[00:59:52.947][info] [#0:script/workspace/loading.lua:100]: Preload file at: file:///home/astor/neovim/tool/lua-server/meta/3rd/Cocos4.0/library/ccb/TextureCubemapBackend.lua , size = 0.475 KB
[00:59:52.948][info] [#0:script/workspace/loading.lua:100]: Preload file at: file:///home/astor/neovim/tool/lua-server/meta/3rd/Cocos4.0/library/ccb/Texture2DBackend.lua , size = 3.576 KB
[00:59:52.950][info] [#0:script/workspace/loading.lua:100]: Preload file at: file:///home/astor/neovim/tool/lua-server/meta/3rd/Cocos4.0/library/ccb/VertexLayout.lua , size = 1.658 KB
[00:59:52.952][info] [#0:script/workspace/loading.lua:100]: Preload file at: file:///home/astor/neovim/tool/lua-server/meta/3rd/Cocos4.0/library/ccs/SpriteDisplayData.lua , size = 0.371 KB
[00:59:52.953][info] [#0:script/workspace/loading.lua:100]: Preload file at: file:///home/astor/neovim/tool/lua-server/meta/3rd/Cocos4.0/library/ccs/BoneData.lua , size = 0.453 KB
[00:59:52.955][info] [#0:script/workspace/loading.lua:100]: Preload file at: file:///home/astor/neovim/tool/lua-server/meta/3rd/Cocos4.0/library/ccs/GUIReader.lua , size = 0.647 KB
[00:59:52.956][info] [#0:script/workspace/loading.lua:100]: Preload file at: file:///home/astor/neovim/tool/lua-server/meta/3rd/Cocos4.0/library/ccs/Frame.lua , size = 1.132 KB
[00:59:52.958][info] [#0:script/workspace/loading.lua:100]: Preload file at: file:///home/astor/neovim/tool/lua-server/meta/3rd/Cocos4.0/library/ccs/ParticleDisplayData.lua , size = 0.279 KB
[00:59:52.959][info] [#0:script/workspace/loading.lua:100]: Preload file at: file:///home/astor/neovim/tool/lua-server/meta/3rd/Cocos4.0/library/ccs/ZOrderFrame.lua , size = 0.407 KB
[00:59:52.960][info] [#0:script/workspace/loading.lua:100]: Preload file at: file:///home/astor/neovim/tool/lua-server/meta/3rd/Cocos4.0/library/ccs/Skin.lua , size = 1.188 KB
[00:59:52.962][info] [#0:script/workspace/loading.lua:100]: Preload file at: file:///home/astor/neovim/tool/lua-server/meta/3rd/Cocos4.0/library/ccs/BaseData.lua , size = 0.344 KB
[00:59:52.963][info] [#0:script/workspace/loading.lua:100]: Preload file at: file:///home/astor/neovim/tool/lua-server/meta/3rd/Cocos4.0/library/ccs/Tween.lua , size = 1.704 KB
[00:59:52.965][info] [#0:script/workspace/loading.lua:100]: Preload file at: file:///home/astor/neovim/tool/lua-server/meta/3rd/Cocos4.0/library/ccs/ArmatureDataManager.lua , size = 3.567 KB
[00:59:52.968][info] [#0:script/workspace/loading.lua:100]: Preload file at: file:///home/astor/neovim/tool/lua-server/meta/3rd/Cocos4.0/library/ccs/TextureData.lua , size = 0.477 KB
[00:59:52.970][info] [#0:script/workspace/loading.lua:100]: Preload file at: file:///home/astor/neovim/tool/lua-server/meta/3rd/Cocos4.0/library/ccs/ActionTimelineData.lua , size = 0.546 KB
[00:59:52.971][info] [#0:script/workspace/loading.lua:100]: Preload file at: file:///home/astor/neovim/tool/lua-server/meta/3rd/Cocos4.0/library/ccs/VisibleFrame.lua , size = 0.428 KB
[00:59:52.972][info] [#0:script/workspace/loading.lua:100]: Preload file at: file:///home/astor/neovim/tool/lua-server/meta/3rd/Cocos4.0/library/ccs/ContourData.lua , size = 0.360 KB
[00:59:52.973][info] [#0:script/workspace/loading.lua:100]: Preload file at: file:///home/astor/neovim/tool/lua-server/meta/3rd/Cocos4.0/library/ccs/ActionScaleFrame.lua , size = 1.040 KB
[00:59:52.974][info] [#0:script/workspace/loading.lua:100]: Preload file at: file:///home/astor/neovim/tool/lua-server/meta/3rd/Cocos4.0/library/ccs/ArmatureAnimation.lua , size = 3.269 KB
[00:59:52.977][info] [#0:script/workspace/loading.lua:100]: Preload file at: file:///home/astor/neovim/tool/lua-server/meta/3rd/Cocos4.0/library/ccs/InnerActionFrame.lua , size = 1.219 KB
[00:59:52.979][info] [#0:script/workspace/loading.lua:100]: Preload file at: file:///home/astor/neovim/tool/lua-server/meta/3rd/Cocos4.0/library/ccs/PlayableFrame.lua , size = 0.444 KB
[00:59:52.980][info] [#0:script/workspace/loading.lua:100]: Preload file at: file:///home/astor/neovim/tool/lua-server/meta/3rd/Cocos4.0/library/ccs/MovementBoneData.lua , size = 0.514 KB
[00:59:52.982][info] [#0:script/workspace/loading.lua:100]: Preload file at: file:///home/astor/neovim/tool/lua-server/meta/3rd/Cocos4.0/library/ccs/DisplayData.lua , size = 0.426 KB
[00:59:52.984][info] [#0:script/workspace/loading.lua:100]: Preload file at: file:///home/astor/neovim/tool/lua-server/meta/3rd/Cocos4.0/library/ccs/SkeletonNode.lua , size = 1.130 KB
[00:59:52.985][info] [#0:script/workspace/loading.lua:100]: Preload file at: file:///home/astor/neovim/tool/lua-server/meta/3rd/Cocos4.0/library/ccs/ComRender.lua , size = 0.688 KB
[00:59:52.987][info] [#0:script/workspace/loading.lua:100]: Preload file at: file:///home/astor/neovim/tool/lua-server/meta/3rd/Cocos4.0/library/ccs/ActionTintFrame.lua , size = 0.741 KB
[00:59:52.988][info] [#0:script/workspace/loading.lua:100]: Preload file at: file:///home/astor/neovim/tool/lua-server/meta/3rd/Cocos4.0/library/ccs/ActionTimelineCache.lua , size = 1.675 KB
[00:59:52.990][info] [#0:script/workspace/loading.lua:100]: Preload file at: file:///home/astor/neovim/tool/lua-server/meta/3rd/Cocos4.0/library/ccs/Timeline.lua , size = 1.200 KB
[00:59:52.992][info] [#0:script/workspace/loading.lua:100]: Preload file at: file:///home/astor/neovim/tool/lua-server/meta/3rd/Cocos4.0/library/ccs/BlendFuncFrame.lua , size = 0.466 KB
[00:59:52.993][info] [#0:script/workspace/loading.lua:100]: Preload file at: file:///home/astor/neovim/tool/lua-server/meta/3rd/Cocos4.0/library/ccs/Bone.lua , size = 4.267 KB
[00:59:53.000][info] [#0:script/workspace/loading.lua:100]: Preload file at: file:///home/astor/neovim/tool/lua-server/meta/3rd/Cocos4.0/library/ccs/ScaleFrame.lua , size = 0.623 KB
[00:59:53.001][info] [#0:script/workspace/loading.lua:100]: Preload file at: file:///home/astor/neovim/tool/lua-server/meta/3rd/Cocos4.0/library/ccs/BatchNode.lua , size = 0.724 KB
[00:59:53.003][info] [#0:script/workspace/loading.lua:100]: Preload file at: file:///home/astor/neovim/tool/lua-server/meta/3rd/Cocos4.0/library/ccs/ActionTimelineNode.lua , size = 0.868 KB
[00:59:53.004][info] [#0:script/workspace/loading.lua:100]: Preload file at: file:///home/astor/neovim/tool/lua-server/meta/3rd/Cocos4.0/library/ccs/DisplayManager.lua , size = 2.839 KB
[00:59:53.007][info] [#0:script/workspace/loading.lua:100]: Preload file at: file:///home/astor/neovim/tool/lua-server/meta/3rd/Cocos4.0/library/ccs/ColorFrame.lua , size = 0.413 KB
[00:59:53.008][info] [#0:script/workspace/loading.lua:100]: Preload file at: file:///home/astor/neovim/tool/lua-server/meta/3rd/Cocos4.0/library/ccs/BoneNode.lua , size = 3.379 KB
[00:59:53.013][info] [#0:script/workspace/loading.lua:100]: Preload file at: file:///home/astor/neovim/tool/lua-server/meta/3rd/Cocos4.0/library/ccs/ComAudio.lua , size = 3.022 KB
[00:59:53.018][info] [#0:script/workspace/loading.lua:100]: Preload file at: file:///home/astor/neovim/tool/lua-server/meta/3rd/Cocos4.0/library/ccs/MovementData.lua , size = 0.459 KB
[00:59:53.019][info] [#0:script/workspace/loading.lua:100]: Preload file at: file:///home/astor/neovim/tool/lua-server/meta/3rd/Cocos4.0/library/ccs/ActionMoveFrame.lua , size = 0.741 KB
[00:59:53.020][info] [#0:script/workspace/loading.lua:100]: Preload file at: file:///home/astor/neovim/tool/lua-server/meta/3rd/Cocos4.0/library/ccs/AnimationData.lua , size = 0.509 KB
[00:59:53.021][info] [#0:script/workspace/loading.lua:100]: Preload file at: file:///home/astor/neovim/tool/lua-server/meta/3rd/Cocos4.0/library/ccs/AlphaFrame.lua , size = 0.413 KB
[00:59:53.022][info] [#0:script/workspace/loading.lua:100]: Preload file at: file:///home/astor/neovim/tool/lua-server/meta/3rd/Cocos4.0/library/ccs/ActionManagerEx.lua , size = 1.501 KB
[00:59:53.024][info] [#0:script/workspace/loading.lua:100]: Preload file at: file:///home/astor/neovim/tool/lua-server/meta/3rd/Cocos4.0/library/ccs/ActionFadeFrame.lua , size = 0.736 KB
[00:59:53.025][info] [#0:script/workspace/loading.lua:100]: Preload file at: file:///home/astor/neovim/tool/lua-server/meta/3rd/Cocos4.0/library/ccs/ActionObject.lua , size = 2.502 KB
[00:59:53.029][info] [#0:script/workspace/loading.lua:100]: Preload file at: file:///home/astor/neovim/tool/lua-server/meta/3rd/Cocos4.0/library/ccs/Armature.lua , size = 3.898 KB
[00:59:53.033][info] [#0:script/workspace/loading.lua:100]: Preload file at: file:///home/astor/neovim/tool/lua-server/meta/3rd/Cocos4.0/library/ccs/ActionFrame.lua , size = 1.789 KB
[00:59:53.035][info] [#0:script/workspace/loading.lua:100]: Preload file at: file:///home/astor/neovim/tool/lua-server/meta/3rd/Cocos4.0/library/ccs/SceneReader.lua , size = 0.712 KB
[00:59:53.037][info] [#0:script/workspace/loading.lua:100]: Preload file at: file:///home/astor/neovim/tool/lua-server/meta/3rd/Cocos4.0/library/ccs/RotationFrame.lua , size = 0.438 KB
[00:59:53.037][info] [#0:script/workspace/loading.lua:100]: Preload file at: file:///home/astor/neovim/tool/lua-server/meta/3rd/Cocos4.0/library/ccs/PositionFrame.lua , size = 0.702 KB
[00:59:53.039][info] [#0:script/workspace/loading.lua:100]: Preload file at: file:///home/astor/neovim/tool/lua-server/meta/3rd/Cocos4.0/library/ccs/AnchorPointFrame.lua , size = 0.478 KB
[00:59:53.041][info] [#0:script/workspace/loading.lua:100]: Preload file at: file:///home/astor/neovim/tool/lua-server/meta/3rd/Cocos4.0/library/ccs/ComController.lua , size = 0.636 KB
[00:59:53.042][info] [#0:script/workspace/loading.lua:100]: Preload file at: file:///home/astor/neovim/tool/lua-server/meta/3rd/Cocos4.0/library/ccs/SkewFrame.lua , size = 0.522 KB
[00:59:53.043][info] [#0:script/workspace/loading.lua:100]: Preload file at: file:///home/astor/neovim/tool/lua-server/meta/3rd/Cocos4.0/library/ccs/ComExtensionData.lua , size = 0.883 KB
[00:59:53.045][info] [#0:script/workspace/loading.lua:100]: Preload file at: file:///home/astor/neovim/tool/lua-server/meta/3rd/Cocos4.0/library/ccs/ActionTimeline.lua , size = 5.021 KB
[00:59:53.051][info] [#0:script/workspace/loading.lua:100]: Preload file at: file:///home/astor/neovim/tool/lua-server/meta/3rd/Cocos4.0/library/ccs/ArmatureData.lua , size = 0.478 KB
[00:59:53.052][info] [#0:script/workspace/loading.lua:100]: Preload file at: file:///home/astor/neovim/tool/lua-server/meta/3rd/Cocos4.0/library/ccs/ActionRotationFrame.lua , size = 0.822 KB
[00:59:53.053][info] [#0:script/workspace/loading.lua:100]: Preload file at: file:///home/astor/neovim/tool/lua-server/meta/3rd/Cocos4.0/library/ccs/TextureFrame.lua , size = 0.524 KB
[00:59:53.054][info] [#0:script/workspace/loading.lua:100]: Preload file at: file:///home/astor/neovim/tool/lua-server/meta/3rd/Cocos4.0/library/ccs/ComAttribute.lua , size = 1.303 KB
[00:59:53.058][info] [#0:script/workspace/loading.lua:100]: Preload file at: file:///home/astor/neovim/tool/lua-server/meta/3rd/Cocos4.0/library/ccs/RotationSkewFrame.lua , size = 0.319 KB
[00:59:53.059][info] [#0:script/workspace/loading.lua:100]: Preload file at: file:///home/astor/neovim/tool/lua-server/meta/3rd/Cocos4.0/library/ccs/ArmatureDisplayData.lua , size = 0.279 KB
[00:59:53.059][info] [#0:script/workspace/loading.lua:100]: Preload file at: file:///home/astor/neovim/tool/lua-server/meta/3rd/Cocos4.0/library/ccs/FrameData.lua , size = 0.297 KB
[00:59:53.060][info] [#0:script/workspace/loading.lua:100]: Preload file at: file:///home/astor/neovim/tool/lua-server/meta/3rd/Cocos4.0/library/ccs/EventFrame.lua , size = 0.530 KB
[00:59:53.062][info] [#0:script/workspace/loading.lua:100]: Preload file at: file:///home/astor/neovim/tool/lua-server/meta/3rd/luaecs/library/ecs.lua , size = 11.000 KB
[00:59:53.072][info] [#0:script/workspace/loading.lua:100]: Preload file at: file:///home/astor/neovim/tool/lua-server/meta/3rd/busted/library/busted.lua , size = 6.517 KB
[00:59:53.076][info] [#0:script/workspace/loading.lua:100]: Preload file at: file:///home/astor/neovim/tool/lua-server/meta/3rd/bee/library/bee/subprocess.lua , size = 1.758 KB
[00:59:53.078][info] [#0:script/workspace/loading.lua:100]: Preload file at: file:///home/astor/neovim/tool/lua-server/meta/3rd/bee/library/bee/thread.lua , size = 0.721 KB
[00:59:53.079][info] [#0:script/workspace/loading.lua:100]: Preload file at: file:///home/astor/neovim/tool/lua-server/meta/3rd/bee/library/bee/filesystem.lua , size = 3.877 KB
[00:59:53.084][info] [#0:script/workspace/loading.lua:100]: Preload file at: file:///home/astor/neovim/tool/lua-server/meta/3rd/Jass/library/jass/common.lua , size = 438.289 KB
[00:59:53.323][warn] [#0:script/files.lua:556]: Parse LuaDoc of [file:///home/astor/neovim/tool/lua-server/meta/3rd/Jass/library/jass/common.lua] takes [0.175] sec, size [448.808] kb.
[00:59:53.358][info] [#0:script/workspace/loading.lua:100]: Preload file at: file:///home/astor/neovim/tool/lua-server/meta/3rd/bee/library/bee/platform.lua , size = 0.954 KB
[00:59:53.361][info] [#0:script/workspace/loading.lua:100]: Preload file at: file:///home/astor/neovim/tool/lua-server/meta/3rd/OpenResty/library/resty/websocket/client.lua , size = 2.722 KB
[00:59:53.363][info] [#0:script/workspace/loading.lua:100]: Preload file at: file:///home/astor/neovim/tool/lua-server/meta/3rd/OpenResty/library/ngx.lua , size = 174.948 KB
[00:59:53.587][warn] [#0:script/files.lua:704]: Compile [file:///home/astor/neovim/tool/lua-server/meta/3rd/OpenResty/library/ngx.lua] takes [0.224] sec, size [179.147] kb.
[00:59:53.632][info] [#0:script/workspace/loading.lua:100]: Preload file at: file:///home/astor/neovim/tool/lua-server/meta/3rd/OpenResty/library/resty/websocket/protocol.lua , size = 5.913 KB
[00:59:53.637][info] [#0:script/workspace/loading.lua:100]: Preload file at: file:///home/astor/neovim/tool/lua-server/meta/3rd/OpenResty/library/resty/websocket/server.lua , size = 0.455 KB
[00:59:53.637][info] [#0:script/workspace/loading.lua:100]: Preload file at: file:///home/astor/neovim/tool/lua-server/meta/3rd/OpenResty/library/resty/mysql.lua , size = 0.560 KB
[00:59:53.656][info] [#0:script/workspace/loading.lua:100]: Preload file at: file:///home/astor/neovim/tool/lua-server/meta/3rd/OpenResty/library/resty/signal.lua , size = 1.631 KB
[00:59:53.660][info] [#0:script/workspace/loading.lua:100]: Preload file at: file:///home/astor/neovim/tool/lua-server/meta/3rd/OpenResty/library/resty/sha256.lua , size = 0.178 KB
[00:59:53.661][info] [#0:script/workspace/loading.lua:100]: Preload file at: file:///home/astor/neovim/tool/lua-server/meta/3rd/OpenResty/library/resty/random.lua , size = 0.170 KB
[00:59:53.662][info] [#0:script/workspace/loading.lua:100]: Preload file at: file:///home/astor/neovim/tool/lua-server/meta/3rd/OpenResty/library/resty/core.lua , size = 0.103 KB
[00:59:53.663][info] [#0:script/workspace/loading.lua:100]: Preload file at: file:///home/astor/neovim/tool/lua-server/meta/3rd/OpenResty/library/resty/sha224.lua , size = 0.178 KB
[00:59:53.663][info] [#0:script/workspace/loading.lua:100]: Preload file at: file:///home/astor/neovim/tool/lua-server/meta/3rd/OpenResty/library/resty/md5.lua , size = 0.353 KB
[00:59:53.665][info] [#0:script/workspace/loading.lua:100]: Preload file at: file:///home/astor/neovim/tool/lua-server/meta/3rd/OpenResty/library/resty/lrucache.lua , size = 3.297 KB
[00:59:53.667][info] [#0:script/workspace/loading.lua:100]: Preload file at: file:///home/astor/neovim/tool/lua-server/meta/3rd/OpenResty/library/resty/sha384.lua , size = 0.178 KB
[00:59:53.668][info] [#0:script/workspace/loading.lua:100]: Preload file at: file:///home/astor/neovim/tool/lua-server/meta/3rd/OpenResty/library/resty/aes.lua , size = 1.878 KB
[00:59:53.671][info] [#0:script/workspace/loading.lua:100]: Preload file at: file:///home/astor/neovim/tool/lua-server/meta/3rd/OpenResty/library/resty/memcached.lua , size = 1.190 KB
[00:59:53.672][info] [#0:script/workspace/loading.lua:100]: Preload file at: file:///home/astor/neovim/tool/lua-server/meta/3rd/OpenResty/library/resty/shell.lua , size = 2.403 KB
[00:59:53.674][info] [#0:script/workspace/loading.lua:100]: Preload file at: file:///home/astor/neovim/tool/lua-server/meta/3rd/OpenResty/library/resty/sha1.lua , size = 0.166 KB
[00:59:53.675][info] [#0:script/workspace/loading.lua:100]: Preload file at: file:///home/astor/neovim/tool/lua-server/meta/3rd/OpenResty/library/resty/limit/conn.lua , size = 0.479 KB
[00:59:53.676][info] [#0:script/workspace/loading.lua:100]: Preload file at: file:///home/astor/neovim/tool/lua-server/meta/3rd/OpenResty/library/resty/limit/count.lua , size = 0.258 KB
[00:59:53.677][info] [#0:script/workspace/loading.lua:100]: Preload file at: file:///home/astor/neovim/tool/lua-server/meta/3rd/OpenResty/library/resty/limit/traffic.lua , size = 0.160 KB
[00:59:53.678][info] [#0:script/workspace/loading.lua:100]: Preload file at: file:///home/astor/neovim/tool/lua-server/meta/3rd/OpenResty/library/resty/limit/req.lua , size = 0.344 KB
[00:59:53.679][info] [#0:script/workspace/loading.lua:100]: Preload file at: file:///home/astor/neovim/tool/lua-server/meta/3rd/OpenResty/library/resty/sha.lua , size = 0.099 KB
[00:59:53.679][info] [#0:script/workspace/loading.lua:100]: Preload file at: file:///home/astor/neovim/tool/lua-server/meta/3rd/OpenResty/library/resty/dns/resolver.lua , size = 15.560 KB
[00:59:53.689][info] [#0:script/workspace/loading.lua:100]: Preload file at: file:///home/astor/neovim/tool/lua-server/meta/3rd/OpenResty/library/resty/sha512.lua , size = 0.178 KB
[00:59:53.689][info] [#0:script/workspace/loading.lua:100]: Preload file at: file:///home/astor/neovim/tool/lua-server/meta/3rd/OpenResty/library/resty/string.lua , size = 1.472 KB
[00:59:53.691][info] [#0:script/workspace/loading.lua:100]: Preload file at: file:///home/astor/neovim/tool/lua-server/meta/3rd/OpenResty/library/resty/core/request.lua , size = 0.194 KB
[00:59:53.691][info] [#0:script/workspace/loading.lua:100]: Preload file at: file:///home/astor/neovim/tool/lua-server/meta/3rd/OpenResty/library/resty/core/response.lua , size = 0.179 KB
[00:59:53.692][info] [#0:script/workspace/loading.lua:100]: Preload file at: file:///home/astor/neovim/tool/lua-server/meta/3rd/OpenResty/library/resty/core/utils.lua , size = 0.271 KB
[00:59:53.693][info] [#0:script/workspace/loading.lua:100]: Preload file at: file:///home/astor/neovim/tool/lua-server/meta/3rd/OpenResty/library/resty/core/uri.lua , size = 0.114 KB
[00:59:53.694][info] [#0:script/workspace/loading.lua:100]: Preload file at: file:///home/astor/neovim/tool/lua-server/meta/3rd/OpenResty/library/resty/core/shdict.lua , size = 0.123 KB
[00:59:53.694][info] [#0:script/workspace/loading.lua:100]: Preload file at: file:///home/astor/neovim/tool/lua-server/meta/3rd/OpenResty/library/resty/core/time.lua , size = 0.117 KB
[00:59:53.695][info] [#0:script/workspace/loading.lua:100]: Preload file at: file:///home/astor/neovim/tool/lua-server/meta/3rd/OpenResty/library/resty/core/base64.lua , size = 0.123 KB
[00:59:53.696][info] [#0:script/workspace/loading.lua:100]: Preload file at: file:///home/astor/neovim/tool/lua-server/meta/3rd/OpenResty/library/resty/core/var.lua , size = 0.114 KB
[00:59:53.696][info] [#0:script/workspace/loading.lua:100]: Preload file at: file:///home/astor/neovim/tool/lua-server/meta/3rd/OpenResty/library/resty/core/worker.lua , size = 0.124 KB
[00:59:53.697][info] [#0:script/workspace/loading.lua:100]: Preload file at: file:///home/astor/neovim/tool/lua-server/meta/3rd/OpenResty/library/resty/core/base.lua , size = 1.157 KB
[00:59:53.698][info] [#0:script/workspace/loading.lua:100]: Preload file at: file:///home/astor/neovim/tool/lua-server/meta/3rd/OpenResty/library/resty/core/exit.lua , size = 0.117 KB
[00:59:53.699][info] [#0:script/workspace/loading.lua:100]: Preload file at: file:///home/astor/neovim/tool/lua-server/meta/3rd/OpenResty/library/resty/core/phase.lua , size = 0.120 KB
[00:59:53.700][info] [#0:script/workspace/loading.lua:100]: Preload file at: file:///home/astor/neovim/tool/lua-server/meta/3rd/OpenResty/library/resty/core/ctx.lua , size = 0.200 KB
[00:59:53.700][info] [#0:script/workspace/loading.lua:100]: Preload file at: file:///home/astor/neovim/tool/lua-server/meta/3rd/OpenResty/library/resty/core/misc.lua , size = 0.237 KB
[00:59:53.701][info] [#0:script/workspace/loading.lua:100]: Preload file at: file:///home/astor/neovim/tool/lua-server/meta/3rd/OpenResty/library/resty/core/regex.lua , size = 1.739 KB
[00:59:53.703][info] [#0:script/workspace/loading.lua:100]: Preload file at: file:///home/astor/neovim/tool/lua-server/meta/3rd/OpenResty/library/resty/core/ndk.lua , size = 0.114 KB
[00:59:53.704][info] [#0:script/workspace/loading.lua:100]: Preload file at: file:///home/astor/neovim/tool/lua-server/meta/3rd/OpenResty/library/resty/core/hash.lua , size = 0.117 KB
[00:59:53.704][info] [#0:script/workspace/loading.lua:100]: Preload file at: file:///home/astor/neovim/tool/lua-server/meta/3rd/OpenResty/library/resty/upstream/healthcheck.lua , size = 0.229 KB
[00:59:53.705][info] [#0:script/workspace/loading.lua:100]: Preload file at: file:///home/astor/neovim/tool/lua-server/meta/3rd/OpenResty/library/resty/lock.lua , size = 4.964 KB
[00:59:53.708][info] [#0:script/workspace/loading.lua:100]: Preload file at: file:///home/astor/neovim/tool/lua-server/meta/3rd/OpenResty/library/resty/lrucache/pureffi.lua , size = 0.838 KB
[00:59:53.709][info] [#0:script/workspace/loading.lua:100]: Preload file at: file:///home/astor/neovim/tool/lua-server/meta/3rd/OpenResty/library/resty/upload.lua , size = 0.226 KB
[00:59:53.710][info] [#0:script/workspace/loading.lua:100]: Preload file at: file:///home/astor/neovim/tool/lua-server/meta/3rd/OpenResty/library/resty/redis.lua , size = 1.965 KB
[00:59:53.712][info] [#0:script/workspace/loading.lua:100]: Preload file at: file:///home/astor/neovim/tool/lua-server/meta/3rd/OpenResty/library/thread/exdata.lua , size = 1.317 KB
[00:59:53.713][info] [#0:script/workspace/loading.lua:100]: Preload file at: file:///home/astor/neovim/tool/lua-server/meta/3rd/OpenResty/library/thread/exdata2.lua , size = 0.180 KB
[00:59:53.714][info] [#0:script/workspace/loading.lua:100]: Preload file at: file:///home/astor/neovim/tool/lua-server/meta/3rd/OpenResty/library/cjson/safe.lua , size = 1.151 KB
[00:59:53.715][info] [#0:script/workspace/loading.lua:100]: Preload file at: file:///home/astor/neovim/tool/lua-server/meta/3rd/OpenResty/library/prometheus.lua , size = 10.335 KB
[00:59:53.721][info] [#0:script/workspace/loading.lua:100]: Preload file at: file:///home/astor/neovim/tool/lua-server/meta/3rd/OpenResty/library/jit.lua , size = 1.122 KB
[00:59:53.722][info] [#0:script/workspace/loading.lua:100]: Preload file at: file:///home/astor/neovim/tool/lua-server/meta/3rd/OpenResty/library/ngx/ssl.lua , size = 11.337 KB
[00:59:53.727][info] [#0:script/workspace/loading.lua:100]: Preload file at: file:///home/astor/neovim/tool/lua-server/meta/3rd/OpenResty/library/ngx/semaphore.lua , size = 2.218 KB
[00:59:53.728][info] [#0:script/workspace/loading.lua:100]: Preload file at: file:///home/astor/neovim/tool/lua-server/meta/3rd/OpenResty/library/ngx/ocsp.lua , size = 3.444 KB
[00:59:53.730][info] [#0:script/workspace/loading.lua:100]: Preload file at: file:///home/astor/neovim/tool/lua-server/meta/3rd/OpenResty/library/ngx/balancer.lua , size = 5.385 KB
[00:59:53.733][info] [#0:script/workspace/loading.lua:100]: Preload file at: file:///home/astor/neovim/tool/lua-server/meta/3rd/OpenResty/library/ngx/process.lua , size = 1.860 KB
[00:59:53.735][info] [#0:script/workspace/loading.lua:100]: Preload file at: file:///home/astor/neovim/tool/lua-server/meta/3rd/OpenResty/library/ngx/pipe.lua , size = 13.127 KB
[00:59:53.741][info] [#0:script/workspace/loading.lua:100]: Preload file at: file:///home/astor/neovim/tool/lua-server/meta/3rd/OpenResty/library/ngx/base64.lua , size = 0.543 KB
[00:59:53.742][info] [#0:script/workspace/loading.lua:100]: Preload file at: file:///home/astor/neovim/tool/lua-server/meta/3rd/OpenResty/library/ngx/re.lua , size = 3.663 KB
[00:59:53.744][info] [#0:script/workspace/loading.lua:100]: Preload file at: file:///home/astor/neovim/tool/lua-server/meta/3rd/OpenResty/library/ngx/ssl/session.lua , size = 2.009 KB
[00:59:53.746][info] [#0:script/workspace/loading.lua:100]: Preload file at: file:///home/astor/neovim/tool/lua-server/meta/3rd/OpenResty/library/ngx/ssl/clienthello.lua , size = 3.490 KB
[00:59:53.748][info] [#0:script/workspace/loading.lua:100]: Preload file at: file:///home/astor/neovim/tool/lua-server/meta/3rd/OpenResty/library/ngx/req.lua , size = 0.754 KB
[00:59:53.748][info] [#0:script/workspace/loading.lua:100]: Preload file at: file:///home/astor/neovim/tool/lua-server/meta/3rd/OpenResty/library/ngx/errlog.lua , size = 4.446 KB
[00:59:53.751][info] [#0:script/workspace/loading.lua:100]: Preload file at: file:///home/astor/neovim/tool/lua-server/meta/3rd/OpenResty/library/ngx/resp.lua , size = 0.688 KB
[00:59:53.752][info] [#0:script/workspace/loading.lua:100]: Preload file at: file:///home/astor/neovim/tool/lua-server/meta/3rd/OpenResty/library/ngx/upstream.lua , size = 0.279 KB
[00:59:53.753][info] [#0:script/workspace/loading.lua:100]: Preload file at: file:///home/astor/neovim/tool/lua-server/meta/3rd/OpenResty/library/tablepool.lua , size = 1.729 KB
[00:59:53.754][info] [#0:script/workspace/loading.lua:100]: Preload file at: file:///home/astor/neovim/tool/lua-server/meta/3rd/OpenResty/library/cjson.lua , size = 16.269 KB
[00:59:53.760][info] [#0:script/workspace/loading.lua:100]: Preload file at: file:///home/astor/neovim/tool/lua-server/meta/3rd/OpenResty/library/table/isempty.lua , size = 0.537 KB
[00:59:53.761][info] [#0:script/workspace/loading.lua:100]: Preload file at: file:///home/astor/neovim/tool/lua-server/meta/3rd/OpenResty/library/table/nkeys.lua , size = 0.495 KB
[00:59:53.762][info] [#0:script/workspace/loading.lua:100]: Preload file at: file:///home/astor/neovim/tool/lua-server/meta/3rd/OpenResty/library/table/clone.lua , size = 0.555 KB
[00:59:53.763][info] [#0:script/workspace/loading.lua:100]: Preload file at: file:///home/astor/neovim/tool/lua-server/meta/3rd/OpenResty/library/table/isarray.lua , size = 0.469 KB
[00:59:53.763][info] [#0:script/workspace/loading.lua:100]: Preload file at: file:///home/astor/neovim/tool/lua-server/meta/3rd/OpenResty/library/ndk.lua , size = 0.045 KB
[00:59:53.764][info] [#0:script/workspace/loading.lua:100]: Preload file at: file:///home/astor/neovim/tool/lua-server/meta/3rd/Defold/library/image.lua , size = 0.550 KB
[00:59:53.765][info] [#0:script/workspace/loading.lua:100]: Preload file at: file:///home/astor/neovim/tool/lua-server/meta/3rd/Defold/library/html5.lua , size = 1.062 KB
[00:59:53.766][info] [#0:script/workspace/loading.lua:100]: Preload file at: file:///home/astor/neovim/tool/lua-server/meta/3rd/Defold/library/vector_math.lua , size = 16.896 KB
[00:59:53.776][info] [#0:script/workspace/loading.lua:100]: Preload file at: file:///home/astor/neovim/tool/lua-server/meta/3rd/Defold/library/timer.lua , size = 1.765 KB
[00:59:53.778][info] [#0:script/workspace/loading.lua:100]: Preload file at: file:///home/astor/neovim/tool/lua-server/meta/3rd/Defold/library/resource.lua , size = 7.729 KB
[00:59:53.783][info] [#0:script/workspace/loading.lua:100]: Preload file at: file:///home/astor/neovim/tool/lua-server/meta/3rd/Defold/library/http.lua , size = 0.777 KB
[00:59:53.784][info] [#0:script/workspace/loading.lua:100]: Preload file at: file:///home/astor/neovim/tool/lua-server/meta/3rd/Defold/library/json.lua , size = 0.474 KB
[00:59:53.785][info] [#0:script/workspace/loading.lua:100]: Preload file at: file:///home/astor/neovim/tool/lua-server/meta/3rd/Defold/library/zlib.lua , size = 0.425 KB
[00:59:53.786][info] [#0:script/workspace/loading.lua:100]: Preload file at: file:///home/astor/neovim/tool/lua-server/meta/3rd/Defold/library/buffer.lua , size = 2.713 KB
[00:59:53.788][info] [#0:script/workspace/loading.lua:100]: Preload file at: file:///home/astor/neovim/tool/lua-server/meta/3rd/Defold/library/model.lua , size = 1.911 KB
[00:59:53.790][info] [#0:script/workspace/loading.lua:100]: Preload file at: file:///home/astor/neovim/tool/lua-server/meta/3rd/Defold/library/luasocket.lua , size = 38.395 KB
[00:59:53.805][info] [#0:script/workspace/loading.lua:100]: Preload file at: file:///home/astor/neovim/tool/lua-server/meta/3rd/Defold/library/label.lua , size = 0.615 KB
[00:59:53.806][info] [#0:script/workspace/loading.lua:100]: Preload file at: file:///home/astor/neovim/tool/lua-server/meta/3rd/Defold/library/profiler.lua , size = 4.225 KB
[00:59:53.809][info] [#0:script/workspace/loading.lua:100]: Preload file at: file:///home/astor/neovim/tool/lua-server/meta/3rd/Defold/library/collection_proxy.lua , size = 0.240 KB
[00:59:53.810][info] [#0:script/workspace/loading.lua:100]: Preload file at: file:///home/astor/neovim/tool/lua-server/meta/3rd/Defold/library/built-ins.lua , size = 0.792 KB
[00:59:53.811][info] [#0:script/workspace/loading.lua:100]: Preload file at: file:///home/astor/neovim/tool/lua-server/meta/3rd/Defold/library/render.lua , size = 21.682 KB
[00:59:53.820][info] [#0:script/workspace/loading.lua:100]: Preload file at: file:///home/astor/neovim/tool/lua-server/meta/3rd/Defold/library/window.lua , size = 2.341 KB
[00:59:53.821][info] [#0:script/workspace/loading.lua:100]: Preload file at: file:///home/astor/neovim/tool/lua-server/meta/3rd/Defold/library/system.lua , size = 8.564 KB
[00:59:53.826][info] [#0:script/workspace/loading.lua:100]: Preload file at: file:///home/astor/neovim/tool/lua-server/meta/3rd/Defold/library/collection_factory.lua , size = 3.291 KB
[00:59:53.828][info] [#0:script/workspace/loading.lua:100]: Preload file at: file:///home/astor/neovim/tool/lua-server/meta/3rd/Defold/library/particle_effects.lua , size = 2.718 KB
[00:59:53.830][info] [#0:script/workspace/loading.lua:100]: Preload file at: file:///home/astor/neovim/tool/lua-server/meta/3rd/Defold/library/base.lua , size = 1.782 KB
[00:59:53.833][info] [#0:script/workspace/loading.lua:100]: Preload file at: file:///home/astor/neovim/tool/lua-server/meta/3rd/Defold/library/factory.lua , size = 2.830 KB
[00:59:53.835][info] [#0:script/workspace/loading.lua:100]: Preload file at: file:///home/astor/neovim/tool/lua-server/meta/3rd/Defold/library/message.lua , size = 1.882 KB
[00:59:53.836][info] [#0:script/workspace/loading.lua:100]: Preload file at: file:///home/astor/neovim/tool/lua-server/meta/3rd/Defold/library/game_object.lua , size = 19.007 KB
[00:59:53.845][info] [#0:script/workspace/loading.lua:100]: Preload file at: file:///home/astor/neovim/tool/lua-server/meta/3rd/Defold/library/sprite.lua , size = 1.649 KB
[00:59:53.846][info] [#0:script/workspace/loading.lua:100]: Preload file at: file:///home/astor/neovim/tool/lua-server/meta/3rd/Defold/library/gui.lua , size = 37.633 KB
[00:59:53.868][info] [#0:script/workspace/loading.lua:100]: Preload file at: file:///home/astor/neovim/tool/lua-server/meta/3rd/Defold/library/tilemap.lua , size = 3.405 KB
[00:59:53.870][info] [#0:script/workspace/loading.lua:100]: Preload file at: file:///home/astor/neovim/tool/lua-server/meta/3rd/Defold/library/sound.lua , size = 5.683 KB
[00:59:53.873][info] [#0:script/workspace/loading.lua:100]: Preload file at: file:///home/astor/neovim/tool/lua-server/meta/3rd/Defold/library/collision_object.lua , size = 8.680 KB
[00:59:53.878][info] [#0:script/workspace/loading.lua:100]: Preload file at: file:///home/astor/neovim/tool/lua-server/meta/3rd/skynet/library/skynet/habor.lua , size = 1.133 KB
[00:59:53.879][info] [#0:script/workspace/loading.lua:100]: Preload file at: file:///home/astor/neovim/tool/lua-server/meta/3rd/skynet/library/skynet/socketdriver.lua , size = 6.013 KB
[00:59:53.883][info] [#0:script/workspace/loading.lua:100]: Preload file at: file:///home/astor/neovim/tool/lua-server/meta/3rd/skynet/library/skynet/sharedata.lua , size = 1.942 KB
[00:59:53.884][info] [#0:script/workspace/loading.lua:100]: Preload file at: file:///home/astor/neovim/tool/lua-server/meta/3rd/skynet/library/skynet/sharetable.lua , size = 1.434 KB
[00:59:53.885][info] [#0:script/workspace/loading.lua:100]: Preload file at: file:///home/astor/neovim/tool/lua-server/meta/3rd/skynet/library/skynet/crypt.lua , size = 1.754 KB
[00:59:53.888][info] [#0:script/workspace/loading.lua:100]: Preload file at: file:///home/astor/neovim/tool/lua-server/meta/3rd/skynet/library/skynet/sharemap.lua , size = 1.562 KB
[00:59:53.889][info] [#0:script/workspace/loading.lua:100]: Preload file at: file:///home/astor/neovim/tool/lua-server/meta/3rd/skynet/library/skynet/db/mysql.lua , size = 1.143 KB
[00:59:53.891][info] [#0:script/workspace/loading.lua:100]: Preload file at: file:///home/astor/neovim/tool/lua-server/meta/3rd/skynet/library/skynet/db/mongo.lua , size = 5.348 KB
[00:59:53.896][info] [#0:script/workspace/loading.lua:100]: Preload file at: file:///home/astor/neovim/tool/lua-server/meta/3rd/skynet/library/skynet/db/redis.lua , size = 1.868 KB
[00:59:53.898][info] [#0:script/workspace/loading.lua:100]: Preload file at: file:///home/astor/neovim/tool/lua-server/meta/3rd/skynet/library/skynet/stm.lua , size = 1.518 KB
[00:59:53.899][info] [#0:script/workspace/loading.lua:100]: Preload file at: file:///home/astor/neovim/tool/lua-server/meta/3rd/skynet/library/skynet/socket.lua , size = 5.656 KB
[00:59:53.902][info] [#0:script/workspace/loading.lua:100]: Preload file at: file:///home/astor/neovim/tool/lua-server/meta/3rd/skynet/library/skynet/socketchannel.lua , size = 2.614 KB
[00:59:53.904][info] [#0:script/workspace/loading.lua:100]: Preload file at: file:///home/astor/neovim/tool/lua-server/meta/3rd/skynet/library/skynet/muliticast.lua , size = 0.699 KB
[00:59:53.905][info] [#0:script/workspace/loading.lua:100]: Preload file at: file:///home/astor/neovim/tool/lua-server/meta/3rd/skynet/library/skynet/profile.lua , size = 1.128 KB
[00:59:53.906][info] [#0:script/workspace/loading.lua:100]: Preload file at: file:///home/astor/neovim/tool/lua-server/meta/3rd/skynet/library/skynet/cluster.lua , size = 2.379 KB
[00:59:53.908][info] [#0:script/workspace/loading.lua:100]: Preload file at: file:///home/astor/neovim/tool/lua-server/meta/3rd/skynet/library/skynet/debug.lua , size = 0.272 KB
[00:59:53.908][info] [#0:script/workspace/loading.lua:100]: Preload file at: file:///home/astor/neovim/tool/lua-server/meta/3rd/skynet/library/skynet/netpack.lua , size = 2.357 KB
[00:59:53.910][info] [#0:script/workspace/loading.lua:100]: Preload file at: file:///home/astor/neovim/tool/lua-server/meta/3rd/skynet/library/skynet.lua , size = 20.195 KB
[00:59:53.922][info] [#0:script/workspace/loading.lua:100]: Preload file at: file:///home/astor/neovim/tool/lua-server/meta/3rd/ffi-reflect/library/reflect.lua , size = 2.494 KB
[00:59:53.926][info] [#0:script/workspace/loading.lua:100]: Preload file at: file:///home/astor/neovim/tool/lua-server/meta/3rd/luv/library/uv_tty_t.lua , size = 1.135 KB
[00:59:53.928][info] [#0:script/workspace/loading.lua:100]: Preload file at: file:///home/astor/neovim/tool/lua-server/meta/3rd/luv/library/uv_async_t.lua , size = 1.058 KB
[00:59:53.929][info] [#0:script/workspace/loading.lua:100]: Preload file at: file:///home/astor/neovim/tool/lua-server/meta/3rd/luv/library/types.lua , size = 17.131 KB
[00:59:53.941][info] [#0:script/workspace/loading.lua:100]: Preload file at: file:///home/astor/neovim/tool/lua-server/meta/3rd/luv/library/luv_work_ctx_t.lua , size = 0.530 KB
[00:59:53.942][info] [#0:script/workspace/loading.lua:100]: Preload file at: file:///home/astor/neovim/tool/lua-server/meta/3rd/luv/library/uv_req_t.lua , size = 0.705 KB
[00:59:53.942][info] [#0:script/workspace/loading.lua:100]: Preload file at: file:///home/astor/neovim/tool/lua-server/meta/3rd/luv/library/uv_fs_poll_t.lua , size = 1.140 KB
[00:59:53.944][info] [#0:script/workspace/loading.lua:100]: Preload file at: file:///home/astor/neovim/tool/lua-server/meta/3rd/luv/library/uv_process_t.lua , size = 0.617 KB
[00:59:53.946][info] [#0:script/workspace/loading.lua:100]: Preload file at: file:///home/astor/neovim/tool/lua-server/meta/3rd/luv/library/uv_stream_t.lua , size = 5.906 KB
[00:59:53.949][info] [#0:script/workspace/loading.lua:100]: Preload file at: file:///home/astor/neovim/tool/lua-server/meta/3rd/luv/library/uv_check_t.lua , size = 0.694 KB
[00:59:53.950][info] [#0:script/workspace/loading.lua:100]: Preload file at: file:///home/astor/neovim/tool/lua-server/meta/3rd/luv/library/uv.lua , size = 98.128 KB
[00:59:54.000][info] [#0:script/workspace/loading.lua:100]: Preload file at: file:///home/astor/neovim/tool/lua-server/meta/3rd/luv/library/uv_signal_t.lua , size = 2.997 KB
[00:59:54.006][info] [#0:script/workspace/loading.lua:100]: Preload file at: file:///home/astor/neovim/tool/lua-server/meta/3rd/luv/library/uv_tcp_t.lua , size = 3.923 KB
[00:59:54.009][info] [#0:script/workspace/loading.lua:100]: Preload file at: file:///home/astor/neovim/tool/lua-server/meta/3rd/luv/library/luv_dir_t.lua , size = 1.056 KB
[00:59:54.010][info] [#0:script/workspace/loading.lua:100]: Preload file at: file:///home/astor/neovim/tool/lua-server/meta/3rd/luv/library/uv_fs_event_t.lua , size = 1.033 KB
[00:59:54.011][info] [#0:script/workspace/loading.lua:100]: Preload file at: file:///home/astor/neovim/tool/lua-server/meta/3rd/luv/library/uv_udp_t.lua , size = 5.970 KB
[00:59:54.016][info] [#0:script/workspace/loading.lua:100]: Preload file at: file:///home/astor/neovim/tool/lua-server/meta/3rd/luv/library/uv_idle_t.lua , size = 1.074 KB
[00:59:54.017][info] [#0:script/workspace/loading.lua:100]: Preload file at: file:///home/astor/neovim/tool/lua-server/meta/3rd/luv/library/uv_pipe_t.lua , size = 2.988 KB
[00:59:54.019][info] [#0:script/workspace/loading.lua:100]: Preload file at: file:///home/astor/neovim/tool/lua-server/meta/3rd/luv/library/luv_thread_t.lua , size = 0.500 KB
[00:59:54.020][info] [#0:script/workspace/loading.lua:100]: Preload file at: file:///home/astor/neovim/tool/lua-server/meta/3rd/luv/library/uv_prepare_t.lua , size = 0.716 KB
[00:59:54.022][info] [#0:script/workspace/loading.lua:100]: Preload file at: file:///home/astor/neovim/tool/lua-server/meta/3rd/luv/library/uv_timer_t.lua , size = 1.999 KB
[00:59:54.024][info] [#0:script/workspace/loading.lua:100]: Preload file at: file:///home/astor/neovim/tool/lua-server/meta/3rd/luv/library/uv_handle_t.lua , size = 5.129 KB
[00:59:54.027][info] [#0:script/workspace/loading.lua:100]: Preload file at: file:///home/astor/neovim/tool/lua-server/meta/3rd/luv/library/uv_poll_t.lua , size = 2.646 KB
[00:59:54.028][info] [#0:script/workspace/loading.lua:100]: Preload file at: file:///home/astor/neovim/tool/lua-server/meta/3rd/luv/library/errors.lua , size = 15.165 KB
[00:59:54.035][info] [#0:script/workspace/loading.lua:100]: Preload file at: file:///home/astor/neovim/tool/lua-server/meta/3rd/lfs/library/lfs.lua , size = 7.396 KB
[00:59:54.039][info] [#0:script/workspace/loading.lua:100]: Preload file at: file:///home/astor/neovim/tool/lua-server/meta/3rd/luassert/library/luassert.lua , size = 14.181 KB
[00:59:54.047][info] [#0:script/workspace/loading.lua:100]: Preload file at: file:///home/astor/neovim/tool/lua-server/meta/3rd/luassert/library/luassert/spy.lua , size = 2.278 KB
[00:59:54.048][info] [#0:script/workspace/loading.lua:100]: Preload file at: file:///home/astor/neovim/tool/lua-server/meta/3rd/luassert/library/luassert/mock.lua , size = 1.150 KB
[00:59:54.050][info] [#0:script/workspace/loading.lua:100]: Preload file at: file:///home/astor/neovim/tool/lua-server/meta/3rd/luassert/library/luassert/array.lua , size = 0.326 KB
[00:59:54.050][info] [#0:script/workspace/loading.lua:100]: Preload file at: file:///home/astor/neovim/tool/lua-server/meta/3rd/luassert/library/luassert/stub.lua , size = 1.865 KB
[00:59:54.052][info] [#0:script/workspace/loading.lua:100]: Preload file at: file:///home/astor/neovim/tool/lua-server/meta/3rd/luassert/library/luassert/match.lua , size = 11.840 KB
[00:59:54.062][info] [#0:script/workspace/loading.lua:100]: Preload file at: file:///home/astor/neovim/tool/lua-server/meta/3rd/luassert/library/luassert/spy.d.lua , size = 4.246 KB
[00:59:54.064][info] [#0:script/workspace/loading.lua:100]: Preload file at: file:///home/astor/neovim/tool/lua-server/meta/3rd/lovr/library/callback.lua , size = 8.835 KB
[00:59:54.068][info] [#0:script/workspace/loading.lua:100]: Preload file at: file:///home/astor/neovim/tool/lua-server/meta/3rd/lovr/library/lovr.lua , size = 1.424 KB
[00:59:54.069][info] [#0:script/workspace/loading.lua:100]: Preload file at: file:///home/astor/neovim/tool/lua-server/meta/3rd/lovr/library/lovr/event.lua , size = 5.917 KB
[00:59:54.073][info] [#0:script/workspace/loading.lua:100]: Preload file at: file:///home/astor/neovim/tool/lua-server/meta/3rd/lovr/library/lovr/data.lua , size = 50.661 KB
[00:59:54.102][info] [#0:script/workspace/loading.lua:100]: Preload file at: file:///home/astor/neovim/tool/lua-server/meta/3rd/lovr/library/lovr/timer.lua , size = 1.728 KB
[00:59:54.103][info] [#0:script/workspace/loading.lua:100]: Preload file at: file:///home/astor/neovim/tool/lua-server/meta/3rd/lovr/library/lovr/headset.lua , size = 23.334 KB
[00:59:54.116][info] [#0:script/workspace/loading.lua:100]: Preload file at: file:///home/astor/neovim/tool/lua-server/meta/3rd/lovr/library/lovr/system.lua , size = 3.189 KB
[00:59:54.118][info] [#0:script/workspace/loading.lua:100]: Preload file at: file:///home/astor/neovim/tool/lua-server/meta/3rd/lovr/library/lovr/thread.lua , size = 6.063 KB
[00:59:54.121][info] [#0:script/workspace/loading.lua:100]: Preload file at: file:///home/astor/neovim/tool/lua-server/meta/3rd/lovr/library/lovr/audio.lua , size = 27.805 KB
[00:59:54.137][info] [#0:script/workspace/loading.lua:100]: Preload file at: file:///home/astor/neovim/tool/lua-server/meta/3rd/lovr/library/lovr/filesystem.lua , size = 10.365 KB
[00:59:54.143][info] [#0:script/workspace/loading.lua:100]: Preload file at: file:///home/astor/neovim/tool/lua-server/meta/3rd/lovr/library/lovr/physics.lua , size = 61.004 KB
[00:59:54.191][info] [#0:script/workspace/loading.lua:100]: Preload file at: file:///home/astor/neovim/tool/lua-server/meta/3rd/lovr/library/lovr/math.lua , size = 44.854 KB
[00:59:54.231][info] [#0:script/workspace/loading.lua:100]: Preload file at: file:///home/astor/neovim/tool/lua-server/meta/Lua%205.4%20en-us%20utf8/string/buffer.lua , size = 18.123 KB
[00:59:54.237][info] [#0:script/workspace/loading.lua:100]: Preload file at: file:///home/astor/neovim/tool/lua-server/meta/3rd/lovr/library/lovr/graphics.lua , size = 129.702 KB
[00:59:54.309][info] [#0:script/workspace/loading.lua:100]: Preload file at: file:///home/astor/neovim/tool/lua-server/meta/Lua%205.4%20en-us%20utf8/bit.lua , size = 1.319 KB
[00:59:54.312][info] [#0:script/workspace/loading.lua:88]: Skip loaded file: file:///home/astor/neovim/tool/lua-server/meta/Lua%205.4%20en-us%20utf8/os.lua
[00:59:54.312][info] [#0:script/workspace/loading.lua:88]: Skip loaded file: file:///home/astor/neovim/tool/lua-server/meta/Lua%205.4%20en-us%20utf8/basic.lua
[00:59:54.312][info] [#0:script/workspace/loading.lua:88]: Skip loaded file: file:///home/astor/neovim/tool/lua-server/meta/Lua%205.4%20en-us%20utf8/io.lua
[00:59:54.312][info] [#0:script/workspace/loading.lua:88]: Skip loaded file: file:///home/astor/neovim/tool/lua-server/meta/Lua%205.4%20en-us%20utf8/utf8.lua
[00:59:54.313][info] [#0:script/workspace/loading.lua:88]: Skip loaded file: file:///home/astor/neovim/tool/lua-server/meta/Lua%205.4%20en-us%20utf8/table.lua
[00:59:54.313][info] [#0:script/workspace/loading.lua:100]: Preload file at: file:///home/astor/neovim/tool/lua-server/meta/Lua%205.4%20en-us%20utf8/ffi.lua , size = 2.529 KB
[00:59:54.316][info] [#0:script/workspace/loading.lua:100]: Preload file at: file:///home/astor/neovim/tool/lua-server/meta/Lua%205.4%20en-us%20utf8/jit.lua , size = 0.884 KB
[00:59:54.318][info] [#0:script/workspace/loading.lua:88]: Skip loaded file: file:///home/astor/neovim/tool/lua-server/meta/Lua%205.4%20en-us%20utf8/string.lua
[00:59:54.318][info] [#0:script/workspace/loading.lua:88]: Skip loaded file: file:///home/astor/neovim/tool/lua-server/meta/Lua%205.4%20en-us%20utf8/builtin.lua
[00:59:54.318][info] [#0:script/workspace/loading.lua:100]: Preload file at: file:///home/astor/neovim/tool/lua-server/meta/Lua%205.4%20en-us%20utf8/bit32.lua , size = 3.927 KB
[00:59:54.321][info] [#0:script/workspace/loading.lua:88]: Skip loaded file: file:///home/astor/neovim/tool/lua-server/meta/Lua%205.4%20en-us%20utf8/math.lua
[00:59:54.321][info] [#0:script/workspace/loading.lua:88]: Skip loaded file: file:///home/astor/neovim/tool/lua-server/meta/Lua%205.4%20en-us%20utf8/package.lua
[00:59:54.321][info] [#0:script/workspace/loading.lua:88]: Skip loaded file: file:///home/astor/neovim/tool/lua-server/meta/Lua%205.4%20en-us%20utf8/coroutine.lua
[00:59:54.322][info] [#0:script/workspace/loading.lua:100]: Preload file at: file:///home/astor/neovim/tool/lua-server/meta/Lua%205.4%20en-us%20utf8/jit/util.lua , size = 1.984 KB
[00:59:54.324][info] [#0:script/workspace/loading.lua:100]: Preload file at: file:///home/astor/neovim/tool/lua-server/meta/Lua%205.4%20en-us%20utf8/jit/profile.lua , size = 0.348 KB
[00:59:54.326][info] [#0:script/workspace/loading.lua:100]: Preload file at: file:///home/astor/neovim/tool/lua-server/meta/Lua%205.4%20en-us%20utf8/table/new.lua , size = 0.642 KB
[00:59:54.327][info] [#0:script/workspace/loading.lua:100]: Preload file at: file:///home/astor/neovim/tool/lua-server/meta/Lua%205.4%20en-us%20utf8/table/clear.lua , size = 0.797 KB
[00:59:54.327][info] [#0:script/workspace/loading.lua:88]: Skip loaded file: file:///home/astor/neovim/tool/lua-server/meta/Lua%205.4%20en-us%20utf8/debug.lua
[00:59:54.328][info] [#0:script/workspace/loading.lua:100]: Preload file at: file:///home/astor/neovim/tool/lua-server/meta/whimsical/basic.lua , size = 1.511 KB
[00:59:54.329][info] [#0:script/workspace/loading.lua:100]: Preload file at: file:///home/astor/neovim/tool/lua-server/meta/whimsical/rule.lua , size = 3.101 KB
[00:59:54.332][info] [#0:script/workspace/loading.lua:100]: Preload file at: file:///home/astor/neovim/tool/lua-server/meta/template/bit.lua , size = 1.353 KB
[00:59:54.334][info] [#0:script/workspace/loading.lua:100]: Preload file at: file:///home/astor/neovim/tool/lua-server/meta/template/os.lua , size = 2.756 KB
[00:59:54.337][info] [#0:script/workspace/loading.lua:100]: Preload file at: file:///home/astor/neovim/tool/lua-server/meta/template/jit.util.lua , size = 2.018 KB
[00:59:54.340][info] [#0:script/workspace/loading.lua:100]: Preload file at: file:///home/astor/neovim/tool/lua-server/meta/whimsical/builtin.lua , size = 0.413 KB
[00:59:54.341][info] [#0:script/workspace/loading.lua:100]: Preload file at: file:///home/astor/neovim/tool/lua-server/meta/template/basic.lua , size = 7.606 KB
[00:59:54.351][info] [#0:script/workspace/loading.lua:100]: Preload file at: file:///home/astor/neovim/tool/lua-server/meta/template/io.lua , size = 3.643 KB
[00:59:54.355][info] [#0:script/workspace/loading.lua:100]: Preload file at: file:///home/astor/neovim/tool/lua-server/meta/template/utf8.lua , size = 1.575 KB
[00:59:54.358][info] [#0:script/workspace/loading.lua:100]: Preload file at: file:///home/astor/neovim/tool/lua-server/meta/template/table.lua , size = 1.854 KB
[00:59:54.361][info] [#0:script/workspace/loading.lua:100]: Preload file at: file:///home/astor/neovim/tool/lua-server/meta/template/ffi.lua , size = 2.562 KB
[00:59:54.365][info] [#0:script/workspace/loading.lua:100]: Preload file at: file:///home/astor/neovim/tool/lua-server/meta/template/jit.lua , size = 0.917 KB
[00:59:54.367][info] [#0:script/workspace/loading.lua:100]: Preload file at: file:///home/astor/neovim/tool/lua-server/meta/template/string.lua , size = 3.380 KB
[00:59:54.371][info] [#0:script/workspace/loading.lua:100]: Preload file at: file:///home/astor/neovim/tool/lua-server/meta/template/builtin.lua , size = 0.302 KB
[00:59:54.372][info] [#0:script/workspace/loading.lua:100]: Preload file at: file:///home/astor/neovim/tool/lua-server/meta/template/string.buffer.lua , size = 18.156 KB
[00:59:54.378][info] [#0:script/workspace/loading.lua:100]: Preload file at: file:///home/astor/neovim/tool/lua-server/meta/template/table.clear.lua , size = 0.154 KB
[00:59:54.379][info] [#0:script/workspace/loading.lua:100]: Preload file at: file:///home/astor/neovim/tool/lua-server/meta/template/bit32.lua , size = 1.594 KB
[00:59:54.381][info] [#0:script/workspace/loading.lua:100]: Preload file at: file:///home/astor/neovim/tool/lua-server/meta/template/math.lua , size = 4.312 KB
[00:59:54.386][info] [#0:script/workspace/loading.lua:100]: Preload file at: file:///home/astor/neovim/tool/lua-server/meta/template/jit.profile.lua , size = 0.381 KB
[00:59:54.387][info] [#0:script/workspace/loading.lua:100]: Preload file at: file:///home/astor/neovim/tool/lua-server/meta/template/table.new.lua , size = 0.201 KB
[00:59:54.388][info] [#0:script/workspace/loading.lua:100]: Preload file at: file:///home/astor/neovim/tool/lua-server/meta/template/package.lua , size = 1.223 KB
[00:59:54.390][info] [#0:script/workspace/loading.lua:100]: Preload file at: file:///home/astor/neovim/tool/lua-server/meta/template/coroutine.lua , size = 1.448 KB
[00:59:54.392][info] [#0:script/workspace/loading.lua:100]: Preload file at: file:///home/astor/neovim/tool/lua-server/meta/template/debug.lua , size = 5.444 KB
[00:59:54.398][info] [#0:script/workspace/loading.lua:100]: Preload file at: file:///home/astor/neovim/tool/lua-server/meta/LuaJIT%20zh-cn%20utf8/bit.lua , size = 1.319 KB
[00:59:54.400][info] [#0:script/workspace/loading.lua:100]: Preload file at: file:///home/astor/neovim/tool/lua-server/meta/LuaJIT%20zh-cn%20utf8/string/buffer.lua , size = 18.123 KB
[00:59:54.406][info] [#0:script/workspace/loading.lua:100]: Preload file at: file:///home/astor/neovim/tool/lua-server/meta/LuaJIT%20zh-cn%20utf8/os.lua , size = 5.687 KB
[00:59:54.410][info] [#0:script/workspace/loading.lua:100]: Preload file at: file:///home/astor/neovim/tool/lua-server/meta/LuaJIT%20zh-cn%20utf8/basic.lua , size = 15.363 KB
[00:59:54.420][info] [#0:script/workspace/loading.lua:100]: Preload file at: file:///home/astor/neovim/tool/lua-server/meta/LuaJIT%20zh-cn%20utf8/io.lua , size = 6.633 KB
[00:59:54.425][info] [#0:script/workspace/loading.lua:100]: Preload file at: file:///home/astor/neovim/tool/lua-server/meta/LuaJIT%20zh-cn%20utf8/utf8.lua , size = 2.287 KB
[00:59:54.427][info] [#0:script/workspace/loading.lua:100]: Preload file at: file:///home/astor/neovim/tool/lua-server/meta/LuaJIT%20zh-cn%20utf8/ffi.lua , size = 2.529 KB
[00:59:54.432][info] [#0:script/workspace/loading.lua:100]: Preload file at: file:///home/astor/neovim/tool/lua-server/meta/LuaJIT%20zh-cn%20utf8/table.lua , size = 4.060 KB
[00:59:54.438][info] [#0:script/workspace/loading.lua:100]: Preload file at: file:///home/astor/neovim/tool/lua-server/meta/LuaJIT%20zh-cn%20utf8/jit.lua , size = 0.884 KB
[00:59:54.441][info] [#0:script/workspace/loading.lua:100]: Preload file at: file:///home/astor/neovim/tool/lua-server/meta/LuaJIT%20zh-cn%20utf8/string.lua , size = 6.679 KB
[00:59:54.446][info] [#0:script/workspace/loading.lua:100]: Preload file at: file:///home/astor/neovim/tool/lua-server/meta/LuaJIT%20zh-cn%20utf8/builtin.lua , size = 0.302 KB
[00:59:54.447][info] [#0:script/workspace/loading.lua:100]: Preload file at: file:///home/astor/neovim/tool/lua-server/meta/LuaJIT%20zh-cn%20utf8/bit32.lua , size = 3.697 KB
[00:59:54.450][info] [#0:script/workspace/loading.lua:100]: Preload file at: file:///home/astor/neovim/tool/lua-server/meta/LuaJIT%20zh-cn%20utf8/math.lua , size = 8.087 KB
[00:59:54.457][info] [#0:script/workspace/loading.lua:100]: Preload file at: file:///home/astor/neovim/tool/lua-server/meta/LuaJIT%20zh-cn%20utf8/package.lua , size = 2.706 KB
[00:59:54.459][info] [#0:script/workspace/loading.lua:100]: Preload file at: file:///home/astor/neovim/tool/lua-server/meta/LuaJIT%20zh-cn%20utf8/coroutine.lua , size = 2.678 KB
[00:59:54.461][info] [#0:script/workspace/loading.lua:100]: Preload file at: file:///home/astor/neovim/tool/lua-server/meta/LuaJIT%20zh-cn%20utf8/jit/util.lua , size = 1.984 KB
[00:59:54.464][info] [#0:script/workspace/loading.lua:100]: Preload file at: file:///home/astor/neovim/tool/lua-server/meta/LuaJIT%20zh-cn%20utf8/jit/profile.lua , size = 0.348 KB
[00:59:54.465][info] [#0:script/workspace/loading.lua:100]: Preload file at: file:///home/astor/neovim/tool/lua-server/meta/LuaJIT%20zh-cn%20utf8/table/new.lua , size = 0.634 KB
[00:59:54.466][info] [#0:script/workspace/loading.lua:100]: Preload file at: file:///home/astor/neovim/tool/lua-server/meta/LuaJIT%20zh-cn%20utf8/table/clear.lua , size = 0.715 KB
[00:59:54.466][info] [#0:script/workspace/loading.lua:100]: Preload file at: file:///home/astor/neovim/tool/lua-server/meta/LuaJIT%20zh-cn%20utf8/debug.lua , size = 7.242 KB
[00:59:54.472][info] [#0:script/workspace/loading.lua:100]: Preload file at: file:///home/astor/neovim/tool/lua-server/meta/default%20utf8/System.Resources.lua , size = 7.785 KB
[00:59:54.480][info] [#0:script/workspace/loading.lua:100]: Preload file at: file:///home/astor/neovim/tool/lua-server/meta/default%20utf8/System.Diagnostics.Tracing.lua , size = 21.189 KB
[00:59:54.495][info] [#0:script/workspace/loading.lua:100]: Preload file at: file:///home/astor/neovim/tool/lua-server/meta/default%20utf8/UnityEngine.SearchService.lua , size = 1.175 KB
[00:59:54.496][info] [#0:script/workspace/loading.lua:100]: Preload file at: file:///home/astor/neovim/tool/lua-server/meta/default%20utf8/UnityEngine.Experimental.AssetBundlePatching.lua , size = 0.479 KB
[00:59:54.497][info] [#0:script/workspace/loading.lua:100]: Preload file at: file:///home/astor/neovim/tool/lua-server/meta/default%20utf8/System.Diagnostics.Contracts.lua , size = 8.239 KB
[00:59:54.505][info] [#0:script/workspace/loading.lua:100]: Preload file at: file:///home/astor/neovim/tool/lua-server/meta/default%20utf8/System.Deployment.Internal.lua , size = 1.848 KB
[00:59:54.507][info] [#0:script/workspace/loading.lua:100]: Preload file at: file:///home/astor/neovim/tool/lua-server/meta/default%20utf8/UnityEngine.Scripting.lua , size = 4.674 KB
[00:59:54.510][info] [#0:script/workspace/loading.lua:100]: Preload file at: file:///home/astor/neovim/tool/lua-server/meta/default%20utf8/System.Runtime.Serialization.Json.lua , size = 10.233 KB
[00:59:54.519][info] [#0:script/workspace/loading.lua:100]: Preload file at: file:///home/astor/neovim/tool/lua-server/meta/default%20utf8/UnityEngine.Accessibility.lua , size = 1.033 KB
[00:59:54.520][info] [#0:script/workspace/loading.lua:100]: Preload file at: file:///home/astor/neovim/tool/lua-server/meta/default%20utf8/System.Net.Sockets.lua , size = 69.397 KB
[00:59:54.582][info] [#0:script/workspace/loading.lua:100]: Preload file at: file:///home/astor/neovim/tool/lua-server/meta/default%20utf8/System.ComponentModel.lua , size = 161.355 KB
[00:59:54.724][info] [#0:script/workspace/loading.lua:100]: Preload file at: file:///home/astor/neovim/tool/lua-server/meta/default%20utf8/System.CodeDom.lua , size = 46.845 KB
[00:59:54.760][info] [#0:script/workspace/loading.lua:100]: Preload file at: file:///home/astor/neovim/tool/lua-server/meta/default%20utf8/System.Threading.lua , size = 76.587 KB
[00:59:54.836][info] [#0:script/workspace/loading.lua:100]: Preload file at: file:///home/astor/neovim/tool/lua-server/meta/default%20utf8/UnityEngine.Build.Pipeline.lua , size = 3.447 KB
[00:59:54.841][info] [#0:script/workspace/loading.lua:100]: Preload file at: file:///home/astor/neovim/tool/lua-server/meta/default%20utf8/System.Runtime.InteropServices.WindowsRuntime.lua , size = 8.978 KB
[00:59:54.847][info] [#0:script/workspace/loading.lua:100]: Preload file at: file:///home/astor/neovim/tool/lua-server/meta/default%20utf8/System.Runtime.InteropServices.lua , size = 211.883 KB
[00:59:55.004][warn] [#0:script/files.lua:556]: Parse LuaDoc of [file:///home/astor/neovim/tool/lua-server/meta/default%20utf8/System.Runtime.InteropServices.lua] takes [0.107] sec, size [216.968] kb.
[00:59:55.039][info] [#0:script/workspace/loading.lua:100]: Preload file at: file:///home/astor/neovim/tool/lua-server/meta/default%20utf8/UnityEngine.Tilemaps.lua , size = 36.893 KB
[00:59:55.062][info] [#0:script/workspace/loading.lua:100]: Preload file at: file:///home/astor/neovim/tool/lua-server/meta/default%20utf8/UnityEngine.tvOS.lua , size = 3.779 KB
[00:59:55.064][info] [#0:script/workspace/loading.lua:100]: Preload file at: file:///home/astor/neovim/tool/lua-server/meta/default%20utf8/System.Collections.Concurrent.lua , size = 17.661 KB
[00:59:55.374][info] [#0:script/workspace/loading.lua:100]: Preload file at: file:///home/astor/neovim/tool/lua-server/meta/default%20utf8/UnityEngine.XR.lua , size = 91.891 KB
[00:59:55.447][info] [#0:script/workspace/loading.lua:100]: Preload file at: file:///home/astor/neovim/tool/lua-server/meta/default%20utf8/UnityEngine.LowLevel.lua , size = 2.970 KB
[00:59:55.450][info] [#0:script/workspace/loading.lua:100]: Preload file at: file:///home/astor/neovim/tool/lua-server/meta/default%20utf8/System.Windows.Markup.lua , size = 0.304 KB
[00:59:55.451][info] [#0:script/workspace/loading.lua:100]: Preload file at: file:///home/astor/neovim/tool/lua-server/meta/default%20utf8/System.Runtime.Serialization.Formatters.Binary.lua , size = 2.783 KB
[00:59:55.453][info] [#0:script/workspace/loading.lua:100]: Preload file at: file:///home/astor/neovim/tool/lua-server/meta/default%20utf8/System.ComponentModel.Design.Serialization.lua , size = 16.526 KB
[00:59:55.468][info] [#0:script/workspace/loading.lua:100]: Preload file at: file:///home/astor/neovim/tool/lua-server/meta/default%20utf8/System.Net.Cache.lua , size = 3.527 KB
[00:59:55.472][info] [#0:script/workspace/loading.lua:100]: Preload file at: file:///home/astor/neovim/tool/lua-server/meta/default%20utf8/System.Net.WebSockets.lua , size = 12.914 KB
[00:59:55.483][info] [#0:script/workspace/loading.lua:100]: Preload file at: file:///home/astor/neovim/tool/lua-server/meta/default%20utf8/UnityEngine.Experimental.Rendering.lua , size = 98.020 KB
[00:59:55.537][info] [#0:script/workspace/loading.lua:100]: Preload file at: file:///home/astor/neovim/tool/lua-server/meta/default%20utf8/System.ComponentModel.Design.lua , size = 56.153 KB
[00:59:55.587][info] [#0:script/workspace/loading.lua:100]: Preload file at: file:///home/astor/neovim/tool/lua-server/meta/default%20utf8/System.Runtime.Remoting.Metadata.lua , size = 3.699 KB
[00:59:55.591][info] [#0:script/workspace/loading.lua:100]: Preload file at: file:///home/astor/neovim/tool/lua-server/meta/default%20utf8/UnityEngine.Audio.lua , size = 11.520 KB
[00:59:55.600][info] [#0:script/workspace/loading.lua:100]: Preload file at: file:///home/astor/neovim/tool/lua-server/meta/default%20utf8/System.Net.lua , size = 105.698 KB
[00:59:55.704][info] [#0:script/workspace/loading.lua:100]: Preload file at: file:///home/astor/neovim/tool/lua-server/meta/default%20utf8/System.Threading.Tasks.lua , size = 79.859 KB
[00:59:55.780][info] [#0:script/workspace/loading.lua:100]: Preload file at: file:///home/astor/neovim/tool/lua-server/meta/default%20utf8/UnityEngine.PlayerLoop.lua , size = 33.623 KB
[00:59:55.798][info] [#0:script/workspace/loading.lua:100]: Preload file at: file:///home/astor/neovim/tool/lua-server/meta/default%20utf8/System.Runtime.Hosting.lua , size = 1.122 KB
[00:59:55.800][info] [#0:script/workspace/loading.lua:100]: Preload file at: file:///home/astor/neovim/tool/lua-server/meta/default%20utf8/UnityEngine.TestTools.lua , size = 4.341 KB
[00:59:55.804][info] [#0:script/workspace/loading.lua:100]: Preload file at: file:///home/astor/neovim/tool/lua-server/meta/default%20utf8/UnityEngine.Animations.lua , size = 105.935 KB
[00:59:55.868][info] [#0:script/workspace/loading.lua:100]: Preload file at: file:///home/astor/neovim/tool/lua-server/meta/default%20utf8/UnityEngine.UIElements.lua , size = 298.350 KB
[00:59:56.042][info] [#0:script/workspace/loading.lua:100]: Preload file at: file:///home/astor/neovim/tool/lua-server/meta/default%20utf8/UnityEngine.TextCore.LowLevel.lua , size = 29.067 KB
[00:59:56.055][info] [#0:script/workspace/loading.lua:100]: Preload file at: file:///home/astor/neovim/tool/lua-server/meta/default%20utf8/System.Media.lua , size = 2.497 KB
[00:59:56.057][info] [#0:script/workspace/loading.lua:100]: Preload file at: file:///home/astor/neovim/tool/lua-server/meta/default%20utf8/System.Windows.Input.lua , size = 0.708 KB
[00:59:56.058][info] [#0:script/workspace/loading.lua:100]: Preload file at: file:///home/astor/neovim/tool/lua-server/meta/default%20utf8/System.Net.Configuration.lua , size = 20.063 KB
[00:59:56.071][info] [#0:script/workspace/loading.lua:100]: Preload file at: file:///home/astor/neovim/tool/lua-server/meta/default%20utf8/UnityEngine.Experimental.TerrainAPI.lua , size = 31.936 KB
[00:59:56.088][info] [#0:script/workspace/loading.lua:100]: Preload file at: file:///home/astor/neovim/tool/lua-server/meta/default%20utf8/System.Runtime.CompilerServices.lua , size = 44.095 KB
[00:59:56.119][info] [#0:script/workspace/loading.lua:100]: Preload file at: file:///home/astor/neovim/tool/lua-server/meta/default%20utf8/System.IO.lua , size = 80.052 KB
[00:59:56.197][info] [#0:script/workspace/loading.lua:100]: Preload file at: file:///home/astor/neovim/tool/lua-server/meta/default%20utf8/System.Xml.Serialization.lua , size = 60.651 KB
[00:59:56.241][info] [#0:script/workspace/loading.lua:100]: Preload file at: file:///home/astor/neovim/tool/lua-server/meta/default%20utf8/UnityEngine.Profiling.lua , size = 15.659 KB
[00:59:56.253][info] [#0:script/workspace/loading.lua:100]: Preload file at: file:///home/astor/neovim/tool/lua-server/meta/default%20utf8/System.Data.Odbc.lua , size = 28.487 KB
[00:59:56.281][info] [#0:script/workspace/loading.lua:100]: Preload file at: file:///home/astor/neovim/tool/lua-server/meta/default%20utf8/System.Runtime.Remoting.Activation.lua , size = 3.042 KB
[00:59:56.284][info] [#0:script/workspace/loading.lua:100]: Preload file at: file:///home/astor/neovim/tool/lua-server/meta/default%20utf8/System.Linq.Expressions.lua , size = 123.213 KB
[00:59:56.397][info] [#0:script/workspace/loading.lua:100]: Preload file at: file:///home/astor/neovim/tool/lua-server/meta/default%20utf8/System.Runtime.Remoting.Services.lua , size = 2.211 KB
[00:59:56.400][info] [#0:script/workspace/loading.lua:100]: Preload file at: file:///home/astor/neovim/tool/lua-server/meta/default%20utf8/UnityEngine.TextCore.lua , size = 8.132 KB
[00:59:56.406][info] [#0:script/workspace/loading.lua:100]: Preload file at: file:///home/astor/neovim/tool/lua-server/meta/default%20utf8/System.IO.MemoryMappedFiles.lua , size = 12.125 KB
[00:59:56.415][info] [#0:script/workspace/loading.lua:100]: Preload file at: file:///home/astor/neovim/tool/lua-server/meta/default%20utf8/UnityEngine.Windows.lua , size = 4.466 KB
[00:59:56.418][info] [#0:script/workspace/loading.lua:100]: Preload file at: file:///home/astor/neovim/tool/lua-server/meta/default%20utf8/System.Net.Security.lua , size = 27.139 KB
[00:59:56.438][info] [#0:script/workspace/loading.lua:100]: Preload file at: file:///home/astor/neovim/tool/lua-server/meta/default%20utf8/System.Net.Http.Headers.lua , size = 33.340 KB
[00:59:56.466][info] [#0:script/workspace/loading.lua:100]: Preload file at: file:///home/astor/neovim/tool/lua-server/meta/default%20utf8/UnityEngine.Playables.lua , size = 53.928 KB
[00:59:56.501][info] [#0:script/workspace/loading.lua:100]: Preload file at: file:///home/astor/neovim/tool/lua-server/meta/default%20utf8/UnityEngine.UI.lua , size = 90.659 KB
[00:59:56.578][info] [#0:script/workspace/loading.lua:100]: Preload file at: file:///home/astor/neovim/tool/lua-server/meta/default%20utf8/System.Collections.ObjectModel.lua , size = 5.798 KB
[00:59:56.585][info] [#0:script/workspace/loading.lua:100]: Preload file at: file:///home/astor/neovim/tool/lua-server/meta/default%20utf8/System.Web.lua , size = 2.355 KB
[00:59:56.587][info] [#0:script/workspace/loading.lua:100]: Preload file at: file:///home/astor/neovim/tool/lua-server/meta/default%20utf8/UnityEngine.Profiling.Experimental.lua , size = 0.731 KB
[00:59:56.588][info] [#0:script/workspace/loading.lua:100]: Preload file at: file:///home/astor/neovim/tool/lua-server/meta/default%20utf8/UnityEngine.XR.WSA.lua , size = 0.511 KB
[00:59:56.589][info] [#0:script/workspace/loading.lua:100]: Preload file at: file:///home/astor/neovim/tool/lua-server/meta/default%20utf8/System.Diagnostics.Eventing.lua , size = 6.302 KB
[00:59:56.595][info] [#0:script/workspace/loading.lua:100]: Preload file at: file:///home/astor/neovim/tool/lua-server/meta/default%20utf8/UnityEngine.Scripting.APIUpdating.lua , size = 0.296 KB
[00:59:56.595][info] [#0:script/workspace/loading.lua:100]: Preload file at: file:///home/astor/neovim/tool/lua-server/meta/default%20utf8/UnityEngine.Networking.lua , size = 104.473 KB
[00:59:56.653][info] [#0:script/workspace/loading.lua:100]: Preload file at: file:///home/astor/neovim/tool/lua-server/meta/default%20utf8/UnityEngine.Windows.WebCam.lua , size = 26.911 KB
[00:59:56.670][info] [#0:script/workspace/loading.lua:100]: Preload file at: file:///home/astor/neovim/tool/lua-server/meta/default%20utf8/System.Xml.Schema.lua , size = 59.300 KB
[00:59:56.712][info] [#0:script/workspace/loading.lua:100]: Preload file at: file:///home/astor/neovim/tool/lua-server/meta/default%20utf8/UnityEngineInternal.lua , size = 5.821 KB
[00:59:56.717][info] [#0:script/workspace/loading.lua:100]: Preload file at: file:///home/astor/neovim/tool/lua-server/meta/default%20utf8/UnityEngine.EventSystems.lua , size = 34.987 KB
[00:59:56.740][info] [#0:script/workspace/loading.lua:100]: Preload file at: file:///home/astor/neovim/tool/lua-server/meta/default%20utf8/UnityEngine.XR.Provider.lua , size = 0.463 KB
[00:59:56.741][info] [#0:script/workspace/loading.lua:100]: Preload file at: file:///home/astor/neovim/tool/lua-server/meta/default%20utf8/UnityEngine.WSA.lua , size = 33.145 KB
[00:59:56.760][info] [#0:script/workspace/loading.lua:100]: Preload file at: file:///home/astor/neovim/tool/lua-server/meta/default%20utf8/System.Collections.Specialized.lua , size = 18.693 KB
[00:59:56.777][info] [#0:script/workspace/loading.lua:100]: Preload file at: file:///home/astor/neovim/tool/lua-server/meta/default%20utf8/System.Timers.lua , size = 2.220 KB
[00:59:56.779][info] [#0:script/workspace/loading.lua:100]: Preload file at: file:///home/astor/neovim/tool/lua-server/meta/default%20utf8/System.Configuration.lua , size = 30.104 KB
[00:59:56.802][info] [#0:script/workspace/loading.lua:100]: Preload file at: file:///home/astor/neovim/tool/lua-server/meta/default%20utf8/UnityEngine.VFX.lua , size = 85.528 KB
[00:59:56.851][info] [#0:script/workspace/loading.lua:100]: Preload file at: file:///home/astor/neovim/tool/lua-server/meta/default%20utf8/System.Net.Mail.lua , size = 18.069 KB
[00:59:56.865][info] [#0:script/workspace/loading.lua:100]: Preload file at: file:///home/astor/neovim/tool/lua-server/meta/default%20utf8/System.Globalization.lua , size = 88.709 KB
[00:59:56.949][info] [#0:script/workspace/loading.lua:100]: Preload file at: file:///home/astor/neovim/tool/lua-server/meta/default%20utf8/UnityEngine.Jobs.lua , size = 4.501 KB
[00:59:56.955][info] [#0:script/workspace/loading.lua:100]: Preload file at: file:///home/astor/neovim/tool/lua-server/meta/default%20utf8/System.CodeDom.Compiler.lua , size = 26.997 KB
[00:59:56.978][info] [#0:script/workspace/loading.lua:100]: Preload file at: file:///home/astor/neovim/tool/lua-server/meta/default%20utf8/UnityEngine.Serialization.lua , size = 1.281 KB
[00:59:56.980][info] [#0:script/workspace/loading.lua:100]: Preload file at: file:///home/astor/neovim/tool/lua-server/meta/default%20utf8/System.Data.Sql.lua , size = 0.710 KB
[00:59:56.981][info] [#0:script/workspace/loading.lua:100]: Preload file at: file:///home/astor/neovim/tool/lua-server/meta/default%20utf8/System.Runtime.Remoting.Messaging.lua , size = 21.586 KB
[00:59:56.999][info] [#0:script/workspace/loading.lua:100]: Preload file at: file:///home/astor/neovim/tool/lua-server/meta/default%20utf8/System.Runtime.Remoting.Proxies.lua , size = 3.094 KB
[00:59:57.002][info] [#0:script/workspace/loading.lua:100]: Preload file at: file:///home/astor/neovim/tool/lua-server/meta/default%20utf8/UnityEngine.Events.lua , size = 12.489 KB
[00:59:57.014][info] [#0:script/workspace/loading.lua:100]: Preload file at: file:///home/astor/neovim/tool/lua-server/meta/default%20utf8/System.Security.Authentication.ExtendedProtection.Configuration.lua , size = 2.905 KB
[00:59:57.016][info] [#0:script/workspace/loading.lua:100]: Preload file at: file:///home/astor/neovim/tool/lua-server/meta/default%20utf8/System.Runtime.InteropServices.Expando.lua , size = 0.789 KB
[00:59:57.018][info] [#0:script/workspace/loading.lua:100]: Preload file at: file:///home/astor/neovim/tool/lua-server/meta/default%20utf8/System.Security.Principal.lua , size = 22.007 KB
[00:59:57.033][info] [#0:script/workspace/loading.lua:100]: Preload file at: file:///home/astor/neovim/tool/lua-server/meta/default%20utf8/System.Reflection.lua , size = 92.548 KB
[00:59:57.111][info] [#0:script/workspace/loading.lua:100]: Preload file at: file:///home/astor/neovim/tool/lua-server/meta/default%20utf8/System.Xml.XmlConfiguration.lua , size = 0.634 KB
[00:59:57.113][info] [#0:script/workspace/loading.lua:100]: Preload file at: file:///home/astor/neovim/tool/lua-server/meta/default%20utf8/System.Xml.Serialization.Configuration.lua , size = 5.143 KB
[00:59:57.116][info] [#0:script/workspace/loading.lua:100]: Preload file at: file:///home/astor/neovim/tool/lua-server/meta/default%20utf8/UnityEngine.Rendering.VirtualTexturing.lua , size = 24.665 KB
[00:59:57.131][info] [#0:script/workspace/loading.lua:100]: Preload file at: file:///home/astor/neovim/tool/lua-server/meta/default%20utf8/System.Dynamic.lua , size = 23.368 KB
[00:59:57.151][info] [#0:script/workspace/loading.lua:100]: Preload file at: file:///home/astor/neovim/tool/lua-server/meta/default%20utf8/System.Linq.lua , size = 90.836 KB
[00:59:57.238][info] [#0:script/workspace/loading.lua:100]: Preload file at: file:///home/astor/neovim/tool/lua-server/meta/default%20utf8/UnityEngine.Timeline.lua , size = 48.965 KB
[00:59:57.273][info] [#0:script/workspace/loading.lua:100]: Preload file at: file:///home/astor/neovim/tool/lua-server/meta/default%20utf8/UnityEngine.AI.lua , size = 45.281 KB
[00:59:57.302][info] [#0:script/workspace/loading.lua:100]: Preload file at: file:///home/astor/neovim/tool/lua-server/meta/default%20utf8/UnityEngine.Rendering.lua , size = 426.643 KB
[00:59:57.505][warn] [#0:script/files.lua:556]: Parse LuaDoc of [file:///home/astor/neovim/tool/lua-server/meta/default%20utf8/UnityEngine.Rendering.lua] takes [0.138] sec, size [436.882] kb.
[00:59:57.542][info] [#0:script/workspace/loading.lua:100]: Preload file at: file:///home/astor/neovim/tool/lua-server/meta/default%20utf8/System.Runtime.Serialization.lua , size = 57.881 KB
[00:59:58.016][warn] [#0:script/files.lua:556]: Parse LuaDoc of [file:///home/astor/neovim/tool/lua-server/meta/default%20utf8/System.Runtime.Serialization.lua] takes [0.460] sec, size [59.270] kb.
[00:59:58.024][info] [#0:script/workspace/loading.lua:100]: Preload file at: file:///home/astor/neovim/tool/lua-server/meta/default%20utf8/System.Diagnostics.CodeAnalysis.lua , size = 0.703 KB
[00:59:58.025][info] [#0:script/workspace/loading.lua:100]: Preload file at: file:///home/astor/neovim/tool/lua-server/meta/default%20utf8/System.Runtime.Remoting.Metadata.W3cXsd2001.lua , size = 21.497 KB
[00:59:58.047][info] [#0:script/workspace/loading.lua:100]: Preload file at: file:///home/astor/neovim/tool/lua-server/meta/default%20utf8/System.Security.Cryptography.X509Certificates.lua , size = 52.798 KB
[00:59:58.089][info] [#0:script/workspace/loading.lua:100]: Preload file at: file:///home/astor/neovim/tool/lua-server/meta/default%20utf8/System.Runtime.Serialization.Formatters.lua , size = 5.704 KB
[00:59:58.095][info] [#0:script/workspace/loading.lua:100]: Preload file at: file:///home/astor/neovim/tool/lua-server/meta/default%20utf8/UnityEngine.Networking.Match.lua , size = 9.843 KB
[00:59:58.102][info] [#0:script/workspace/loading.lua:100]: Preload file at: file:///home/astor/neovim/tool/lua-server/meta/default%20utf8/System.Management.Instrumentation.lua , size = 6.796 KB
[00:59:58.107][info] [#0:script/workspace/loading.lua:100]: Preload file at: file:///home/astor/neovim/tool/lua-server/meta/default%20utf8/System.IO.Compression.lua , size = 7.517 KB
[00:59:58.115][info] [#0:script/workspace/loading.lua:100]: Preload file at: file:///home/astor/neovim/tool/lua-server/meta/default%20utf8/UnityEngine.Networking.PlayerConnection.lua , size = 4.080 KB
[00:59:58.120][info] [#0:script/workspace/loading.lua:100]: Preload file at: file:///home/astor/neovim/tool/lua-server/meta/default%20utf8/UnityEngine.iOS.lua , size = 38.598 KB
[00:59:58.155][info] [#0:script/workspace/loading.lua:100]: Preload file at: file:///home/astor/neovim/tool/lua-server/meta/default%20utf8/UnityEngine.Experimental.Video.lua , size = 3.693 KB
[00:59:58.158][info] [#0:script/workspace/loading.lua:100]: Preload file at: file:///home/astor/neovim/tool/lua-server/meta/default%20utf8/UnityEngine.Networking.Types.lua , size = 4.943 KB
[00:59:58.163][info] [#0:script/workspace/loading.lua:100]: Preload file at: file:///home/astor/neovim/tool/lua-server/meta/default%20utf8/System.Xml.Linq.lua , size = 39.577 KB
[00:59:58.207][info] [#0:script/workspace/loading.lua:100]: Preload file at: file:///home/astor/neovim/tool/lua-server/meta/default%20utf8/System.Security.Claims.lua , size = 11.056 KB
[00:59:58.217][info] [#0:script/workspace/loading.lua:100]: Preload file at: file:///home/astor/neovim/tool/lua-server/meta/default%20utf8/System.Net.NetworkInformation.lua , size = 51.652 KB
[00:59:58.261][info] [#0:script/workspace/loading.lua:100]: Preload file at: file:///home/astor/neovim/tool/lua-server/meta/default%20utf8/UnityEngine.Diagnostics.lua , size = 2.951 KB
[00:59:58.263][info] [#0:script/workspace/loading.lua:100]: Preload file at: file:///home/astor/neovim/tool/lua-server/meta/default%20utf8/System.Security.Cryptography.lua , size = 136.015 KB
[00:59:58.386][info] [#0:script/workspace/loading.lua:100]: Preload file at: file:///home/astor/neovim/tool/lua-server/meta/default%20utf8/System.Runtime.InteropServices.ComTypes.lua , size = 67.928 KB
[00:59:58.456][info] [#0:script/workspace/loading.lua:100]: Preload file at: file:///home/astor/neovim/tool/lua-server/meta/default%20utf8/System.Diagnostics.lua , size = 98.948 KB
[00:59:58.547][info] [#0:script/workspace/loading.lua:100]: Preload file at: file:///home/astor/neovim/tool/lua-server/meta/default%20utf8/System.Diagnostics.PerformanceData.lua , size = 6.790 KB
[00:59:58.551][info] [#0:script/workspace/loading.lua:100]: Preload file at: file:///home/astor/neovim/tool/lua-server/meta/default%20utf8/UnityEngineInternal.XR.WSA.lua , size = 0.493 KB
[00:59:58.552][info] [#0:script/workspace/loading.lua:100]: Preload file at: file:///home/astor/neovim/tool/lua-server/meta/default%20utf8/System.Configuration.Assemblies.lua , size = 2.307 KB
[00:59:58.554][info] [#0:script/workspace/loading.lua:100]: Preload file at: file:///home/astor/neovim/tool/lua-server/meta/default%20utf8/UnityEngine.Apple.ReplayKit.lua , size = 7.503 KB
[00:59:58.559][info] [#0:script/workspace/loading.lua:100]: Preload file at: file:///home/astor/neovim/tool/lua-server/meta/default%20utf8/UnityEngine.SocialPlatforms.lua , size = 15.120 KB
[00:59:58.588][info] [#0:script/workspace/loading.lua:100]: Preload file at: file:///home/astor/neovim/tool/lua-server/meta/default%20utf8/UnityEngine.Internal.lua , size = 0.736 KB
[00:59:58.590][info] [#0:script/workspace/loading.lua:100]: Preload file at: file:///home/astor/neovim/tool/lua-server/meta/default%20utf8/UnityEngine.lua , size = 2462.148 KB
[00:59:58.590][info] [#0:script/client.lua:112]: ShowMessage	Info	Too large file: tool/lua-server/meta/default utf8/UnityEngine.lua skipped. The currently set size limit is: 500 KB, and the file size is: 2521.24 KB.
[00:59:58.591][info] [#0:script/workspace/loading.lua:100]: Preload file at: file:///home/astor/neovim/tool/lua-server/meta/default%20utf8/UnityEngine.Experimental.Playables.lua , size = 7.727 KB
[00:59:58.597][info] [#0:script/workspace/loading.lua:100]: Preload file at: file:///home/astor/neovim/tool/lua-server/meta/default%20utf8/System.Runtime.Remoting.lua , size = 20.229 KB
[00:59:58.616][info] [#0:script/workspace/loading.lua:100]: Preload file at: file:///home/astor/neovim/tool/lua-server/meta/default%20utf8/UnityEngine.Video.lua , size = 28.498 KB
[00:59:58.632][info] [#0:script/workspace/loading.lua:100]: Preload file at: file:///home/astor/neovim/tool/lua-server/meta/default%20utf8/System.IO.Pipes.lua , size = 13.634 KB
[00:59:58.644][info] [#0:script/workspace/loading.lua:100]: Preload file at: file:///home/astor/neovim/tool/lua-server/meta/default%20utf8/System.Runtime.DesignerServices.lua , size = 0.981 KB
[00:59:58.646][info] [#0:script/workspace/loading.lua:100]: Preload file at: file:///home/astor/neovim/tool/lua-server/meta/default%20utf8/System.Runtime.Versioning.lua , size = 4.865 KB
[00:59:58.653][info] [#0:script/workspace/loading.lua:100]: Preload file at: file:///home/astor/neovim/tool/lua-server/meta/default%20utf8/UnityEngine.ParticleSystemJobs.lua , size = 7.643 KB
[00:59:58.660][info] [#0:script/workspace/loading.lua:100]: Preload file at: file:///home/astor/neovim/tool/lua-server/meta/default%20utf8/System.Security.AccessControl.lua , size = 85.320 KB
[00:59:58.714][info] [#0:script/workspace/loading.lua:100]: Preload file at: file:///home/astor/neovim/tool/lua-server/meta/default%20utf8/System.Data.SqlClient.lua , size = 65.225 KB
[00:59:58.761][info] [#0:script/workspace/loading.lua:100]: Preload file at: file:///home/astor/neovim/tool/lua-server/meta/default%20utf8/System.Diagnostics.Eventing.Reader.lua , size = 26.731 KB
[00:59:58.778][info] [#0:script/workspace/loading.lua:100]: Preload file at: file:///home/astor/neovim/tool/lua-server/meta/default%20utf8/UnityEngine.Experimental.AI.lua , size = 15.264 KB
[00:59:58.786][info] [#0:script/workspace/loading.lua:100]: Preload file at: file:///home/astor/neovim/tool/lua-server/meta/default%20utf8/System.Reflection.Emit.lua , size = 132.136 KB
[00:59:58.881][info] [#0:script/workspace/loading.lua:100]: Preload file at: file:///home/astor/neovim/tool/lua-server/meta/default%20utf8/System.Security.Permissions.lua , size = 60.844 KB
[00:59:58.922][info] [#0:script/workspace/loading.lua:100]: Preload file at: file:///home/astor/neovim/tool/lua-server/meta/default%20utf8/UnityEngine.Experimental.GlobalIllumination.lua , size = 30.305 KB
[00:59:58.939][info] [#0:script/workspace/loading.lua:100]: Preload file at: file:///home/astor/neovim/tool/lua-server/meta/default%20utf8/UnityEngine.Rendering.PostProcessing.lua , size = 98.178 KB
[00:59:58.991][info] [#0:script/workspace/loading.lua:100]: Preload file at: file:///home/astor/neovim/tool/lua-server/meta/default%20utf8/System.Security.Authentication.lua , size = 3.254 KB
[00:59:58.994][info] [#0:script/workspace/loading.lua:100]: Preload file at: file:///home/astor/neovim/tool/lua-server/meta/default%20utf8/UnityEngine.CrashReportHandler.lua , size = 1.337 KB
[00:59:58.995][info] [#0:script/workspace/loading.lua:100]: Preload file at: file:///home/astor/neovim/tool/lua-server/meta/default%20utf8/UnityEngine.SocialPlatforms.GameCenter.lua , size = 3.634 KB
[00:59:58.997][info] [#0:script/workspace/loading.lua:100]: Preload file at: file:///home/astor/neovim/tool/lua-server/meta/default%20utf8/System.Data.lua , size = 108.626 KB
[00:59:59.085][info] [#0:script/workspace/loading.lua:100]: Preload file at: file:///home/astor/neovim/tool/lua-server/meta/default%20utf8/System.Data.SqlTypes.lua , size = 122.720 KB
[00:59:59.234][info] [#0:script/workspace/loading.lua:100]: Preload file at: file:///home/astor/neovim/tool/lua-server/meta/default%20utf8/System.Security.lua , size = 28.059 KB
[00:59:59.259][info] [#0:script/workspace/loading.lua:100]: Preload file at: file:///home/astor/neovim/tool/lua-server/meta/default%20utf8/System.Security.Authentication.ExtendedProtection.lua , size = 6.107 KB
[00:59:59.263][info] [#0:script/workspace/loading.lua:100]: Preload file at: file:///home/astor/neovim/tool/lua-server/meta/default%20utf8/UnityEngine.Experimental.Animations.lua , size = 2.645 KB
[00:59:59.265][info] [#0:script/workspace/loading.lua:100]: Preload file at: file:///home/astor/neovim/tool/lua-server/meta/default%20utf8/System.Runtime.Remoting.Channels.lua , size = 20.468 KB
[00:59:59.281][info] [#0:script/workspace/loading.lua:100]: Preload file at: file:///home/astor/neovim/tool/lua-server/meta/default%20utf8/UnityEngine.UIElements.Experimental.lua , size = 19.990 KB
[00:59:59.297][info] [#0:script/workspace/loading.lua:100]: Preload file at: file:///home/astor/neovim/tool/lua-server/meta/default%20utf8/UnityEngine.Apple.TV.lua , size = 0.445 KB
[00:59:59.298][info] [#0:script/workspace/loading.lua:100]: Preload file at: file:///home/astor/neovim/tool/lua-server/meta/default%20utf8/UnityEngine.Analytics.lua , size = 90.617 KB
[00:59:59.357][info] [#0:script/workspace/loading.lua:100]: Preload file at: file:///home/astor/neovim/tool/lua-server/meta/default%20utf8/System.Xml.lua , size = 173.105 KB
[00:59:59.526][info] [#0:script/workspace/loading.lua:100]: Preload file at: file:///home/astor/neovim/tool/lua-server/meta/default%20utf8/UnityEngine.Android.lua , size = 22.264 KB
[00:59:59.538][info] [#0:script/workspace/loading.lua:100]: Preload file at: file:///home/astor/neovim/tool/lua-server/meta/default%20utf8/UnityEngine.SubsystemsImplementation.lua , size = 5.452 KB
[00:59:59.541][info] [#0:script/workspace/loading.lua:100]: Preload file at: file:///home/astor/neovim/tool/lua-server/meta/default%20utf8/UnityEngine.SceneManagement.lua , size = 23.765 KB
[00:59:59.555][info] [#0:script/workspace/loading.lua:100]: Preload file at: file:///home/astor/neovim/tool/lua-server/meta/default%20utf8/System.Collections.Generic.lua , size = 39.646 KB
[00:59:59.595][info] [#0:script/workspace/loading.lua:100]: Preload file at: file:///home/astor/neovim/tool/lua-server/meta/default%20utf8/UnityEngine.Windows.Speech.lua , size = 24.016 KB
[00:59:59.610][info] [#0:script/workspace/loading.lua:100]: Preload file at: file:///home/astor/neovim/tool/lua-server/meta/default%20utf8/System.Xml.Resolvers.lua , size = 2.564 KB
[00:59:59.613][info] [#0:script/workspace/loading.lua:100]: Preload file at: file:///home/astor/neovim/tool/lua-server/meta/default%20utf8/System.Runtime.Serialization.Configuration.lua , size = 8.192 KB
[00:59:59.618][info] [#0:script/workspace/loading.lua:100]: Preload file at: file:///home/astor/neovim/tool/lua-server/meta/default%20utf8/UnityEngine.Subsystems.lua , size = 1.105 KB
[00:59:59.619][info] [#0:script/workspace/loading.lua:100]: Preload file at: file:///home/astor/neovim/tool/lua-server/meta/default%20utf8/System.Runtime.Remoting.Lifetime.lua , size = 3.589 KB
[00:59:59.623][info] [#0:script/workspace/loading.lua:100]: Preload file at: file:///home/astor/neovim/tool/lua-server/meta/default%20utf8/System.Data.Common.lua , size = 56.171 KB
[00:59:59.673][info] [#0:script/workspace/loading.lua:100]: Preload file at: file:///home/astor/neovim/tool/lua-server/meta/default%20utf8/UnityEngine.U2D.lua , size = 19.168 KB
[00:59:59.685][info] [#0:script/workspace/loading.lua:100]: Preload file at: file:///home/astor/neovim/tool/lua-server/meta/default%20utf8/System.Diagnostics.Contracts.Internal.lua , size = 0.908 KB
[00:59:59.687][info] [#0:script/workspace/loading.lua:100]: Preload file at: file:///home/astor/neovim/tool/lua-server/meta/default%20utf8/System.Diagnostics.SymbolStore.lua , size = 16.163 KB
[00:59:59.700][info] [#0:script/workspace/loading.lua:100]: Preload file at: file:///home/astor/neovim/tool/lua-server/meta/default%20utf8/System.Xml.Serialization.Advanced.lua , size = 4.420 KB
[00:59:59.703][info] [#0:script/workspace/loading.lua:100]: Preload file at: file:///home/astor/neovim/tool/lua-server/meta/default%20utf8/System.Numerics.lua , size = 76.475 KB
[00:59:59.801][info] [#0:script/workspace/loading.lua:100]: Preload file at: file:///home/astor/neovim/tool/lua-server/meta/default%20utf8/System.IO.Ports.lua , size = 10.580 KB
[00:59:59.812][info] [#0:script/workspace/loading.lua:100]: Preload file at: file:///home/astor/neovim/tool/lua-server/meta/default%20utf8/System.IO.IsolatedStorage.lua , size = 13.610 KB
[00:59:59.825][info] [#0:script/workspace/loading.lua:100]: Preload file at: file:///home/astor/neovim/tool/lua-server/meta/default%20utf8/UnityEngine.SubsystemsImplementation.Extensions.lua , size = 0.854 KB
[00:59:59.827][info] [#0:script/workspace/loading.lua:100]: Preload file at: file:///home/astor/neovim/tool/lua-server/meta/default%20utf8/System.Runtime.lua , size = 2.640 KB
[00:59:59.830][info] [#0:script/workspace/loading.lua:100]: Preload file at: file:///home/astor/neovim/tool/lua-server/meta/default%20utf8/UnityEngine.Assertions.lua , size = 27.176 KB
[00:59:59.848][info] [#0:script/workspace/loading.lua:100]: Preload file at: file:///home/astor/neovim/tool/lua-server/meta/default%20utf8/System.Runtime.ConstrainedExecution.lua , size = 2.079 KB
[00:59:59.850][info] [#0:script/workspace/loading.lua:100]: Preload file at: file:///home/astor/neovim/tool/lua-server/meta/default%20utf8/System.Data.OleDb.lua , size = 36.748 KB
[00:59:59.881][info] [#0:script/workspace/loading.lua:100]: Preload file at: file:///home/astor/neovim/tool/lua-server/meta/default%20utf8/UnityEngine.SocialPlatforms.Impl.lua , size = 9.355 KB
[00:59:59.888][info] [#0:script/workspace/loading.lua:100]: Preload file at: file:///home/astor/neovim/tool/lua-server/meta/default%20utf8/UnityEngine.Experimental.Audio.lua , size = 9.348 KB
[00:59:59.895][info] [#0:script/workspace/loading.lua:100]: Preload file at: file:///home/astor/neovim/tool/lua-server/meta/default%20utf8/CS.lua , size = 644.007 KB
[00:59:59.896][info] [#0:script/workspace/loading.lua:100]: Preload file at: file:///home/astor/neovim/tool/lua-server/meta/default%20utf8/UnityEngine.Apple.lua , size = 2.058 KB
[00:59:59.898][info] [#0:script/workspace/loading.lua:100]: Preload file at: file:///home/astor/neovim/tool/lua-server/meta/default%20utf8/System.Xml.Xsl.lua , size = 18.479 KB
[00:59:59.913][info] [#0:script/workspace/loading.lua:100]: Preload file at: file:///home/astor/neovim/tool/lua-server/meta/default%20utf8/UnityEngine.Sprites.lua , size = 1.006 KB
[00:59:59.915][info] [#0:script/workspace/loading.lua:100]: Preload file at: file:///home/astor/neovim/tool/lua-server/meta/default%20utf8/System.Net.Http.lua , size = 17.795 KB
[00:59:59.929][info] [#0:script/workspace/loading.lua:100]: Preload file at: file:///home/astor/neovim/tool/lua-server/meta/default%20utf8/System.Security.Policy.lua , size = 43.002 KB
[00:59:59.967][info] [#0:script/workspace/loading.lua:100]: Preload file at: file:///home/astor/neovim/tool/lua-server/meta/default%20utf8/System.Runtime.Remoting.Contexts.lua , size = 11.392 KB
[00:59:59.977][info] [#0:script/workspace/loading.lua:100]: Preload file at: file:///home/astor/neovim/tool/lua-server/meta/default%20utf8/UnityEngine.Lumin.lua , size = 0.420 KB
[00:59:59.977][info] [#0:script/workspace/loading.lua:100]: Preload file at: file:///home/astor/neovim/tool/lua-server/meta/default%20utf8/System.Collections.lua , size = 23.941 KB
[01:00:00.004][info] [#0:script/workspace/loading.lua:100]: Preload file at: file:///home/astor/neovim/tool/lua-server/meta/default%20utf8/UnityEngine.Assertions.Must.lua , size = 4.223 KB
[01:00:00.010][info] [#0:script/workspace/loading.lua:100]: Preload file at: file:///home/astor/neovim/tool/lua-server/meta/default%20utf8/System.Xml.XPath.lua , size = 24.373 KB
[01:00:00.032][info] [#0:script/workspace/loading.lua:100]: Preload file at: file:///home/astor/neovim/tool/lua-server/meta/default%20utf8/System.Runtime.ExceptionServices.lua , size = 1.038 KB
[01:00:00.033][info] [#0:script/workspace/loading.lua:100]: Preload file at: file:///home/astor/neovim/tool/lua-server/meta/default%20utf8/System.Net.Mime.lua , size = 3.519 KB
[01:00:00.037][info] [#0:script/workspace/loading.lua:100]: Preload file at: file:///home/astor/neovim/tool/lua-server/meta/default%20utf8/System.Text.lua , size = 45.507 KB
[01:00:00.084][info] [#0:script/workspace/loading.lua:100]: Preload file at: file:///home/astor/neovim/tool/lua-server/meta/default%20utf8/System.lua , size = 418.521 KB
[01:00:00.192][warn] [#0:script/files.lua:704]: Compile [file:///home/astor/neovim/tool/lua-server/meta/default%20utf8/System.lua] takes [0.108] sec, size [428.566] kb.
[01:00:00.469][warn] [#0:script/files.lua:556]: Parse LuaDoc of [file:///home/astor/neovim/tool/lua-server/meta/default%20utf8/System.lua] takes [0.278] sec, size [428.566] kb.
[01:00:00.695][info] [#0:script/workspace/loading.lua:100]: Preload file at: file:///home/astor/neovim/tool/lua-server/meta/default%20utf8/UnityEngine.Assertions.Comparers.lua , size = 1.718 KB
[01:00:00.697][info] [#0:script/workspace/loading.lua:100]: Preload file at: file:///home/astor/neovim/tool/lua-server/meta/default%20utf8/UnityEngine.Profiling.Memory.Experimental.lua , size = 3.857 KB
[01:00:00.699][info] [#0:script/workspace/loading.lua:100]: Preload file at: file:///home/astor/neovim/tool/lua-server/meta/default%20utf8/System.Text.RegularExpressions.lua , size = 16.256 KB
[01:00:00.717][info] [#0:script/workspace/loading.lua:100]: Preload file at: file:///home/astor/neovim/tool/lua-server/debugger.lua , size = 1.768 KB
[01:00:00.719][info] [#0:script/workspace/loading.lua:100]: Preload file at: file:///home/astor/neovim/tool/lua-server/main.lua , size = 2.128 KB
[01:00:00.721][info] [#0:script/workspace/loading.lua:100]: Preload file at: file:///home/astor/neovim/tool/lua-server/bin/main.lua , size = 2.162 KB
[01:00:00.724][info] [#0:script/workspace/loading.lua:100]: Preload file at: file:///home/astor/neovim/tool/lua-server/log/middleScript.lua , size = 1.380 KB
[01:00:00.727][info] [#0:script/workspace/loading.lua:139]: Preload dll at: file:///home/astor/neovim/app/lib/nvim/parser/vimdoc.so , size = 177.023 KB
[01:00:00.729][info] [#0:script/workspace/loading.lua:139]: Preload dll at: file:///home/astor/neovim/app/lib/nvim/parser/vim.so , size = 1107.414 KB
[01:00:00.740][info] [#0:script/workspace/loading.lua:139]: Preload dll at: file:///home/astor/neovim/app/lib/nvim/parser/lua.so , size = 61.438 KB
[01:00:00.741][info] [#0:script/workspace/loading.lua:139]: Preload dll at: file:///home/astor/neovim/app/lib/nvim/parser/markdown.so , size = 363.906 KB
[01:00:00.744][info] [#0:script/workspace/loading.lua:139]: Preload dll at: file:///home/astor/neovim/app/lib/nvim/parser/c.so , size = 617.430 KB
[01:00:00.750][info] [#0:script/workspace/loading.lua:139]: Preload dll at: file:///home/astor/neovim/app/lib/nvim/parser/markdown_inline.so , size = 351.547 KB
[01:00:00.754][info] [#0:script/workspace/loading.lua:100]: Preload file at: file:///home/astor/neovim/app/share/nvim/runtime/syntax/qf.lua , size = 0.347 KB
[01:00:00.754][info] [#0:script/workspace/loading.lua:100]: Preload file at: file:///home/astor/neovim/app/share/nvim/runtime/syntax/tutor.lua , size = 0.049 KB
[01:00:00.755][info] [#0:script/workspace/loading.lua:139]: Preload dll at: file:///home/astor/neovim/app/lib/nvim/parser/query.so , size = 36.289 KB
[01:00:00.755][info] [#0:script/workspace/loading.lua:100]: Preload file at: file:///home/astor/neovim/app/share/nvim/runtime/plugin/tohtml.lua , size = 0.432 KB
[01:00:00.756][info] [#0:script/workspace/loading.lua:100]: Preload file at: file:///home/astor/neovim/app/share/nvim/runtime/plugin/editorconfig.lua , size = 0.401 KB
[01:00:00.757][info] [#0:script/workspace/loading.lua:100]: Preload file at: file:///home/astor/neovim/app/share/nvim/runtime/plugin/man.lua , size = 0.893 KB
[01:00:00.758][info] [#0:script/workspace/loading.lua:100]: Preload file at: file:///home/astor/neovim/app/share/nvim/runtime/syntax/query.lua , size = 0.104 KB
[01:00:00.759][info] [#0:script/workspace/loading.lua:100]: Preload file at: file:///home/astor/neovim/app/share/nvim/runtime/plugin/nvim/net.lua , size = 1.251 KB
[01:00:00.760][info] [#0:script/workspace/loading.lua:100]: Preload file at: file:///home/astor/neovim/app/share/nvim/runtime/plugin/shada.lua , size = 2.138 KB
[01:00:00.763][info] [#0:script/workspace/loading.lua:100]: Preload file at: file:///home/astor/neovim/app/share/nvim/runtime/plugin/osc52.lua , size = 3.501 KB
[01:00:00.766][info] [#0:script/workspace/loading.lua:100]: Preload file at: file:///home/astor/neovim/app/share/nvim/runtime/pack/dist/opt/nvim.undotree/plugin/undotree.lua , size = 0.183 KB
[01:00:00.767][info] [#0:script/workspace/loading.lua:100]: Preload file at: file:///home/astor/neovim/app/share/nvim/runtime/pack/dist/opt/nvim.undotree/lua/undotree.lua , size = 10.704 KB
[01:00:00.781][info] [#0:script/workspace/loading.lua:100]: Preload file at: file:///home/astor/neovim/app/share/nvim/runtime/pack/dist/opt/nvim.difftool/plugin/difftool.lua , size = 0.343 KB
[01:00:00.783][info] [#0:script/workspace/loading.lua:100]: Preload file at: file:///home/astor/neovim/app/share/nvim/runtime/scripts/emoji_list.lua , size = 0.396 KB
[01:00:00.784][info] [#0:script/workspace/loading.lua:100]: Preload file at: file:///home/astor/neovim/app/share/nvim/runtime/pack/dist/opt/nvim.difftool/lua/difftool.lua , size = 14.096 KB
[01:00:00.796][info] [#0:script/workspace/loading.lua:100]: Preload file at: file:///home/astor/neovim/app/share/nvim/runtime/example_init.lua , size = 3.602 KB
[01:00:00.798][info] [#0:script/workspace/loading.lua:100]: Preload file at: file:///home/astor/neovim/app/share/nvim/runtime/ftplugin/c.lua , size = 0.432 KB
[01:00:00.799][info] [#0:script/workspace/loading.lua:100]: Preload file at: file:///home/astor/neovim/app/share/nvim/runtime/ftplugin/arduino.lua , size = 0.107 KB
[01:00:00.800][info] [#0:script/workspace/loading.lua:100]: Preload file at: file:///home/astor/neovim/app/share/nvim/runtime/ftplugin/objc.lua , size = 0.107 KB
[01:00:00.800][info] [#0:script/workspace/loading.lua:100]: Preload file at: file:///home/astor/neovim/app/share/nvim/runtime/ftplugin/faust.lua , size = 0.107 KB
[01:00:00.800][info] [#0:script/workspace/loading.lua:100]: Preload file at: file:///home/astor/neovim/app/share/nvim/runtime/ftplugin/markdown.lua , size = 0.649 KB
[01:00:00.801][info] [#0:script/workspace/loading.lua:100]: Preload file at: file:///home/astor/neovim/app/share/nvim/runtime/ftplugin/glsl.lua , size = 0.107 KB
[01:00:00.802][info] [#0:script/workspace/loading.lua:100]: Preload file at: file:///home/astor/neovim/app/share/nvim/runtime/ftplugin/checkhealth.lua , size = 0.672 KB
[01:00:00.803][info] [#0:script/workspace/loading.lua:100]: Preload file at: file:///home/astor/neovim/app/share/nvim/runtime/ftplugin/help.lua , size = 5.155 KB
[01:00:00.808][info] [#0:script/workspace/loading.lua:100]: Preload file at: file:///home/astor/neovim/app/share/nvim/runtime/ftplugin/swift.lua , size = 0.107 KB
[01:00:00.808][info] [#0:script/workspace/loading.lua:100]: Preload file at: file:///home/astor/neovim/app/share/nvim/runtime/ftplugin/lua.lua , size = 0.367 KB
[01:00:00.809][info] [#0:script/workspace/loading.lua:100]: Preload file at: file:///home/astor/neovim/app/share/nvim/runtime/ftplugin/supercollider.lua , size = 0.107 KB
[01:00:00.810][info] [#0:script/workspace/loading.lua:100]: Preload file at: file:///home/astor/neovim/app/share/nvim/runtime/ftplugin/cs.lua , size = 0.107 KB
[01:00:00.810][info] [#0:script/workspace/loading.lua:100]: Preload file at: file:///home/astor/neovim/app/share/nvim/runtime/ftplugin/ch.lua , size = 0.107 KB
[01:00:00.811][info] [#0:script/workspace/loading.lua:100]: Preload file at: file:///home/astor/neovim/app/share/nvim/runtime/ftplugin/d.lua , size = 0.107 KB
[01:00:00.811][info] [#0:script/workspace/loading.lua:100]: Preload file at: file:///home/astor/neovim/app/share/nvim/runtime/ftplugin/dot.lua , size = 0.107 KB
[01:00:00.812][info] [#0:script/workspace/loading.lua:100]: Preload file at: file:///home/astor/neovim/app/share/nvim/runtime/ftplugin/stata.lua , size = 0.107 KB
[01:00:00.813][info] [#0:script/workspace/loading.lua:100]: Preload file at: file:///home/astor/neovim/app/share/nvim/runtime/ftplugin/xs.lua , size = 0.107 KB
[01:00:00.813][info] [#0:script/workspace/loading.lua:100]: Preload file at: file:///home/astor/neovim/app/share/nvim/runtime/ftplugin/query.lua , size = 0.994 KB
[01:00:00.814][info] [#0:script/workspace/loading.lua:100]: Preload file at: file:///home/astor/neovim/app/share/nvim/runtime/ftplugin/nvim-pack.lua , size = 2.249 KB
[01:00:00.817][info] [#0:script/workspace/loading.lua:100]: Preload file at: file:///home/astor/neovim/app/share/nvim/runtime/ftplugin/indent.lua , size = 0.107 KB
[01:00:00.817][info] [#0:script/workspace/loading.lua:100]: Preload file at: file:///home/astor/neovim/app/share/nvim/runtime/indent/query.lua , size = 0.104 KB
[01:00:00.818][info] [#0:script/workspace/loading.lua:100]: Preload file at: file:///home/astor/neovim/app/share/nvim/runtime/colors/vim.lua , size = 18.835 KB
[01:00:00.829][info] [#0:script/workspace/loading.lua:100]: Preload file at: file:///home/astor/neovim/app/share/nvim/runtime/filetype.lua , size = 1.854 KB
[01:00:00.832][info] [#0:script/workspace/loading.lua:100]: Preload file at: file:///home/astor/neovim/app/share/nvim/runtime/lua/coxpcall.lua , size = 3.672 KB
[01:00:00.836][info] [#0:script/workspace/loading.lua:100]: Preload file at: file:///home/astor/neovim/app/share/nvim/runtime/lua/tohtml.lua , size = 43.596 KB
[01:00:00.873][info] [#0:script/workspace/loading.lua:100]: Preload file at: file:///home/astor/neovim/app/share/nvim/runtime/lua/vim/diagnostic.lua , size = 93.430 KB
[01:00:00.939][info] [#0:script/workspace/loading.lua:100]: Preload file at: file:///home/astor/neovim/app/share/nvim/runtime/lua/vim/net/_ssh.lua , size = 5.588 KB
[01:00:00.945][info] [#0:script/workspace/loading.lua:100]: Preload file at: file:///home/astor/neovim/app/share/nvim/runtime/lua/uv/_meta.lua , size = 163.967 KB
[01:00:01.042][info] [#0:script/workspace/loading.lua:100]: Preload file at: file:///home/astor/neovim/app/share/nvim/runtime/lua/vim/_ftplugin/lua.lua , size = 0.540 KB
[01:00:01.044][info] [#0:script/workspace/loading.lua:100]: Preload file at: file:///home/astor/neovim/app/share/nvim/runtime/lua/vim/hl.lua , size = 6.188 KB
[01:00:01.050][info] [#0:script/workspace/loading.lua:100]: Preload file at: file:///home/astor/neovim/app/share/nvim/runtime/lua/vim/F.lua , size = 1.147 KB
[01:00:01.051][info] [#0:script/workspace/loading.lua:100]: Preload file at: file:///home/astor/neovim/app/share/nvim/runtime/lua/vim/secure.lua , size = 6.609 KB
[01:00:01.058][info] [#0:script/workspace/loading.lua:100]: Preload file at: file:///home/astor/neovim/app/share/nvim/runtime/lua/vim/_inspector.lua , size = 7.892 KB
[01:00:01.067][info] [#0:script/workspace/loading.lua:100]: Preload file at: file:///home/astor/neovim/app/share/nvim/runtime/lua/vim/_meta/api.lua , size = 109.896 KB
[01:00:01.118][info] [#0:script/workspace/loading.lua:100]: Preload file at: file:///home/astor/neovim/app/share/nvim/runtime/lua/vim/_meta/spell.lua , size = 0.929 KB
[01:00:01.119][info] [#0:script/workspace/loading.lua:100]: Preload file at: file:///home/astor/neovim/app/share/nvim/runtime/lua/vim/_meta/lpeg.lua , size = 15.348 KB
[01:00:01.126][info] [#0:script/workspace/loading.lua:100]: Preload file at: file:///home/astor/neovim/app/share/nvim/runtime/lua/vim/_meta/vimfn.lua , size = 415.514 KB
[01:00:01.320][info] [#0:script/workspace/loading.lua:100]: Preload file at: file:///home/astor/neovim/app/share/nvim/runtime/lua/vim/_meta/json.lua , size = 2.269 KB
[01:00:01.321][info] [#0:script/workspace/loading.lua:100]: Preload file at: file:///home/astor/neovim/app/share/nvim/runtime/lua/vim/_meta/vvars.lua , size = 26.778 KB
[01:00:01.333][info] [#0:script/workspace/loading.lua:100]: Preload file at: file:///home/astor/neovim/app/share/nvim/runtime/lua/vim/_meta/base64.lua , size = 0.323 KB
[01:00:01.334][info] [#0:script/workspace/loading.lua:100]: Preload file at: file:///home/astor/neovim/app/share/nvim/runtime/lua/vim/_meta/mpack.lua , size = 0.478 KB
[01:00:01.334][info] [#0:script/workspace/loading.lua:100]: Preload file at: file:///home/astor/neovim/app/share/nvim/runtime/lua/vim/_meta/builtin_types.lua , size = 8.547 KB
[01:00:01.341][info] [#0:script/workspace/loading.lua:100]: Preload file at: file:///home/astor/neovim/app/share/nvim/runtime/lua/vim/_meta/re.lua , size = 2.217 KB
[01:00:01.343][info] [#0:script/workspace/loading.lua:100]: Preload file at: file:///home/astor/neovim/app/share/nvim/runtime/lua/vim/_meta/options.lua , size = 339.527 KB
[01:00:01.517][info] [#0:script/workspace/loading.lua:100]: Preload file at: file:///home/astor/neovim/app/share/nvim/runtime/lua/vim/_meta/builtin.lua , size = 10.817 KB
[01:00:01.522][info] [#0:script/workspace/loading.lua:100]: Preload file at: file:///home/astor/neovim/app/share/nvim/runtime/lua/vim/_meta/api_keysets_extra.lua , size = 7.573 KB
[01:00:01.531][info] [#0:script/workspace/loading.lua:100]: Preload file at: file:///home/astor/neovim/app/share/nvim/runtime/lua/vim/_meta/misc.lua , size = 0.598 KB
[01:00:01.532][info] [#0:script/workspace/loading.lua:100]: Preload file at: file:///home/astor/neovim/app/share/nvim/runtime/lua/vim/_meta/vvars_extra.lua , size = 4.056 KB
[01:00:01.535][info] [#0:script/workspace/loading.lua:100]: Preload file at: file:///home/astor/neovim/app/share/nvim/runtime/lua/vim/_meta/regex.lua , size = 1.580 KB
[01:00:01.537][info] [#0:script/workspace/loading.lua:100]: Preload file at: file:///home/astor/neovim/app/share/nvim/runtime/lua/vim/_meta/api_keysets.lua , size = 13.208 KB
[01:00:01.556][info] [#0:script/workspace/loading.lua:100]: Preload file at: file:///home/astor/neovim/app/share/nvim/runtime/lua/vim/inspect.lua , size = 8.899 KB
[01:00:01.566][info] [#0:script/workspace/loading.lua:100]: Preload file at: file:///home/astor/neovim/app/share/nvim/runtime/lua/vim/_comment.lua , size = 9.044 KB
[01:00:01.577][info] [#0:script/workspace/loading.lua:100]: Preload file at: file:///home/astor/neovim/app/share/nvim/runtime/lua/vim/_init_packages.lua , size = 3.046 KB
[01:00:01.582][info] [#0:script/workspace/loading.lua:100]: Preload file at: file:///home/astor/neovim/app/share/nvim/runtime/lua/vim/_extui.lua , size = 4.911 KB
[01:00:01.586][info] [#0:script/workspace/loading.lua:100]: Preload file at: file:///home/astor/neovim/app/share/nvim/runtime/lua/vim/treesitter.lua , size = 16.196 KB
[01:00:01.599][info] [#0:script/workspace/loading.lua:100]: Preload file at: file:///home/astor/neovim/app/share/nvim/runtime/lua/vim/treesitter/_range.lua , size = 4.160 KB
[01:00:01.604][info] [#0:script/workspace/loading.lua:100]: Preload file at: file:///home/astor/neovim/app/share/nvim/runtime/lua/vim/glob.lua , size = 12.377 KB
[01:00:01.615][info] [#0:script/workspace/loading.lua:100]: Preload file at: file:///home/astor/neovim/app/share/nvim/runtime/lua/vim/treesitter/_meta/tsnode.lua , size = 5.839 KB
[01:00:02.298][warn] [#0:script/files.lua:556]: Parse LuaDoc of [file:///home/astor/neovim/app/share/nvim/runtime/lua/vim/treesitter/_meta/tsnode.lua] takes [0.682] sec, size [5.979] kb.
[01:00:02.307][info] [#0:script/workspace/loading.lua:100]: Preload file at: file:///home/astor/neovim/app/share/nvim/runtime/lua/vim/treesitter/_meta/tsquery.lua , size = 1.860 KB
[01:00:02.330][info] [#0:script/workspace/loading.lua:100]: Preload file at: file:///home/astor/neovim/app/share/nvim/runtime/lua/vim/treesitter/_meta/misc.lua , size = 2.732 KB
[01:00:02.343][info] [#0:script/workspace/loading.lua:100]: Preload file at: file:///home/astor/neovim/app/share/nvim/runtime/lua/vim/treesitter/languagetree.lua , size = 40.739 KB
[01:00:02.382][info] [#0:script/workspace/loading.lua:100]: Preload file at: file:///home/astor/neovim/app/share/nvim/runtime/lua/vim/treesitter/language.lua , size = 5.761 KB
[01:00:02.387][info] [#0:script/workspace/loading.lua:100]: Preload file at: file:///home/astor/neovim/app/share/nvim/runtime/lua/vim/treesitter/highlighter.lua , size = 17.784 KB
[01:00:02.401][info] [#0:script/workspace/loading.lua:100]: Preload file at: file:///home/astor/neovim/app/share/nvim/runtime/lua/vim/treesitter/_meta/tstree.lua , size = 1.252 KB
[01:00:02.403][info] [#0:script/workspace/loading.lua:100]: Preload file at: file:///home/astor/neovim/app/share/nvim/runtime/lua/vim/treesitter/_fold.lua , size = 14.848 KB
[01:00:02.413][info] [#0:script/workspace/loading.lua:100]: Preload file at: file:///home/astor/neovim/app/share/nvim/runtime/lua/vim/treesitter/query.lua , size = 38.221 KB
[01:00:02.442][info] [#0:script/workspace/loading.lua:100]: Preload file at: file:///home/astor/neovim/app/share/nvim/runtime/lua/vim/treesitter/_headings.lua , size = 3.955 KB
[01:00:02.445][info] [#0:script/workspace/loading.lua:100]: Preload file at: file:///home/astor/neovim/app/share/nvim/runtime/lua/vim/treesitter/dev.lua , size = 21.543 KB
[01:00:02.463][info] [#0:script/workspace/loading.lua:100]: Preload file at: file:///home/astor/neovim/app/share/nvim/runtime/lua/vim/treesitter/_query_linter.lua , size = 7.818 KB
[01:00:02.476][info] [#0:script/workspace/loading.lua:100]: Preload file at: file:///home/astor/neovim/app/share/nvim/runtime/lua/vim/treesitter/health.lua , size = 2.042 KB
[01:00:02.479][info] [#0:script/workspace/loading.lua:100]: Preload file at: file:///home/astor/neovim/app/share/nvim/runtime/lua/vim/_watch.lua , size = 9.736 KB
[01:00:02.487][info] [#0:script/workspace/loading.lua:100]: Preload file at: file:///home/astor/neovim/app/share/nvim/runtime/lua/vim/_system.lua , size = 13.990 KB
[01:00:02.499][info] [#0:script/workspace/loading.lua:100]: Preload file at: file:///home/astor/neovim/app/share/nvim/runtime/lua/vim/lsp.lua , size = 52.782 KB
[01:00:02.542][info] [#0:script/workspace/loading.lua:100]: Preload file at: file:///home/astor/neovim/app/share/nvim/runtime/lua/vim/pack/_lsp.lua , size = 8.037 KB
[01:00:02.553][info] [#0:script/workspace/loading.lua:100]: Preload file at: file:///home/astor/neovim/app/share/nvim/runtime/lua/vim/ui/clipboard/osc52.lua , size = 2.086 KB
[01:00:02.555][info] [#0:script/workspace/loading.lua:100]: Preload file at: file:///home/astor/neovim/app/share/nvim/runtime/lua/vim/_async.lua , size = 2.596 KB
[01:00:02.559][info] [#0:script/workspace/loading.lua:100]: Preload file at: file:///home/astor/neovim/app/share/nvim/runtime/lua/vim/uri.lua , size = 3.614 KB
[01:00:02.563][info] [#0:script/workspace/loading.lua:100]: Preload file at: file:///home/astor/neovim/app/share/nvim/runtime/lua/vim/provider.lua , size = 0.197 KB
[01:00:02.563][info] [#0:script/workspace/loading.lua:100]: Preload file at: file:///home/astor/neovim/app/share/nvim/runtime/lua/vim/net.lua , size = 1.949 KB
[01:00:02.566][info] [#0:script/workspace/loading.lua:100]: Preload file at: file:///home/astor/neovim/app/share/nvim/runtime/lua/vim/keymap.lua , size = 3.683 KB
[01:00:02.569][info] [#0:script/workspace/loading.lua:100]: Preload file at: file:///home/astor/neovim/app/share/nvim/runtime/lua/vim/pos.lua , size = 5.362 KB
[01:00:02.574][info] [#0:script/workspace/loading.lua:100]: Preload file at: file:///home/astor/neovim/app/share/nvim/runtime/lua/vim/pack.lua , size = 41.501 KB
[01:00:02.608][info] [#0:script/workspace/loading.lua:100]: Preload file at: file:///home/astor/neovim/app/share/nvim/runtime/lua/vim/func/_memoize.lua , size = 1.979 KB
[01:00:02.611][info] [#0:script/workspace/loading.lua:100]: Preload file at: file:///home/astor/neovim/app/share/nvim/runtime/lua/vim/_buf.lua , size = 0.764 KB
[01:00:02.613][info] [#0:script/workspace/loading.lua:100]: Preload file at: file:///home/astor/neovim/app/share/nvim/runtime/lua/vim/func.lua , size = 1.939 KB
[01:00:02.614][info] [#0:script/workspace/loading.lua:100]: Preload file at: file:///home/astor/neovim/app/share/nvim/runtime/lua/vim/shared.lua , size = 46.394 KB
[01:00:02.661][info] [#0:script/workspace/loading.lua:100]: Preload file at: file:///home/astor/neovim/app/share/nvim/runtime/lua/vim/_stringbuffer.lua , size = 2.344 KB
[01:00:02.664][info] [#0:script/workspace/loading.lua:100]: Preload file at: file:///home/astor/neovim/app/share/nvim/runtime/lua/vim/range.lua , size = 5.728 KB
[01:00:02.670][info] [#0:script/workspace/loading.lua:100]: Preload file at: file:///home/astor/neovim/app/share/nvim/runtime/lua/vim/_options.lua , size = 25.508 KB
[01:00:02.687][info] [#0:script/workspace/loading.lua:100]: Preload file at: file:///home/astor/neovim/app/share/nvim/runtime/lua/vim/_editor.lua , size = 41.049 KB
[01:00:02.719][info] [#0:script/workspace/loading.lua:100]: Preload file at: file:///home/astor/neovim/app/share/nvim/runtime/lua/vim/lsp/on_type_formatting.lua , size = 7.507 KB
[01:00:02.725][info] [#0:script/workspace/loading.lua:100]: Preload file at: file:///home/astor/neovim/app/share/nvim/runtime/lua/vim/lsp/client.lua , size = 46.229 KB
[01:00:02.758][info] [#0:script/workspace/loading.lua:100]: Preload file at: file:///home/astor/neovim/app/share/nvim/runtime/lua/vim/lsp/log.lua , size = 6.450 KB
[01:00:02.763][info] [#0:script/workspace/loading.lua:100]: Preload file at: file:///home/astor/neovim/app/share/nvim/runtime/lua/vim/lsp/diagnostic.lua , size = 16.003 KB
[01:00:02.775][info] [#0:script/workspace/loading.lua:100]: Preload file at: file:///home/astor/neovim/app/share/nvim/runtime/lua/vim/lsp/_meta/protocol.lua , size = 189.000 KB
[01:00:02.862][info] [#0:script/workspace/loading.lua:100]: Preload file at: file:///home/astor/neovim/app/share/nvim/runtime/lua/vim/lsp/handlers.lua , size = 24.885 KB
[01:00:02.882][info] [#0:script/workspace/loading.lua:100]: Preload file at: file:///home/astor/neovim/app/share/nvim/runtime/lua/vim/lsp/protocol.lua , size = 52.671 KB
[01:00:02.908][info] [#0:script/workspace/loading.lua:100]: Preload file at: file:///home/astor/neovim/app/share/nvim/runtime/lua/vim/lsp/_watchfiles.lua , size = 6.785 KB
[01:00:02.914][info] [#0:script/workspace/loading.lua:100]: Preload file at: file:///home/astor/neovim/app/share/nvim/runtime/lua/vim/lsp/_folding_range.lua , size = 10.360 KB
[01:00:02.924][info] [#0:script/workspace/loading.lua:100]: Preload file at: file:///home/astor/neovim/app/share/nvim/runtime/lua/vim/lsp/sync.lua , size = 15.957 KB
[01:00:02.934][info] [#0:script/workspace/loading.lua:100]: Preload file at: file:///home/astor/neovim/app/share/nvim/runtime/lua/vim/lsp/util.lua , size = 78.191 KB
[01:00:02.995][info] [#0:script/workspace/loading.lua:100]: Preload file at: file:///home/astor/neovim/app/share/nvim/runtime/lua/vim/lsp/_tagfunc.lua , size = 3.024 KB
[01:00:02.999][info] [#0:script/workspace/loading.lua:100]: Preload file at: file:///home/astor/neovim/app/share/nvim/runtime/lua/vim/lsp/document_color.lua , size = 13.885 KB
[01:00:03.011][info] [#0:script/workspace/loading.lua:100]: Preload file at: file:///home/astor/neovim/app/share/nvim/runtime/lua/vim/lsp/_snippet_grammar.lua , size = 6.228 KB
[01:00:03.018][info] [#0:script/workspace/loading.lua:100]: Preload file at: file:///home/astor/neovim/app/share/nvim/runtime/lua/vim/lsp/buf.lua , size = 49.345 KB
[01:00:03.054][info] [#0:script/workspace/loading.lua:100]: Preload file at: file:///home/astor/neovim/app/share/nvim/runtime/lua/vim/lsp/_meta.lua , size = 0.630 KB
[01:00:03.055][info] [#0:script/workspace/loading.lua:100]: Preload file at: file:///home/astor/neovim/app/share/nvim/runtime/lua/vim/lsp/_capability.lua , size = 6.761 KB
[01:00:03.061][info] [#0:script/workspace/loading.lua:100]: Preload file at: file:///home/astor/neovim/app/share/nvim/runtime/lua/vim/lsp/codelens.lua , size = 10.017 KB
[01:00:03.071][info] [#0:script/workspace/loading.lua:100]: Preload file at: file:///home/astor/neovim/app/share/nvim/runtime/lua/vim/lsp/linked_editing_range.lua , size = 10.489 KB
[01:00:03.079][info] [#0:script/workspace/loading.lua:100]: Preload file at: file:///home/astor/neovim/app/share/nvim/runtime/lua/vim/lsp/_transport.lua , size = 5.152 KB
[01:00:03.084][info] [#0:script/workspace/loading.lua:100]: Preload file at: file:///home/astor/neovim/app/share/nvim/runtime/lua/vim/lsp/semantic_tokens.lua , size = 28.510 KB
[01:00:03.104][info] [#0:script/workspace/loading.lua:100]: Preload file at: file:///home/astor/neovim/app/share/nvim/runtime/lua/vim/lsp/completion.lua , size = 27.950 KB
[01:00:03.125][info] [#0:script/workspace/loading.lua:100]: Preload file at: file:///home/astor/neovim/app/share/nvim/runtime/lua/vim/lsp/inline_completion.lua , size = 13.973 KB
[01:00:03.138][info] [#0:script/workspace/loading.lua:100]: Preload file at: file:///home/astor/neovim/app/share/nvim/runtime/lua/vim/lsp/rpc.lua , size = 20.118 KB
[01:00:03.161][info] [#0:script/workspace/loading.lua:100]: Preload file at: file:///home/astor/neovim/app/share/nvim/runtime/lua/vim/lsp/inlay_hint.lua , size = 12.199 KB
[01:00:03.171][info] [#0:script/workspace/loading.lua:100]: Preload file at: file:///home/astor/neovim/app/share/nvim/runtime/lua/vim/lsp/_changetracking.lua , size = 11.478 KB
[01:00:03.180][info] [#0:script/workspace/loading.lua:100]: Preload file at: file:///home/astor/neovim/app/share/nvim/runtime/lua/vim/lsp/health.lua , size = 8.303 KB
[01:00:03.187][info] [#0:script/workspace/loading.lua:100]: Preload file at: file:///home/astor/neovim/app/share/nvim/runtime/lua/vim/_meta.lua , size = 1.093 KB
[01:00:03.189][info] [#0:script/workspace/loading.lua:100]: Preload file at: file:///home/astor/neovim/app/share/nvim/runtime/lua/vim/re.lua , size = 6.527 KB
[01:00:03.196][info] [#0:script/workspace/loading.lua:100]: Preload file at: file:///home/astor/neovim/app/share/nvim/runtime/lua/vim/health/health.lua , size = 15.883 KB
[01:00:03.209][info] [#0:script/workspace/loading.lua:100]: Preload file at: file:///home/astor/neovim/app/share/nvim/runtime/lua/vim/snippet.lua , size = 21.656 KB
[01:00:03.225][info] [#0:script/workspace/loading.lua:100]: Preload file at: file:///home/astor/neovim/app/share/nvim/runtime/lua/vim/loader.lua , size = 14.562 KB
[01:00:03.238][info] [#0:script/workspace/loading.lua:100]: Preload file at: file:///home/astor/neovim/app/share/nvim/runtime/lua/vim/deprecated/health.lua , size = 1.260 KB
[01:00:03.239][info] [#0:script/workspace/loading.lua:100]: Preload file at: file:///home/astor/neovim/app/share/nvim/runtime/lua/vim/text.lua , size = 7.246 KB
[01:00:03.244][info] [#0:script/workspace/loading.lua:100]: Preload file at: file:///home/astor/neovim/app/share/nvim/runtime/lua/vim/provider/python.lua , size = 4.292 KB
[01:00:03.248][info] [#0:script/workspace/loading.lua:100]: Preload file at: file:///home/astor/neovim/app/share/nvim/runtime/lua/vim/provider/perl.lua , size = 1.977 KB
[01:00:03.250][info] [#0:script/workspace/loading.lua:100]: Preload file at: file:///home/astor/neovim/app/share/nvim/runtime/lua/vim/provider/ruby.lua , size = 1.580 KB
[01:00:03.252][info] [#0:script/workspace/loading.lua:100]: Preload file at: file:///home/astor/neovim/app/share/nvim/runtime/lua/vim/provider/health.lua , size = 30.090 KB
[01:00:03.276][info] [#0:script/workspace/loading.lua:100]: Preload file at: file:///home/astor/neovim/app/share/nvim/runtime/lua/vim/ui.lua , size = 7.601 KB
[01:00:03.283][info] [#0:script/workspace/loading.lua:100]: Preload file at: file:///home/astor/neovim/app/share/nvim/runtime/lua/vim/filetype.lua , size = 89.308 KB
[01:00:03.337][info] [#0:script/workspace/loading.lua:100]: Preload file at: file:///home/astor/neovim/app/share/nvim/runtime/lua/vim/_core/util.lua , size = 1.076 KB
[01:00:03.338][info] [#0:script/workspace/loading.lua:100]: Preload file at: file:///home/astor/neovim/app/share/nvim/runtime/lua/vim/_core/server.lua , size = 1.117 KB
[01:00:03.340][info] [#0:script/workspace/loading.lua:100]: Preload file at: file:///home/astor/neovim/app/share/nvim/runtime/lua/vim/filetype/options.lua , size = 2.557 KB
[01:00:03.342][info] [#0:script/workspace/loading.lua:100]: Preload file at: file:///home/astor/neovim/app/share/nvim/runtime/lua/vim/filetype/detect.lua , size = 65.136 KB
[01:00:03.388][info] [#0:script/workspace/loading.lua:100]: Preload file at: file:///home/astor/neovim/app/share/nvim/runtime/lua/vim/termcap.lua , size = 2.957 KB
[01:00:03.391][info] [#0:script/workspace/loading.lua:100]: Preload file at: file:///home/astor/neovim/app/share/nvim/runtime/lua/vim/iter.lua , size = 27.263 KB
[01:00:03.415][info] [#0:script/workspace/loading.lua:100]: Preload file at: file:///home/astor/neovim/app/share/nvim/runtime/lua/vim/version.lua , size = 14.988 KB
[01:00:03.430][info] [#0:script/workspace/loading.lua:100]: Preload file at: file:///home/astor/neovim/app/share/nvim/runtime/lua/vim/_defaults.lua , size = 34.404 KB
[01:00:03.454][info] [#0:script/workspace/loading.lua:100]: Preload file at: file:///home/astor/neovim/app/share/nvim/runtime/lua/vim/_extui/cmdline.lua , size = 6.410 KB
[01:00:03.460][info] [#0:script/workspace/loading.lua:100]: Preload file at: file:///home/astor/neovim/app/share/nvim/runtime/lua/vim/fs.lua , size = 24.457 KB
[01:00:03.476][info] [#0:script/workspace/loading.lua:100]: Preload file at: file:///home/astor/neovim/app/share/nvim/runtime/lua/vim/_extui/shared.lua , size = 4.198 KB
[01:00:03.480][info] [#0:script/workspace/loading.lua:100]: Preload file at: file:///home/astor/neovim/app/share/nvim/runtime/lua/vim/_extui/messages.lua , size = 23.848 KB
[01:00:03.499][info] [#0:script/workspace/loading.lua:100]: Preload file at: file:///home/astor/neovim/app/share/nvim/runtime/lua/vim/health.lua , size = 15.774 KB
[01:00:03.510][info] [#0:script/workspace/loading.lua:100]: Preload file at: file:///home/astor/neovim/app/share/nvim/runtime/lua/editorconfig.lua , size = 11.169 KB
[01:00:03.518][info] [#0:script/workspace/loading.lua:100]: Preload file at: file:///home/astor/neovim/app/share/nvim/runtime/lua/man.lua , size = 23.873 KB
[01:00:03.536][info] [#0:script/workspace/loading.lua:100]: Preload file at: file:///home/astor/neovim/app/share/nvim/runtime/lua/nvim/tutor.lua , size = 2.627 KB
[01:00:03.539][info] [#0:script/workspace/loading.lua:100]: Preload file at: file:///home/astor/neovim/app/share/nvim/runtime/lua/jit/dis_mips64r6el.lua , size = 0.711 KB
[01:00:03.540][info] [#0:script/workspace/loading.lua:100]: Preload file at: file:///home/astor/neovim/app/share/nvim/runtime/lua/jit/dis_arm64.lua , size = 29.971 KB
[01:00:03.564][info] [#0:script/workspace/loading.lua:100]: Preload file at: file:///home/astor/neovim/app/share/nvim/runtime/lua/jit/dis_ppc.lua , size = 19.825 KB
[01:00:03.578][info] [#0:script/workspace/loading.lua:100]: Preload file at: file:///home/astor/neovim/app/share/nvim/runtime/lua/jit/v.lua , size = 5.731 KB
[01:00:03.581][info] [#0:script/workspace/loading.lua:100]: Preload file at: file:///home/astor/neovim/app/share/nvim/runtime/lua/jit/dis_mips64el.lua , size = 0.700 KB
[01:00:03.583][info] [#0:script/workspace/loading.lua:100]: Preload file at: file:///home/astor/neovim/app/share/nvim/runtime/lua/jit/dis_mips.lua , size = 21.494 KB
[01:00:03.599][info] [#0:script/workspace/loading.lua:100]: Preload file at: file:///home/astor/neovim/app/share/nvim/runtime/lua/jit/dis_mips64.lua , size = 0.689 KB
[01:00:03.599][info] [#0:script/workspace/loading.lua:100]: Preload file at: file:///home/astor/neovim/app/share/nvim/runtime/lua/jit/bc.lua , size = 5.417 KB
[01:00:03.604][info] [#0:script/workspace/loading.lua:100]: Preload file at: file:///home/astor/neovim/app/share/nvim/runtime/lua/jit/zone.lua , size = 0.979 KB
[01:00:03.605][info] [#0:script/workspace/loading.lua:100]: Preload file at: file:///home/astor/neovim/app/share/nvim/runtime/lua/jit/dis_arm64be.lua , size = 0.604 KB
[01:00:03.605][info] [#0:script/workspace/loading.lua:100]: Preload file at: file:///home/astor/neovim/app/share/nvim/runtime/lua/jit/dis_arm.lua , size = 18.891 KB
[01:00:03.621][info] [#0:script/workspace/loading.lua:100]: Preload file at: file:///home/astor/neovim/app/share/nvim/runtime/lua/jit/bcsave.lua , size = 17.090 KB
[01:00:03.634][info] [#0:script/workspace/loading.lua:100]: Preload file at: file:///home/astor/neovim/app/share/nvim/runtime/lua/jit/dis_mips64r6.lua , size = 0.700 KB
[01:00:03.636][info] [#0:script/workspace/loading.lua:100]: Preload file at: file:///home/astor/neovim/app/share/nvim/runtime/lua/jit/p.lua , size = 8.874 KB
[01:00:03.643][info] [#0:script/workspace/loading.lua:100]: Preload file at: file:///home/astor/neovim/app/share/nvim/runtime/lua/jit/dis_mipsel.lua , size = 0.698 KB
[01:00:03.644][info] [#0:script/workspace/loading.lua:100]: Preload file at: file:///home/astor/neovim/app/share/nvim/runtime/lua/jit/dis_x86.lua , size = 33.432 KB
[01:00:03.668][info] [#0:script/workspace/loading.lua:100]: Preload file at: file:///home/astor/neovim/app/share/nvim/runtime/lua/jit/vmdef.lua , size = 7.920 KB
[01:00:03.671][info] [#0:script/workspace/loading.lua:100]: Preload file at: file:///home/astor/neovim/app/share/nvim/runtime/lua/jit/dump.lua , size = 20.269 KB
[01:00:03.693][info] [#0:script/workspace/loading.lua:100]: Preload file at: file:///home/astor/neovim/app/share/nvim/runtime/lua/jit/dis_x64.lua , size = 0.695 KB
[01:00:03.693][info] [#0:script/workspace/loading.lua:100]: Preload file at: file:///home/astor/neovim/nvim/plugin/packer_compiled.lua , size = 7.565 KB
[01:00:03.698][info] [#0:script/workspace/loading.lua:100]: Preload file at: file:///home/astor/neovim/nvim/pack/packer/start/packer.nvim/tests/helpers.lua , size = 0.609 KB
[01:00:03.699][info] [#0:script/workspace/loading.lua:100]: Preload file at: file:///home/astor/neovim/nvim/pack/packer/start/packer.nvim/tests/packer_plugin_utils_spec.lua , size = 0.861 KB
[01:00:03.700][info] [#0:script/workspace/loading.lua:100]: Preload file at: file:///home/astor/neovim/nvim/pack/packer/start/packer.nvim/tests/local_plugin_spec.lua , size = 1.054 KB
[01:00:03.701][info] [#0:script/workspace/loading.lua:100]: Preload file at: file:///home/astor/neovim/nvim/pack/packer/start/packer.nvim/tests/snapshot_spec.lua , size = 5.788 KB
[01:00:03.706][info] [#0:script/workspace/loading.lua:100]: Preload file at: file:///home/astor/neovim/nvim/pack/packer/start/packer.nvim/tests/packer_use_spec.lua , size = 0.764 KB
[01:00:03.707][info] [#0:script/workspace/loading.lua:100]: Preload file at: file:///home/astor/neovim/nvim/pack/packer/start/packer.nvim/lua/packer/async.lua , size = 3.330 KB
[01:00:03.709][info] [#0:script/workspace/loading.lua:100]: Preload file at: file:///home/astor/neovim/nvim/pack/packer/start/packer.nvim/tests/plugin_utils_spec.lua , size = 2.533 KB
[01:00:03.711][info] [#0:script/workspace/loading.lua:100]: Preload file at: file:///home/astor/neovim/nvim/pack/packer/start/packer.nvim/lua/packer/display.lua , size = 32.067 KB
[01:00:03.734][info] [#0:script/workspace/loading.lua:100]: Preload file at: file:///home/astor/neovim/nvim/pack/packer/start/packer.nvim/lua/packer/plugin_utils.lua , size = 9.908 KB
[01:00:03.741][info] [#0:script/workspace/loading.lua:100]: Preload file at: file:///home/astor/neovim/nvim/pack/packer/start/packer.nvim/lua/packer/log.lua , size = 4.535 KB
[01:00:03.745][info] [#0:script/workspace/loading.lua:100]: Preload file at: file:///home/astor/neovim/nvim/pack/packer/start/packer.nvim/lua/packer/handlers.lua , size = 0.120 KB
[01:00:03.746][info] [#0:script/workspace/loading.lua:100]: Preload file at: file:///home/astor/neovim/nvim/pack/packer/start/packer.nvim/lua/packer/update.lua , size = 4.786 KB
[01:00:03.750][info] [#0:script/workspace/loading.lua:100]: Preload file at: file:///home/astor/neovim/nvim/pack/packer/start/packer.nvim/lua/packer/luarocks.lua , size = 17.786 KB
[01:00:03.761][info] [#0:script/workspace/loading.lua:100]: Preload file at: file:///home/astor/neovim/nvim/pack/packer/start/packer.nvim/lua/packer/compile.lua , size = 24.321 KB
[01:00:03.777][info] [#0:script/workspace/loading.lua:100]: Preload file at: file:///home/astor/neovim/nvim/pack/packer/start/packer.nvim/lua/packer/plugin_types/local.lua , size = 1.843 KB
[01:00:03.779][info] [#0:script/workspace/loading.lua:100]: Preload file at: file:///home/astor/neovim/nvim/pack/packer/start/packer.nvim/lua/packer/clean.lua , size = 2.998 KB
[01:00:03.781][info] [#0:script/workspace/loading.lua:100]: Preload file at: file:///home/astor/neovim/nvim/pack/packer/start/packer.nvim/lua/packer/util.lua , size = 3.899 KB
[01:00:03.785][info] [#0:script/workspace/loading.lua:100]: Preload file at: file:///home/astor/neovim/nvim/pack/packer/start/packer.nvim/lua/packer/snapshot.lua , size = 7.059 KB
[01:00:03.790][info] [#0:script/workspace/loading.lua:100]: Preload file at: file:///home/astor/neovim/nvim/pack/packer/start/packer.nvim/lua/packer/plugin_types/git.lua , size = 19.697 KB
[01:00:03.804][info] [#0:script/workspace/loading.lua:100]: Preload file at: file:///home/astor/neovim/nvim/pack/packer/start/packer.nvim/lua/packer/jobs.lua , size = 7.179 KB
[01:00:03.809][info] [#0:script/workspace/loading.lua:100]: Preload file at: file:///home/astor/neovim/nvim/pack/packer/start/packer.nvim/lua/packer/result.lua , size = 1.425 KB
[01:00:03.811][info] [#0:script/workspace/loading.lua:100]: Preload file at: file:///home/astor/neovim/nvim/pack/packer/start/packer.nvim/lua/packer/install.lua , size = 1.796 KB
[01:00:03.812][info] [#0:script/workspace/loading.lua:100]: Preload file at: file:///home/astor/neovim/nvim/pack/packer/start/packer.nvim/lua/packer/load.lua , size = 5.399 KB
[01:00:03.817][info] [#0:script/workspace/loading.lua:100]: Preload file at: file:///home/astor/neovim/nvim/pack/packer/start/packer.nvim/lua/packer.lua , size = 34.187 KB
[01:00:03.838][info] [#0:script/workspace/loading.lua:100]: Preload file at: file:///home/astor/neovim/nvim/pack/packer/start/packer.nvim/lua/packer/plugin_types.lua , size = 0.270 KB
[01:00:03.839][info] [#0:script/workspace/loading.lua:100]: Preload file at: file:///home/astor/neovim/nvim/addons/header.nvim/tests/header/update_date_spec.lua , size = 2.779 KB
[01:00:03.841][info] [#0:script/workspace/loading.lua:100]: Preload file at: file:///home/astor/neovim/nvim/addons/header.nvim/tests/header/license_spec.lua , size = 2.114 KB
[01:00:03.842][info] [#0:script/workspace/loading.lua:100]: Preload file at: file:///home/astor/neovim/nvim/addons/header.nvim/tests/header/add_headers_spec.lua , size = 12.183 KB
[01:00:03.849][info] [#0:script/workspace/loading.lua:100]: Preload file at: file:///home/astor/neovim/nvim/addons/header.nvim/tests/header/setup_spec.lua , size = 1.410 KB
[01:00:03.850][info] [#0:script/workspace/loading.lua:100]: Preload file at: file:///home/astor/neovim/nvim/addons/header.nvim/lua/header/core.lua , size = 5.699 KB
[01:00:03.854][info] [#0:script/workspace/loading.lua:100]: Preload file at: file:///home/astor/neovim/nvim/addons/header.nvim/tests/minimal_init.lua , size = 0.471 KB
[01:00:03.855][info] [#0:script/workspace/loading.lua:100]: Preload file at: file:///home/astor/neovim/nvim/addons/header.nvim/lua/header/config.lua , size = 0.843 KB
[01:00:03.856][info] [#0:script/workspace/loading.lua:100]: Preload file at: file:///home/astor/neovim/nvim/addons/header.nvim/lua/header/util.lua , size = 0.926 KB
[01:00:03.857][info] [#0:script/workspace/loading.lua:100]: Preload file at: file:///home/astor/neovim/nvim/addons/header.nvim/lua/header/comments.lua , size = 1.728 KB
[01:00:03.859][info] [#0:script/workspace/loading.lua:100]: Preload file at: file:///home/astor/neovim/nvim/addons/header.nvim/lua/header/commands.lua , size = 0.709 KB
[01:00:03.860][info] [#0:script/workspace/loading.lua:100]: Preload file at: file:///home/astor/neovim/nvim/addons/header.nvim/lua/header/licenses/apache.lua , size = 0.585 KB
[01:00:03.860][info] [#0:script/workspace/loading.lua:100]: Preload file at: file:///home/astor/neovim/nvim/addons/header.nvim/lua/header/licenses/mit.lua , size = 1.080 KB
[01:00:03.861][info] [#0:script/workspace/loading.lua:100]: Preload file at: file:///home/astor/neovim/nvim/addons/header.nvim/lua/header/licenses/wtfpl.lua , size = 0.306 KB
[01:00:03.861][info] [#0:script/workspace/loading.lua:100]: Preload file at: file:///home/astor/neovim/nvim/addons/header.nvim/lua/header/licenses/isc.lua , size = 0.763 KB
[01:00:03.862][info] [#0:script/workspace/loading.lua:100]: Preload file at: file:///home/astor/neovim/nvim/addons/header.nvim/lua/header/licenses/zlib.lua , size = 0.894 KB
[01:00:03.862][info] [#0:script/workspace/loading.lua:100]: Preload file at: file:///home/astor/neovim/nvim/addons/header.nvim/lua/header/licenses/unlicense.lua , size = 1.220 KB
[01:00:03.863][info] [#0:script/workspace/loading.lua:100]: Preload file at: file:///home/astor/neovim/nvim/addons/header.nvim/lua/header/licenses/gpl3.lua , size = 0.693 KB
[01:00:03.863][info] [#0:script/workspace/loading.lua:100]: Preload file at: file:///home/astor/neovim/nvim/addons/header.nvim/lua/header/licenses/bsd3.lua , size = 1.526 KB
[01:00:03.864][info] [#0:script/workspace/loading.lua:100]: Preload file at: file:///home/astor/neovim/nvim/addons/header.nvim/lua/header/licenses/cc0.lua , size = 0.368 KB
[01:00:03.864][info] [#0:script/workspace/loading.lua:100]: Preload file at: file:///home/astor/neovim/nvim/addons/header.nvim/lua/header/licenses/x11.lua , size = 1.348 KB
[01:00:03.865][info] [#0:script/workspace/loading.lua:100]: Preload file at: file:///home/astor/neovim/nvim/addons/header.nvim/lua/header/licenses/mpl.lua , size = 0.226 KB
[01:00:03.865][info] [#0:script/workspace/loading.lua:100]: Preload file at: file:///home/astor/neovim/nvim/addons/header.nvim/lua/header/licenses/agpl3.lua , size = 0.714 KB
[01:00:03.866][info] [#0:script/workspace/loading.lua:100]: Preload file at: file:///home/astor/neovim/nvim/addons/header.nvim/lua/header/filetypes.lua , size = 1.061 KB
[01:00:03.867][info] [#0:script/workspace/loading.lua:100]: Preload file at: file:///home/astor/neovim/nvim/addons/header.nvim/lua/header/licenses/bsd2.lua , size = 1.333 KB
[01:00:03.867][info] [#0:script/workspace/loading.lua:100]: Preload file at: file:///home/astor/neovim/nvim/addons/header.nvim/lua/header/init.lua , size = 1.243 KB
[01:00:03.868][info] [#0:script/workspace/loading.lua:100]: Preload file at: file:///home/astor/neovim/nvim/addons/header.nvim/lua/header/languages.lua , size = 3.525 KB
[01:00:03.871][info] [#0:script/workspace/loading.lua:100]: Preload file at: file:///home/astor/neovim/nvim/addons/header.nvim/lua/header/license.lua , size = 2.620 KB
[01:00:03.874][info] [#0:script/workspace/loading.lua:100]: Preload file at: file:///home/astor/neovim/nvim/addons/bufferline.nvim/tests/highlights_spec.lua , size = 0.922 KB
[01:00:03.875][info] [#0:script/workspace/loading.lua:100]: Preload file at: file:///home/astor/neovim/nvim/addons/bufferline.nvim/tests/bufferline_spec.lua , size = 8.139 KB
[01:00:03.880][info] [#0:script/workspace/loading.lua:100]: Preload file at: file:///home/astor/neovim/nvim/addons/bufferline.nvim/tests/duplicates_spec.lua , size = 5.333 KB
[01:00:03.884][info] [#0:script/workspace/loading.lua:100]: Preload file at: file:///home/astor/neovim/nvim/addons/bufferline.nvim/tests/custom_area_spec.lua , size = 1.703 KB
[01:00:03.886][info] [#0:script/workspace/loading.lua:100]: Preload file at: file:///home/astor/neovim/nvim/addons/bufferline.nvim/tests/utils.lua , size = 1.460 KB
[01:00:03.888][info] [#0:script/workspace/loading.lua:100]: Preload file at: file:///home/astor/neovim/nvim/addons/bufferline.nvim/tests/colors_spec.lua , size = 1.752 KB
[01:00:03.889][info] [#0:script/workspace/loading.lua:100]: Preload file at: file:///home/astor/neovim/nvim/addons/bufferline.nvim/tests/groups_spec.lua , size = 7.170 KB
[01:00:03.895][info] [#0:script/workspace/loading.lua:100]: Preload file at: file:///home/astor/neovim/nvim/addons/bufferline.nvim/tests/ui_spec.lua , size = 5.229 KB
[01:00:03.898][info] [#0:script/workspace/loading.lua:100]: Preload file at: file:///home/astor/neovim/nvim/addons/bufferline.nvim/tests/utils_spec.lua , size = 1.919 KB
[01:00:03.900][info] [#0:script/workspace/loading.lua:100]: Preload file at: file:///home/astor/neovim/nvim/addons/bufferline.nvim/tests/minimal_init.lua , size = 1.048 KB
[01:00:03.902][info] [#0:script/workspace/loading.lua:100]: Preload file at: file:///home/astor/neovim/nvim/addons/bufferline.nvim/tests/sorters_spec.lua , size = 3.277 KB
[01:00:03.905][info] [#0:script/workspace/loading.lua:100]: Preload file at: file:///home/astor/neovim/nvim/addons/bufferline.nvim/tests/config_spec.lua , size = 4.581 KB
[01:00:03.908][info] [#0:script/workspace/loading.lua:100]: Preload file at: file:///home/astor/neovim/nvim/addons/bufferline.nvim/tests/offset_spec.lua , size = 5.253 KB
[01:00:03.912][info] [#0:script/workspace/loading.lua:100]: Preload file at: file:///home/astor/neovim/nvim/addons/bufferline.nvim/lua/bufferline.lua , size = 7.931 KB
[01:00:03.917][info] [#0:script/workspace/loading.lua:100]: Preload file at: file:///home/astor/neovim/nvim/addons/bufferline.nvim/tests/numbers_spec.lua , size = 1.143 KB
[01:00:03.918][info] [#0:script/workspace/loading.lua:100]: Preload file at: file:///home/astor/neovim/nvim/addons/bufferline.nvim/lua/bufferline/highlights.lua , size = 5.857 KB
[01:00:03.923][info] [#0:script/workspace/loading.lua:100]: Preload file at: file:///home/astor/neovim/nvim/addons/bufferline.nvim/lua/bufferline/types.lua , size = 9.738 KB
[01:00:03.930][info] [#0:script/workspace/loading.lua:100]: Preload file at: file:///home/astor/neovim/nvim/addons/bufferline.nvim/lua/bufferline/duplicates.lua , size = 3.320 KB
[01:00:03.933][info] [#0:script/workspace/loading.lua:100]: Preload file at: file:///home/astor/neovim/nvim/addons/bufferline.nvim/lua/bufferline/buffers.lua , size = 2.873 KB
[01:00:03.936][info] [#0:script/workspace/loading.lua:100]: Preload file at: file:///home/astor/neovim/nvim/addons/bufferline.nvim/lua/bufferline/diagnostics.lua , size = 5.854 KB
[01:00:03.942][info] [#0:script/workspace/loading.lua:100]: Preload file at: file:///home/astor/neovim/nvim/addons/bufferline.nvim/lua/bufferline/constants.lua , size = 0.884 KB
[01:00:03.944][info] [#0:script/workspace/loading.lua:100]: Preload file at: file:///home/astor/neovim/nvim/addons/bufferline.nvim/lua/bufferline/config.lua , size = 23.642 KB
[01:00:03.958][info] [#0:script/workspace/loading.lua:100]: Preload file at: file:///home/astor/neovim/nvim/addons/bufferline.nvim/lua/bufferline/sorters.lua , size = 4.922 KB
[01:00:03.962][info] [#0:script/workspace/loading.lua:100]: Preload file at: file:///home/astor/neovim/nvim/addons/bufferline.nvim/lua/bufferline/state.lua , size = 1.253 KB
[01:00:03.963][info] [#0:script/workspace/loading.lua:100]: Preload file at: file:///home/astor/neovim/nvim/addons/bufferline.nvim/lua/bufferline/models.lua , size = 8.418 KB
[01:00:03.971][info] [#0:script/workspace/loading.lua:100]: Preload file at: file:///home/astor/neovim/nvim/addons/bufferline.nvim/lua/bufferline/lazy.lua , size = 0.435 KB
[01:00:03.972][info] [#0:script/workspace/loading.lua:100]: Preload file at: file:///home/astor/neovim/nvim/addons/bufferline.nvim/lua/bufferline/colors.lua , size = 3.669 KB
[01:00:03.975][info] [#0:script/workspace/loading.lua:100]: Preload file at: file:///home/astor/neovim/nvim/addons/bufferline.nvim/lua/bufferline/commands.lua , size = 9.137 KB
[01:00:03.983][info] [#0:script/workspace/loading.lua:100]: Preload file at: file:///home/astor/neovim/nvim/addons/bufferline.nvim/lua/bufferline/groups.lua , size = 18.482 KB
[01:00:03.996][info] [#0:script/workspace/loading.lua:100]: Preload file at: file:///home/astor/neovim/nvim/addons/bufferline.nvim/lua/bufferline/numbers.lua , size = 2.613 KB
[01:00:03.998][info] [#0:script/workspace/loading.lua:100]: Preload file at: file:///home/astor/neovim/nvim/addons/bufferline.nvim/lua/bufferline/offset.lua , size = 5.934 KB
[01:00:04.004][info] [#0:script/workspace/loading.lua:100]: Preload file at: file:///home/astor/neovim/nvim/addons/bufferline.nvim/lua/bufferline/utils/log.lua , size = 0.546 KB
[01:00:04.005][info] [#0:script/workspace/loading.lua:100]: Preload file at: file:///home/astor/neovim/nvim/addons/bufferline.nvim/lua/bufferline/utils/init.lua , size = 8.783 KB
[01:00:04.012][info] [#0:script/workspace/loading.lua:100]: Preload file at: file:///home/astor/neovim/nvim/addons/bufferline.nvim/lua/bufferline/tabpages.lua , size = 5.425 KB
[01:00:04.017][info] [#0:script/workspace/loading.lua:100]: Preload file at: file:///home/astor/neovim/nvim/addons/bufferline.nvim/lua/bufferline/custom_area.lua , size = 2.317 KB
[01:00:04.020][info] [#0:script/workspace/loading.lua:100]: Preload file at: file:///home/astor/neovim/nvim/addons/bufferline.nvim/lua/bufferline/hover.lua , size = 1.406 KB
[01:00:04.021][info] [#0:script/workspace/loading.lua:100]: Preload file at: file:///home/astor/neovim/nvim/addons/bufferline.nvim/lua/bufferline/ui.lua , size = 25.622 KB
[01:00:04.038][info] [#0:script/workspace/loading.lua:100]: Preload file at: file:///home/astor/neovim/nvim/addons/bufferline.nvim/lua/bufferline/pick.lua , size = 2.034 KB
[01:00:04.041][info] [#0:script/workspace/loading.lua:100]: Preload file at: file:///home/astor/neovim/nvim/addons/plenary.nvim/data/plenary/filetypes/builtin.lua , size = 1.677 KB
[01:00:04.042][info] [#0:script/workspace/loading.lua:100]: Preload file at: file:///home/astor/neovim/nvim/addons/plenary.nvim/tests/plenary/enum_spec.lua , size = 1.729 KB
[01:00:04.044][info] [#0:script/workspace/loading.lua:100]: Preload file at: file:///home/astor/neovim/nvim/addons/plenary.nvim/data/plenary/filetypes/base.lua , size = 23.011 KB
[01:00:04.056][info] [#0:script/workspace/loading.lua:100]: Preload file at: file:///home/astor/neovim/nvim/addons/plenary.nvim/tests/plenary/popup_spec.lua , size = 4.456 KB
[01:00:04.060][info] [#0:script/workspace/loading.lua:100]: Preload file at: file:///home/astor/neovim/nvim/addons/plenary.nvim/tests/plenary/py_list_spec.lua , size = 1.951 KB
[01:00:04.063][info] [#0:script/workspace/loading.lua:100]: Preload file at: file:///home/astor/neovim/nvim/addons/plenary.nvim/tests/plenary/simple_busted_spec.lua , size = 4.219 KB
[01:00:04.066][info] [#0:script/workspace/loading.lua:100]: Preload file at: file:///home/astor/neovim/nvim/addons/plenary.nvim/tests/plenary/job_spec.lua , size = 21.173 KB
[01:00:04.084][info] [#0:script/workspace/loading.lua:100]: Preload file at: file:///home/astor/neovim/nvim/addons/plenary.nvim/tests/plenary/tbl_spec.lua , size = 0.576 KB
[01:00:04.085][info] [#0:script/workspace/loading.lua:100]: Preload file at: file:///home/astor/neovim/nvim/addons/plenary.nvim/tests/plenary/json_spec.lua , size = 4.108 KB
[01:00:04.087][info] [#0:script/workspace/loading.lua:100]: Preload file at: file:///home/astor/neovim/nvim/addons/plenary.nvim/tests/plenary/context_manager_spec.lua , size = 4.554 KB
[01:00:04.091][info] [#0:script/workspace/loading.lua:100]: Preload file at: file:///home/astor/neovim/nvim/addons/plenary.nvim/tests/plenary/popup_requires_spec.lua , size = 1.299 KB
[01:00:04.093][info] [#0:script/workspace/loading.lua:100]: Preload file at: file:///home/astor/neovim/nvim/addons/plenary.nvim/tests/plenary/async/condvar_spec.lua , size = 2.514 KB
[01:00:04.096][info] [#0:script/workspace/loading.lua:100]: Preload file at: file:///home/astor/neovim/nvim/addons/plenary.nvim/tests/plenary/async/test_spec.lua , size = 1.203 KB
[01:00:04.097][info] [#0:script/workspace/loading.lua:100]: Preload file at: file:///home/astor/neovim/nvim/addons/plenary.nvim/tests/plenary/async/util_spec.lua , size = 1.825 KB
[01:00:04.100][info] [#0:script/workspace/loading.lua:100]: Preload file at: file:///home/astor/neovim/nvim/addons/plenary.nvim/tests/plenary/async/channel_spec.lua , size = 4.351 KB
[01:00:04.104][info] [#0:script/workspace/loading.lua:100]: Preload file at: file:///home/astor/neovim/nvim/addons/plenary.nvim/tests/plenary/async/async_spec.lua , size = 1.104 KB
[01:00:04.105][info] [#0:script/workspace/loading.lua:100]: Preload file at: file:///home/astor/neovim/nvim/addons/plenary.nvim/tests/plenary/async/semaphore_spec.lua , size = 1.319 KB
[01:00:04.106][info] [#0:script/workspace/loading.lua:100]: Preload file at: file:///home/astor/neovim/nvim/addons/plenary.nvim/tests/plenary/async/deque_spec.lua , size = 1.383 KB
[01:00:04.109][info] [#0:script/workspace/loading.lua:100]: Preload file at: file:///home/astor/neovim/nvim/addons/plenary.nvim/tests/plenary/scandir_spec.lua , size = 8.685 KB
[01:00:04.116][info] [#0:script/workspace/loading.lua:100]: Preload file at: file:///home/astor/neovim/nvim/addons/plenary.nvim/tests/plenary/filetype_spec.lua , size = 5.496 KB
[01:00:04.119][info] [#0:script/workspace/loading.lua:100]: Preload file at: file:///home/astor/neovim/nvim/addons/plenary.nvim/tests/plenary/curl_spec.lua , size = 6.677 KB
[01:00:04.125][info] [#0:script/workspace/loading.lua:100]: Preload file at: file:///home/astor/neovim/nvim/addons/plenary.nvim/tests/plenary/async_testing_spec.lua , size = 1.904 KB
[01:00:04.127][info] [#0:script/workspace/loading.lua:100]: Preload file at: file:///home/astor/neovim/nvim/addons/plenary.nvim/tests/plenary/path_spec.lua , size = 26.904 KB
[01:00:04.147][info] [#0:script/workspace/loading.lua:100]: Preload file at: file:///home/astor/neovim/nvim/addons/plenary.nvim/tests/plenary/strings_spec.lua , size = 11.450 KB
[01:00:04.155][info] [#0:script/workspace/loading.lua:100]: Preload file at: file:///home/astor/neovim/nvim/addons/plenary.nvim/tests/plenary/iterators_spec.lua , size = 3.832 KB
[01:00:04.159][info] [#0:script/workspace/loading.lua:100]: Preload file at: file:///home/astor/neovim/nvim/addons/plenary.nvim/tests/plenary/job/validation_spec.lua , size = 0.948 KB
[01:00:04.161][info] [#0:script/workspace/loading.lua:100]: Preload file at: file:///home/astor/neovim/nvim/addons/plenary.nvim/tests/plenary/functional_spec.lua , size = 0.632 KB
[01:00:04.162][info] [#0:script/workspace/loading.lua:100]: Preload file at: file:///home/astor/neovim/nvim/addons/plenary.nvim/tests/plenary/uses_nvim_spec.lua , size = 0.113 KB
[01:00:04.162][info] [#0:script/workspace/loading.lua:100]: Preload file at: file:///home/astor/neovim/nvim/addons/plenary.nvim/tests/plenary/rotate_spec.lua , size = 0.836 KB
[01:00:04.164][info] [#0:script/workspace/loading.lua:100]: Preload file at: file:///home/astor/neovim/nvim/addons/plenary.nvim/tests/manual/large_job_spec.lua , size = 0.763 KB
[01:00:04.165][info] [#0:script/workspace/loading.lua:100]: Preload file at: file:///home/astor/neovim/nvim/addons/plenary.nvim/scripts/vararg/rotate.lua , size = 0.700 KB
[01:00:04.166][info] [#0:script/workspace/loading.lua:100]: Preload file at: file:///home/astor/neovim/nvim/addons/plenary.nvim/scripts/update_filetypes_from_github.lua , size = 6.680 KB
[01:00:04.171][info] [#0:script/workspace/loading.lua:100]: Preload file at: file:///home/astor/neovim/nvim/addons/plenary.nvim/scripts/generate_luassert_types.lua , size = 2.114 KB
[01:00:04.173][info] [#0:script/workspace/loading.lua:100]: Preload file at: file:///home/astor/neovim/nvim/addons/plenary.nvim/lua/plenary/compat.lua , size = 0.279 KB
[01:00:04.174][info] [#0:script/workspace/loading.lua:100]: Preload file at: file:///home/astor/neovim/nvim/addons/plenary.nvim/lua/say.lua , size = 1.314 KB
[01:00:04.175][info] [#0:script/workspace/loading.lua:100]: Preload file at: file:///home/astor/neovim/nvim/addons/plenary.nvim/lua/plenary/bit.lua , size = 8.881 KB
[01:00:04.181][info] [#0:script/workspace/loading.lua:100]: Preload file at: file:///home/astor/neovim/nvim/addons/plenary.nvim/lua/plenary/fun.lua , size = 0.376 KB
[01:00:04.183][info] [#0:script/workspace/loading.lua:100]: Preload file at: file:///home/astor/neovim/nvim/addons/plenary.nvim/lua/plenary/log.lua , size = 6.782 KB
[01:00:04.188][info] [#0:script/workspace/loading.lua:100]: Preload file at: file:///home/astor/neovim/nvim/addons/plenary.nvim/lua/plenary/class.lua , size = 1.709 KB
[01:00:04.191][info] [#0:script/workspace/loading.lua:100]: Preload file at: file:///home/astor/neovim/nvim/addons/plenary.nvim/lua/plenary/_meta/_luassert.lua , size = 11.515 KB
[01:00:04.199][info] [#0:script/workspace/loading.lua:100]: Preload file at: file:///home/astor/neovim/nvim/addons/plenary.nvim/lua/plenary/benchmark/init.lua , size = 3.443 KB
[01:00:04.204][info] [#0:script/workspace/loading.lua:100]: Preload file at: file:///home/astor/neovim/nvim/addons/plenary.nvim/lua/plenary/scandir.lua , size = 17.658 KB
[01:00:04.220][info] [#0:script/workspace/loading.lua:100]: Preload file at: file:///home/astor/neovim/nvim/addons/plenary.nvim/lua/plenary/benchmark/stat.lua , size = 1.585 KB
[01:00:04.223][info] [#0:script/workspace/loading.lua:100]: Preload file at: file:///home/astor/neovim/nvim/addons/plenary.nvim/lua/plenary/json.lua , size = 3.680 KB
[01:00:04.226][info] [#0:script/workspace/loading.lua:100]: Preload file at: file:///home/astor/neovim/nvim/addons/plenary.nvim/lua/plenary/debug_utils.lua , size = 0.276 KB
[01:00:04.226][info] [#0:script/workspace/loading.lua:100]: Preload file at: file:///home/astor/neovim/nvim/addons/plenary.nvim/lua/plenary/popup/utils.lua , size = 0.495 KB
[01:00:04.227][info] [#0:script/workspace/loading.lua:100]: Preload file at: file:///home/astor/neovim/nvim/addons/plenary.nvim/lua/plenary/curl.lua , size = 8.697 KB
[01:00:04.235][info] [#0:script/workspace/loading.lua:100]: Preload file at: file:///home/astor/neovim/nvim/addons/plenary.nvim/lua/plenary/popup/init.lua , size = 16.165 KB
[01:00:04.245][info] [#0:script/workspace/loading.lua:100]: Preload file at: file:///home/astor/neovim/nvim/addons/plenary.nvim/lua/plenary/window/float.lua , size = 6.232 KB
[01:00:04.250][info] [#0:script/workspace/loading.lua:100]: Preload file at: file:///home/astor/neovim/nvim/addons/plenary.nvim/lua/plenary/window/border.lua , size = 9.435 KB
[01:00:04.257][info] [#0:script/workspace/loading.lua:100]: Preload file at: file:///home/astor/neovim/nvim/addons/plenary.nvim/lua/plenary/window/init.lua , size = 0.316 KB
[01:00:04.258][info] [#0:script/workspace/loading.lua:100]: Preload file at: file:///home/astor/neovim/nvim/addons/plenary.nvim/lua/plenary/async/api.lua , size = 0.286 KB
[01:00:04.258][info] [#0:script/workspace/loading.lua:100]: Preload file at: file:///home/astor/neovim/nvim/addons/plenary.nvim/lua/plenary/async/async.lua , size = 3.297 KB
[01:00:04.262][info] [#0:script/workspace/loading.lua:100]: Preload file at: file:///home/astor/neovim/nvim/addons/plenary.nvim/lua/plenary/async/lsp.lua , size = 0.366 KB
[01:00:04.262][info] [#0:script/workspace/loading.lua:100]: Preload file at: file:///home/astor/neovim/nvim/addons/plenary.nvim/lua/plenary/async/util.lua , size = 3.267 KB
[01:00:04.265][info] [#0:script/workspace/loading.lua:100]: Preload file at: file:///home/astor/neovim/nvim/addons/plenary.nvim/lua/plenary/async/structs.lua , size = 2.243 KB
[01:00:04.268][info] [#0:script/workspace/loading.lua:100]: Preload file at: file:///home/astor/neovim/nvim/addons/plenary.nvim/lua/plenary/async/tests.lua , size = 0.464 KB
[01:00:04.269][info] [#0:script/workspace/loading.lua:100]: Preload file at: file:///home/astor/neovim/nvim/addons/plenary.nvim/lua/plenary/async/uv_async.lua , size = 1.578 KB
[01:00:04.271][info] [#0:script/workspace/loading.lua:100]: Preload file at: file:///home/astor/neovim/nvim/addons/plenary.nvim/lua/plenary/async/init.lua , size = 1.373 KB
[01:00:04.272][info] [#0:script/workspace/loading.lua:100]: Preload file at: file:///home/astor/neovim/nvim/addons/plenary.nvim/lua/plenary/async/control.lua , size = 4.937 KB
[01:00:04.277][info] [#0:script/workspace/loading.lua:100]: Preload file at: file:///home/astor/neovim/nvim/addons/plenary.nvim/lua/plenary/tbl.lua , size = 0.715 KB
[01:00:04.278][info] [#0:script/workspace/loading.lua:100]: Preload file at: file:///home/astor/neovim/nvim/addons/plenary.nvim/lua/plenary/context_manager.lua , size = 1.446 KB
[01:00:04.280][info] [#0:script/workspace/loading.lua:100]: Preload file at: file:///home/astor/neovim/nvim/addons/plenary.nvim/lua/plenary/async_lib/api.lua , size = 0.329 KB
[01:00:04.281][info] [#0:script/workspace/loading.lua:100]: Preload file at: file:///home/astor/neovim/nvim/addons/plenary.nvim/lua/plenary/async_lib/async.lua , size = 5.573 KB
[01:00:04.285][info] [#0:script/workspace/loading.lua:100]: Preload file at: file:///home/astor/neovim/nvim/addons/plenary.nvim/lua/plenary/async_lib/lsp.lua , size = 0.483 KB
[01:00:04.286][info] [#0:script/workspace/loading.lua:100]: Preload file at: file:///home/astor/neovim/nvim/addons/plenary.nvim/lua/plenary/async_lib/util.lua , size = 7.329 KB
[01:00:04.293][info] [#0:script/workspace/loading.lua:100]: Preload file at: file:///home/astor/neovim/nvim/addons/plenary.nvim/lua/plenary/async_lib/structs.lua , size = 2.237 KB
[01:00:04.296][info] [#0:script/workspace/loading.lua:100]: Preload file at: file:///home/astor/neovim/nvim/addons/plenary.nvim/lua/plenary/async_lib/tests.lua , size = 0.262 KB
[01:00:04.296][info] [#0:script/workspace/loading.lua:100]: Preload file at: file:///home/astor/neovim/nvim/addons/plenary.nvim/lua/plenary/async_lib/uv_async.lua , size = 1.504 KB
[01:00:04.298][info] [#0:script/workspace/loading.lua:100]: Preload file at: file:///home/astor/neovim/nvim/addons/plenary.nvim/lua/plenary/async_lib/init.lua , size = 1.117 KB
[01:00:04.299][info] [#0:script/workspace/loading.lua:100]: Preload file at: file:///home/astor/neovim/nvim/addons/plenary.nvim/lua/plenary/strings.lua , size = 4.998 KB
[01:00:04.305][info] [#0:script/workspace/loading.lua:100]: Preload file at: file:///home/astor/neovim/nvim/addons/plenary.nvim/lua/plenary/operators.lua , size = 2.154 KB
[01:00:04.306][info] [#0:script/workspace/loading.lua:100]: Preload file at: file:///home/astor/neovim/nvim/addons/plenary.nvim/lua/plenary/lsp/override.lua , size = 0.692 KB
[01:00:04.307][info] [#0:script/workspace/loading.lua:100]: Preload file at: file:///home/astor/neovim/nvim/addons/plenary.nvim/lua/plenary/iterators.lua , size = 18.141 KB
[01:00:04.323][info] [#0:script/workspace/loading.lua:100]: Preload file at: file:///home/astor/neovim/nvim/addons/plenary.nvim/lua/plenary/profile/lua_profiler.lua , size = 6.548 KB
[01:00:04.327][info] [#0:script/workspace/loading.lua:100]: Preload file at: file:///home/astor/neovim/nvim/addons/plenary.nvim/lua/plenary/profile/p.lua , size = 9.007 KB
[01:00:04.335][info] [#0:script/workspace/loading.lua:100]: Preload file at: file:///home/astor/neovim/nvim/addons/plenary.nvim/lua/plenary/profile/memory_profiler.lua , size = 37.303 KB
[01:00:04.355][info] [#0:script/workspace/loading.lua:100]: Preload file at: file:///home/astor/neovim/nvim/addons/plenary.nvim/lua/plenary/neorocks/init.lua , size = 0.099 KB
[01:00:04.355][info] [#0:script/workspace/loading.lua:100]: Preload file at: file:///home/astor/neovim/nvim/addons/plenary.nvim/lua/plenary/profile.lua , size = 0.876 KB
[01:00:04.357][info] [#0:script/workspace/loading.lua:100]: Preload file at: file:///home/astor/neovim/nvim/addons/plenary.nvim/lua/plenary/functional.lua , size = 1.212 KB
[01:00:04.359][info] [#0:script/workspace/loading.lua:100]: Preload file at: file:///home/astor/neovim/nvim/addons/plenary.nvim/lua/plenary/reload.lua , size = 0.825 KB
[01:00:04.360][info] [#0:script/workspace/loading.lua:100]: Preload file at: file:///home/astor/neovim/nvim/addons/plenary.nvim/lua/plenary/vararg/rotate.lua , size = 2.047 KB
[01:00:04.363][info] [#0:script/workspace/loading.lua:100]: Preload file at: file:///home/astor/neovim/nvim/addons/plenary.nvim/lua/plenary/vararg/init.lua , size = 0.054 KB
[01:00:04.363][info] [#0:script/workspace/loading.lua:100]: Preload file at: file:///home/astor/neovim/nvim/addons/plenary.nvim/lua/plenary/path.lua , size = 22.705 KB
[01:00:04.385][info] [#0:script/workspace/loading.lua:100]: Preload file at: file:///home/astor/neovim/nvim/addons/plenary.nvim/lua/plenary/filetype.lua , size = 4.739 KB
[01:00:04.389][info] [#0:script/workspace/loading.lua:100]: Preload file at: file:///home/astor/neovim/nvim/addons/plenary.nvim/lua/plenary/test_harness.lua , size = 6.257 KB
[01:00:04.395][info] [#0:script/workspace/loading.lua:100]: Preload file at: file:///home/astor/neovim/nvim/addons/plenary.nvim/lua/plenary/run.lua , size = 0.539 KB
[01:00:04.396][info] [#0:script/workspace/loading.lua:100]: Preload file at: file:///home/astor/neovim/nvim/addons/plenary.nvim/lua/plenary/busted.lua , size = 6.011 KB
[01:00:04.402][info] [#0:script/workspace/loading.lua:100]: Preload file at: file:///home/astor/neovim/nvim/addons/plenary.nvim/lua/plenary/job.lua , size = 16.093 KB
[01:00:04.416][info] [#0:script/workspace/loading.lua:100]: Preload file at: file:///home/astor/neovim/nvim/addons/plenary.nvim/lua/plenary/collections/py_list.lua , size = 9.732 KB
[01:00:04.425][info] [#0:script/workspace/loading.lua:100]: Preload file at: file:///home/astor/neovim/nvim/addons/plenary.nvim/lua/plenary/nvim_meta.lua , size = 0.412 KB
[01:00:04.426][info] [#0:script/workspace/loading.lua:100]: Preload file at: file:///home/astor/neovim/nvim/addons/plenary.nvim/lua/plenary/enum.lua , size = 4.297 KB
[01:00:04.430][info] [#0:script/workspace/loading.lua:100]: Preload file at: file:///home/astor/neovim/nvim/addons/plenary.nvim/lua/plenary/init.lua , size = 0.251 KB
[01:00:04.431][info] [#0:script/workspace/loading.lua:100]: Preload file at: file:///home/astor/neovim/nvim/addons/plenary.nvim/lua/plenary/errors.lua , size = 0.320 KB
[01:00:04.431][info] [#0:script/workspace/loading.lua:100]: Preload file at: file:///home/astor/neovim/nvim/addons/plenary.nvim/lua/luassert/namespaces.lua , size = 0.042 KB
[01:00:04.432][info] [#0:script/workspace/loading.lua:100]: Preload file at: file:///home/astor/neovim/nvim/addons/plenary.nvim/lua/luassert/spy.lua , size = 6.927 KB
[01:00:04.437][info] [#0:script/workspace/loading.lua:100]: Preload file at: file:///home/astor/neovim/nvim/addons/plenary.nvim/lua/luassert/mock.lua , size = 1.573 KB
[01:00:04.439][info] [#0:script/workspace/loading.lua:100]: Preload file at: file:///home/astor/neovim/nvim/addons/plenary.nvim/lua/luassert/util.lua , size = 11.194 KB
[01:00:04.446][info] [#0:script/workspace/loading.lua:100]: Preload file at: file:///home/astor/neovim/nvim/addons/plenary.nvim/lua/luassert/array.lua , size = 2.443 KB
[01:00:04.448][info] [#0:script/workspace/loading.lua:100]: Preload file at: file:///home/astor/neovim/nvim/addons/plenary.nvim/lua/luassert/state.lua , size = 2.978 KB
[01:00:04.450][info] [#0:script/workspace/loading.lua:100]: Preload file at: file:///home/astor/neovim/nvim/addons/plenary.nvim/lua/luassert/stub.lua , size = 2.926 KB
[01:00:04.453][info] [#0:script/workspace/loading.lua:100]: Preload file at: file:///home/astor/neovim/nvim/addons/plenary.nvim/lua/luassert/match.lua , size = 1.870 KB
[01:00:04.456][info] [#0:script/workspace/loading.lua:100]: Preload file at: file:///home/astor/neovim/nvim/addons/plenary.nvim/lua/luassert/assert.lua , size = 4.762 KB
[01:00:04.460][info] [#0:script/workspace/loading.lua:100]: Preload file at: file:///home/astor/neovim/nvim/addons/plenary.nvim/lua/luassert/assertions.lua , size = 14.024 KB
[01:00:04.474][info] [#0:script/workspace/loading.lua:100]: Preload file at: file:///home/astor/neovim/nvim/addons/plenary.nvim/lua/luassert/matchers/core.lua , size = 6.277 KB
[01:00:04.480][info] [#0:script/workspace/loading.lua:100]: Preload file at: file:///home/astor/neovim/nvim/addons/plenary.nvim/lua/luassert/matchers/init.lua , size = 0.093 KB
[01:00:04.481][info] [#0:script/workspace/loading.lua:100]: Preload file at: file:///home/astor/neovim/nvim/addons/plenary.nvim/lua/luassert/matchers/composite.lua , size = 1.782 KB
[01:00:04.483][info] [#0:script/workspace/loading.lua:100]: Preload file at: file:///home/astor/neovim/nvim/addons/plenary.nvim/lua/luassert/compatibility.lua , size = 0.291 KB
[01:00:04.483][info] [#0:script/workspace/loading.lua:100]: Preload file at: file:///home/astor/neovim/nvim/addons/plenary.nvim/lua/luassert/modifiers.lua , size = 0.531 KB
[01:00:04.484][info] [#0:script/workspace/loading.lua:100]: Preload file at: file:///home/astor/neovim/nvim/addons/plenary.nvim/lua/luassert/languages/en.lua , size = 3.159 KB
[01:00:04.486][info] [#0:script/workspace/loading.lua:100]: Preload file at: file:///home/astor/neovim/nvim/addons/plenary.nvim/lua/luassert/formatters/init.lua , size = 6.502 KB
[01:00:04.492][info] [#0:script/workspace/loading.lua:100]: Preload file at: file:///home/astor/neovim/nvim/addons/plenary.nvim/lua/luassert/formatters/binarystring.lua , size = 0.760 KB
[01:00:04.493][info] [#0:script/workspace/loading.lua:100]: Preload file at: file:///home/astor/neovim/nvim/addons/plenary.nvim/lua/luassert/init.lua , size = 0.498 KB
[01:00:04.494][info] [#0:script/workspace/loading.lua:100]: Preload file at: file:///home/astor/neovim/nvim/addons/indent-blankline.nvim/specs/features/indent_spec.lua , size = 4.069 KB
[01:00:04.498][info] [#0:script/workspace/loading.lua:100]: Preload file at: file:///home/astor/neovim/nvim/addons/indent-blankline.nvim/specs/features/virt_text_spec.lua , size = 23.480 KB
[01:00:04.510][info] [#0:script/workspace/loading.lua:100]: Preload file at: file:///home/astor/neovim/nvim/addons/indent-blankline.nvim/specs/features/utils_spec.lua , size = 3.938 KB
[01:00:04.513][info] [#0:script/workspace/loading.lua:100]: Preload file at: file:///home/astor/neovim/nvim/addons/indent-blankline.nvim/specs/features/hooks_spec.lua , size = 2.354 KB
[01:00:04.516][info] [#0:script/workspace/loading.lua:100]: Preload file at: file:///home/astor/neovim/nvim/addons/indent-blankline.nvim/specs/spec.lua , size = 0.267 KB
[01:00:04.516][info] [#0:script/workspace/loading.lua:100]: Preload file at: file:///home/astor/neovim/nvim/addons/indent-blankline.nvim/specs/features/config_spec.lua , size = 5.009 KB
[01:00:04.520][info] [#0:script/workspace/loading.lua:100]: Preload file at: file:///home/astor/neovim/nvim/addons/indent-blankline.nvim/lua/ibl/highlights.lua , size = 3.210 KB
[01:00:04.523][info] [#0:script/workspace/loading.lua:100]: Preload file at: file:///home/astor/neovim/nvim/addons/indent-blankline.nvim/lua/ibl/virt_text.lua , size = 4.368 KB
[01:00:04.527][info] [#0:script/workspace/loading.lua:100]: Preload file at: file:///home/astor/neovim/nvim/addons/indent-blankline.nvim/lua/ibl/hooks.lua , size = 9.536 KB
[01:00:04.535][info] [#0:script/workspace/loading.lua:100]: Preload file at: file:///home/astor/neovim/nvim/addons/indent-blankline.nvim/lua/ibl/utils.lua , size = 14.721 KB
[01:00:04.548][info] [#0:script/workspace/loading.lua:100]: Preload file at: file:///home/astor/neovim/nvim/addons/indent-blankline.nvim/lua/ibl/config.lua , size = 10.410 KB
[01:00:04.555][info] [#0:script/workspace/loading.lua:100]: Preload file at: file:///home/astor/neovim/nvim/addons/indent-blankline.nvim/lua/ibl/autocmds.lua , size = 1.694 KB
[01:00:04.557][info] [#0:script/workspace/loading.lua:100]: Preload file at: file:///home/astor/neovim/nvim/addons/indent-blankline.nvim/lua/ibl/inlay_hints.lua , size = 2.822 KB
[01:00:04.560][info] [#0:script/workspace/loading.lua:100]: Preload file at: file:///home/astor/neovim/nvim/addons/indent-blankline.nvim/lua/ibl/indent.lua , size = 4.078 KB
[01:00:04.563][info] [#0:script/workspace/loading.lua:100]: Preload file at: file:///home/astor/neovim/nvim/addons/indent-blankline.nvim/lua/ibl/config.types.lua , size = 8.953 KB
[01:00:04.568][info] [#0:script/workspace/loading.lua:100]: Preload file at: file:///home/astor/neovim/nvim/addons/indent-blankline.nvim/lua/ibl/init.lua , size = 17.307 KB
[01:00:04.579][info] [#0:script/workspace/loading.lua:100]: Preload file at: file:///home/astor/neovim/nvim/addons/indent-blankline.nvim/lua/ibl/scope_languages.lua , size = 16.354 KB
[01:00:04.587][info] [#0:script/workspace/loading.lua:100]: Preload file at: file:///home/astor/neovim/nvim/addons/indent-blankline.nvim/lua/ibl/scope.lua , size = 2.605 KB
[01:00:04.590][info] [#0:script/workspace/loading.lua:100]: Preload file at: file:///home/astor/neovim/nvim/addons/indent-blankline.nvim/after/plugin/commands.lua , size = 1.271 KB
[01:00:04.591][info] [#0:script/workspace/loading.lua:100]: Preload file at: file:///home/astor/neovim/nvim/addons/indent-blankline.nvim/lua/indent_blankline.lua , size = 0.322 KB
[01:00:04.592][info] [#0:script/workspace/loading.lua:100]: Preload file at: file:///home/astor/neovim/nvim/addons/indent-blankline.nvim/after/ftplugin/c.lua , size = 0.118 KB
[01:00:04.592][info] [#0:script/workspace/loading.lua:100]: Preload file at: file:///home/astor/neovim/nvim/addons/indent-blankline.nvim/after/ftplugin/cpp.lua , size = 0.118 KB
[01:00:04.592][info] [#0:script/workspace/loading.lua:100]: Preload file at: file:///home/astor/neovim/nvim/addons/formatter.nvim/asset/splash.lua , size = 0.090 KB
[01:00:04.593][info] [#0:script/workspace/loading.lua:100]: Preload file at: file:///home/astor/neovim/nvim/addons/formatter.nvim/test/test.lua , size = 0.879 KB
[01:00:04.594][info] [#0:script/workspace/loading.lua:100]: Preload file at: file:///home/astor/neovim/nvim/addons/formatter.nvim/lua/formatter/defaults/pint.lua , size = 0.100 KB
[01:00:04.595][info] [#0:script/workspace/loading.lua:100]: Preload file at: file:///home/astor/neovim/nvim/addons/formatter.nvim/lua/formatter/complete.lua , size = 0.520 KB
[01:00:04.596][info] [#0:script/workspace/loading.lua:100]: Preload file at: file:///home/astor/neovim/nvim/addons/formatter.nvim/lua/formatter/defaults/zigfmt.lua , size = 0.103 KB
[01:00:04.596][info] [#0:script/workspace/loading.lua:100]: Preload file at: file:///home/astor/neovim/nvim/addons/formatter.nvim/lua/formatter/defaults/prettiereslint.lua , size = 0.563 KB
[01:00:04.597][info] [#0:script/workspace/loading.lua:100]: Preload file at: file:///home/astor/neovim/nvim/addons/formatter.nvim/lua/formatter/defaults/fishindent.lua , size = 0.078 KB
[01:00:04.597][info] [#0:script/workspace/loading.lua:100]: Preload file at: file:///home/astor/neovim/nvim/addons/formatter.nvim/lua/formatter/defaults/latexindent.lua , size = 0.128 KB
[01:00:04.598][info] [#0:script/workspace/loading.lua:100]: Preload file at: file:///home/astor/neovim/nvim/addons/formatter.nvim/lua/formatter/defaults/prettydiff.lua , size = 0.438 KB
[01:00:04.599][info] [#0:script/workspace/loading.lua:100]: Preload file at: file:///home/astor/neovim/nvim/addons/formatter.nvim/lua/formatter/defaults/jsbeautify.lua , size = 0.106 KB
[01:00:04.599][info] [#0:script/workspace/loading.lua:100]: Preload file at: file:///home/astor/neovim/nvim/addons/formatter.nvim/lua/formatter/defaults/stylish_haskell.lua , size = 0.082 KB
[01:00:04.600][info] [#0:script/workspace/loading.lua:100]: Preload file at: file:///home/astor/neovim/nvim/addons/formatter.nvim/lua/formatter/defaults/php_cs_fixer.lua , size = 0.140 KB
[01:00:04.600][info] [#0:script/workspace/loading.lua:100]: Preload file at: file:///home/astor/neovim/nvim/addons/formatter.nvim/lua/formatter/defaults/biome.lua , size = 0.231 KB
[01:00:04.601][info] [#0:script/workspace/loading.lua:100]: Preload file at: file:///home/astor/neovim/nvim/addons/formatter.nvim/lua/formatter/defaults/nixpkgs_fmt.lua , size = 0.093 KB
[01:00:04.601][info] [#0:script/workspace/loading.lua:100]: Preload file at: file:///home/astor/neovim/nvim/addons/formatter.nvim/lua/formatter/defaults/semistandard.lua , size = 0.142 KB
[01:00:04.602][info] [#0:script/workspace/loading.lua:100]: Preload file at: file:///home/astor/neovim/nvim/addons/formatter.nvim/lua/formatter/defaults/xmlformat.lua , size = 0.096 KB
[01:00:04.602][info] [#0:script/workspace/loading.lua:100]: Preload file at: file:///home/astor/neovim/nvim/addons/formatter.nvim/lua/formatter/defaults/nixfmt.lua , size = 0.088 KB
[01:00:04.603][info] [#0:script/workspace/loading.lua:100]: Preload file at: file:///home/astor/neovim/nvim/addons/formatter.nvim/lua/formatter/defaults/phpcbf.lua , size = 0.101 KB
[01:00:04.603][info] [#0:script/workspace/loading.lua:100]: Preload file at: file:///home/astor/neovim/nvim/addons/formatter.nvim/lua/formatter/defaults/fourmolu.lua , size = 0.220 KB
[01:00:04.604][info] [#0:script/workspace/loading.lua:100]: Preload file at: file:///home/astor/neovim/nvim/addons/formatter.nvim/lua/formatter/defaults/ktlint.lua , size = 0.152 KB
[01:00:04.604][info] [#0:script/workspace/loading.lua:100]: Preload file at: file:///home/astor/neovim/nvim/addons/formatter.nvim/lua/formatter/defaults/perltidy.lua , size = 0.111 KB
[01:00:04.605][info] [#0:script/workspace/loading.lua:100]: Preload file at: file:///home/astor/neovim/nvim/addons/formatter.nvim/lua/formatter/defaults/mixformat.lua , size = 0.239 KB
[01:00:04.606][info] [#0:script/workspace/loading.lua:100]: Preload file at: file:///home/astor/neovim/nvim/addons/formatter.nvim/lua/formatter/defaults/astyle.lua , size = 0.110 KB
[01:00:04.606][info] [#0:script/workspace/loading.lua:100]: Preload file at: file:///home/astor/neovim/nvim/addons/formatter.nvim/lua/formatter/defaults/prettierd.lua , size = 0.183 KB
[01:00:04.607][info] [#0:script/workspace/loading.lua:100]: Preload file at: file:///home/astor/neovim/nvim/addons/formatter.nvim/lua/formatter/defaults/uncrustify.lua , size = 0.116 KB
[01:00:04.607][info] [#0:script/workspace/loading.lua:100]: Preload file at: file:///home/astor/neovim/nvim/addons/formatter.nvim/lua/formatter/defaults/tsfmt.lua , size = 0.302 KB
[01:00:04.608][info] [#0:script/workspace/loading.lua:100]: Preload file at: file:///home/astor/neovim/nvim/addons/formatter.nvim/lua/formatter/defaults/ocamlformat.lua , size = 0.263 KB
[01:00:04.609][info] [#0:script/workspace/loading.lua:100]: Preload file at: file:///home/astor/neovim/nvim/addons/formatter.nvim/lua/formatter/defaults/standard.lua , size = 0.138 KB
[01:00:04.609][info] [#0:script/workspace/loading.lua:100]: Preload file at: file:///home/astor/neovim/nvim/addons/formatter.nvim/lua/formatter/defaults/htmlbeautifier.lua , size = 0.081 KB
[01:00:04.610][info] [#0:script/workspace/loading.lua:100]: Preload file at: file:///home/astor/neovim/nvim/addons/formatter.nvim/lua/formatter/defaults/denofmt.lua , size = 0.098 KB
[01:00:04.610][info] [#0:script/workspace/loading.lua:100]: Preload file at: file:///home/astor/neovim/nvim/addons/formatter.nvim/lua/formatter/defaults/eslint_d.lua , size = 0.287 KB
[01:00:04.611][info] [#0:script/workspace/loading.lua:100]: Preload file at: file:///home/astor/neovim/nvim/addons/formatter.nvim/lua/formatter/defaults/ormolu.lua , size = 0.218 KB
[01:00:04.612][info] [#0:script/workspace/loading.lua:100]: Preload file at: file:///home/astor/neovim/nvim/addons/formatter.nvim/lua/formatter/defaults/djlint.lua , size = 0.123 KB
[01:00:04.612][info] [#0:script/workspace/loading.lua:100]: Preload file at: file:///home/astor/neovim/nvim/addons/formatter.nvim/lua/formatter/defaults/clangformat.lua , size = 0.250 KB
[01:00:04.613][info] [#0:script/workspace/loading.lua:100]: Preload file at: file:///home/astor/neovim/nvim/addons/formatter.nvim/lua/formatter/defaults/alejandra.lua , size = 0.102 KB
[01:00:04.613][info] [#0:script/workspace/loading.lua:100]: Preload file at: file:///home/astor/neovim/nvim/addons/formatter.nvim/lua/formatter/defaults/esformatter.lua , size = 0.106 KB
[01:00:04.614][info] [#0:script/workspace/loading.lua:100]: Preload file at: file:///home/astor/neovim/nvim/addons/formatter.nvim/lua/formatter/defaults/sed.lua , size = 0.230 KB
[01:00:04.614][info] [#0:script/workspace/loading.lua:100]: Preload file at: file:///home/astor/neovim/nvim/addons/formatter.nvim/lua/formatter/defaults/init.lua , size = 0.714 KB
[01:00:04.615][info] [#0:script/workspace/loading.lua:100]: Preload file at: file:///home/astor/neovim/nvim/addons/formatter.nvim/lua/formatter/defaults/prettier.lua , size = 0.515 KB
[01:00:04.616][info] [#0:script/workspace/loading.lua:100]: Preload file at: file:///home/astor/neovim/nvim/addons/formatter.nvim/lua/formatter/log.lua , size = 1.766 KB
[01:00:04.618][info] [#0:script/workspace/loading.lua:100]: Preload file at: file:///home/astor/neovim/nvim/addons/formatter.nvim/lua/formatter/config.lua , size = 2.411 KB
[01:00:04.620][info] [#0:script/workspace/loading.lua:100]: Preload file at: file:///home/astor/neovim/nvim/addons/formatter.nvim/lua/formatter/util.lua , size = 8.910 KB
[01:00:04.628][info] [#0:script/workspace/loading.lua:100]: Preload file at: file:///home/astor/neovim/nvim/addons/formatter.nvim/lua/formatter/tempfile.lua , size = 1.401 KB
[01:00:04.629][info] [#0:script/workspace/loading.lua:100]: Preload file at: file:///home/astor/neovim/nvim/addons/formatter.nvim/lua/formatter/format.lua , size = 7.350 KB
[01:00:04.635][info] [#0:script/workspace/loading.lua:100]: Preload file at: file:///home/astor/neovim/nvim/addons/formatter.nvim/lua/formatter/filetypes/nim.lua , size = 0.177 KB
[01:00:04.636][info] [#0:script/workspace/loading.lua:100]: Preload file at: file:///home/astor/neovim/nvim/addons/formatter.nvim/lua/formatter/filetypes/vue.lua , size = 0.200 KB
[01:00:04.636][info] [#0:script/workspace/loading.lua:100]: Preload file at: file:///home/astor/neovim/nvim/addons/formatter.nvim/lua/formatter/filetypes/c.lua , size = 0.250 KB
[01:00:04.637][info] [#0:script/workspace/loading.lua:100]: Preload file at: file:///home/astor/neovim/nvim/addons/formatter.nvim/lua/formatter/filetypes/python.lua , size = 1.326 KB
[01:00:04.639][info] [#0:script/workspace/loading.lua:100]: Preload file at: file:///home/astor/neovim/nvim/addons/formatter.nvim/lua/formatter/filetypes/elixir.lua , size = 0.150 KB
[01:00:04.640][info] [#0:script/workspace/loading.lua:100]: Preload file at: file:///home/astor/neovim/nvim/addons/formatter.nvim/lua/formatter/filetypes/perl.lua , size = 0.148 KB
[01:00:04.640][info] [#0:script/workspace/loading.lua:100]: Preload file at: file:///home/astor/neovim/nvim/addons/formatter.nvim/lua/formatter/filetypes/zsh.lua , size = 0.300 KB
[01:00:04.641][info] [#0:script/workspace/loading.lua:100]: Preload file at: file:///home/astor/neovim/nvim/addons/formatter.nvim/lua/formatter/filetypes/twig.lua , size = 0.145 KB
[01:00:04.642][info] [#0:script/workspace/loading.lua:100]: Preload file at: file:///home/astor/neovim/nvim/addons/formatter.nvim/lua/formatter/filetypes/solidity.lua , size = 0.428 KB
[01:00:04.642][info] [#0:script/workspace/loading.lua:100]: Preload file at: file:///home/astor/neovim/nvim/addons/formatter.nvim/lua/formatter/filetypes/terraform.lua , size = 0.235 KB
[01:00:04.643][info] [#0:script/workspace/loading.lua:100]: Preload file at: file:///home/astor/neovim/nvim/addons/formatter.nvim/lua/formatter/filetypes/awk.lua , size = 0.193 KB
[01:00:04.644][info] [#0:script/workspace/loading.lua:100]: Preload file at: file:///home/astor/neovim/nvim/addons/formatter.nvim/lua/formatter/filetypes/php.lua , size = 0.229 KB
[01:00:04.644][info] [#0:script/workspace/loading.lua:100]: Preload file at: file:///home/astor/neovim/nvim/addons/formatter.nvim/lua/formatter/filetypes/java.lua , size = 0.520 KB
[01:00:04.645][info] [#0:script/workspace/loading.lua:100]: Preload file at: file:///home/astor/neovim/nvim/addons/formatter.nvim/lua/formatter/filetypes/templ.lua , size = 0.104 KB
[01:00:04.646][info] [#0:script/workspace/loading.lua:100]: Preload file at: file:///home/astor/neovim/nvim/addons/formatter.nvim/lua/formatter/filetypes/kotlin.lua , size = 0.178 KB
[01:00:04.646][info] [#0:script/workspace/loading.lua:100]: Preload file at: file:///home/astor/neovim/nvim/addons/formatter.nvim/lua/formatter/filetypes/cpp.lua , size = 0.252 KB
[01:00:04.647][info] [#0:script/workspace/loading.lua:100]: Preload file at: file:///home/astor/neovim/nvim/addons/formatter.nvim/lua/formatter/filetypes/r.lua , size = 0.173 KB
[01:00:04.647][info] [#0:script/workspace/loading.lua:100]: Preload file at: file:///home/astor/neovim/nvim/addons/formatter.nvim/lua/formatter/filetypes/nix.lua , size = 0.236 KB
[01:00:04.648][info] [#0:script/workspace/loading.lua:100]: Preload file at: file:///home/astor/neovim/nvim/addons/formatter.nvim/lua/formatter/filetypes/toml.lua , size = 0.292 KB
[01:00:04.649][info] [#0:script/workspace/loading.lua:100]: Preload file at: file:///home/astor/neovim/nvim/addons/formatter.nvim/lua/formatter/filetypes/latex.lua , size = 0.154 KB
[01:00:04.649][info] [#0:script/workspace/loading.lua:100]: Preload file at: file:///home/astor/neovim/nvim/addons/formatter.nvim/lua/formatter/filetypes/proto.lua , size = 0.139 KB
[01:00:04.650][info] [#0:script/workspace/loading.lua:100]: Preload file at: file:///home/astor/neovim/nvim/addons/formatter.nvim/lua/formatter/filetypes/json.lua , size = 0.644 KB
[01:00:04.651][info] [#0:script/workspace/loading.lua:100]: Preload file at: file:///home/astor/neovim/nvim/addons/formatter.nvim/lua/formatter/filetypes/markdown.lua , size = 0.454 KB
[01:00:04.652][info] [#0:script/workspace/loading.lua:100]: Preload file at: file:///home/astor/neovim/nvim/addons/formatter.nvim/lua/formatter/filetypes/css.lua , size = 0.575 KB
[01:00:04.653][info] [#0:script/workspace/loading.lua:100]: Preload file at: file:///home/astor/neovim/nvim/addons/formatter.nvim/lua/formatter/filetypes/graphql.lua , size = 0.193 KB
[01:00:04.654][info] [#0:script/workspace/loading.lua:100]: Preload file at: file:///home/astor/neovim/nvim/addons/formatter.nvim/lua/formatter/filetypes/lua.lua , size = 0.623 KB
[01:00:04.655][info] [#0:script/workspace/loading.lua:100]: Preload file at: file:///home/astor/neovim/nvim/addons/formatter.nvim/lua/formatter/filetypes/cs.lua , size = 0.529 KB
[01:00:04.655][info] [#0:script/workspace/loading.lua:100]: Preload file at: file:///home/astor/neovim/nvim/addons/formatter.nvim/lua/formatter/filetypes/typescript.lua , size = 0.820 KB
[01:00:04.656][info] [#0:script/workspace/loading.lua:100]: Preload file at: file:///home/astor/neovim/nvim/addons/formatter.nvim/lua/formatter/filetypes/sql.lua , size = 0.409 KB
[01:00:04.657][info] [#0:script/workspace/loading.lua:100]: Preload file at: file:///home/astor/neovim/nvim/addons/formatter.nvim/lua/formatter/filetypes/go.lua , size = 0.635 KB
[01:00:04.658][info] [#0:script/workspace/loading.lua:100]: Preload file at: file:///home/astor/neovim/nvim/addons/formatter.nvim/lua/formatter/filetypes/xml.lua , size = 0.572 KB
[01:00:04.659][info] [#0:script/workspace/loading.lua:100]: Preload file at: file:///home/astor/neovim/nvim/addons/formatter.nvim/lua/formatter/filetypes/eruby.lua , size = 0.317 KB
[01:00:04.659][info] [#0:script/workspace/loading.lua:100]: Preload file at: file:///home/astor/neovim/nvim/addons/formatter.nvim/lua/formatter/filetypes/javascriptreact.lua , size = 0.668 KB
[01:00:04.660][info] [#0:script/workspace/loading.lua:100]: Preload file at: file:///home/astor/neovim/nvim/addons/formatter.nvim/lua/formatter/filetypes/dart.lua , size = 0.270 KB
[01:00:04.661][info] [#0:script/workspace/loading.lua:100]: Preload file at: file:///home/astor/neovim/nvim/addons/formatter.nvim/lua/formatter/filetypes/fish.lua , size = 0.152 KB
[01:00:04.662][info] [#0:script/workspace/loading.lua:100]: Preload file at: file:///home/astor/neovim/nvim/addons/formatter.nvim/lua/formatter/filetypes/sh.lua , size = 0.267 KB
[01:00:04.662][info] [#0:script/workspace/loading.lua:100]: Preload file at: file:///home/astor/neovim/nvim/addons/formatter.nvim/lua/formatter/filetypes/any.lua , size = 0.520 KB
[01:00:04.663][info] [#0:script/workspace/loading.lua:100]: Preload file at: file:///home/astor/neovim/nvim/addons/formatter.nvim/lua/formatter/filetypes/xhtml.lua , size = 0.271 KB
[01:00:04.664][info] [#0:script/workspace/loading.lua:100]: Preload file at: file:///home/astor/neovim/nvim/addons/formatter.nvim/lua/formatter/filetypes/cmake.lua , size = 0.129 KB
[01:00:04.664][info] [#0:script/workspace/loading.lua:100]: Preload file at: file:///home/astor/neovim/nvim/addons/formatter.nvim/lua/formatter/filetypes/liquidsoap.lua , size = 0.150 KB
[01:00:04.665][info] [#0:script/workspace/loading.lua:100]: Preload file at: file:///home/astor/neovim/nvim/addons/formatter.nvim/lua/formatter/filetypes/haskell.lua , size = 0.242 KB
[01:00:04.666][info] [#0:script/workspace/loading.lua:100]: Preload file at: file:///home/astor/neovim/nvim/addons/formatter.nvim/lua/formatter/filetypes/javascript.lua , size = 0.668 KB
[01:00:04.667][info] [#0:script/workspace/loading.lua:100]: Preload file at: file:///home/astor/neovim/nvim/addons/formatter.nvim/lua/formatter/filetypes/zig.lua , size = 0.145 KB
[01:00:04.668][info] [#0:script/workspace/loading.lua:100]: Preload file at: file:///home/astor/neovim/nvim/addons/formatter.nvim/lua/formatter/filetypes/typescriptreact.lua , size = 0.820 KB
[01:00:04.669][info] [#0:script/workspace/loading.lua:100]: Preload file at: file:///home/astor/neovim/nvim/addons/formatter.nvim/lua/formatter/filetypes/crystal.lua , size = 0.180 KB
[01:00:04.669][info] [#0:script/workspace/loading.lua:100]: Preload file at: file:///home/astor/neovim/nvim/addons/formatter.nvim/lua/formatter/filetypes/ocaml.lua , size = 0.154 KB
[01:00:04.670][info] [#0:script/workspace/loading.lua:100]: Preload file at: file:///home/astor/neovim/nvim/addons/formatter.nvim/lua/formatter/filetypes/asm.lua , size = 0.099 KB
[01:00:04.670][info] [#0:script/workspace/loading.lua:100]: Preload file at: file:///home/astor/neovim/nvim/addons/formatter.nvim/lua/formatter/filetypes/tex.lua , size = 0.110 KB
[01:00:04.671][info] [#0:script/workspace/loading.lua:100]: Preload file at: file:///home/astor/neovim/nvim/addons/formatter.nvim/lua/formatter/filetypes/rust.lua , size = 0.133 KB
[01:00:04.672][info] [#0:script/workspace/loading.lua:100]: Preload file at: file:///home/astor/neovim/nvim/addons/formatter.nvim/lua/formatter/filetypes/svelte.lua , size = 0.148 KB
[01:00:04.672][info] [#0:script/workspace/loading.lua:100]: Preload file at: file:///home/astor/neovim/nvim/addons/formatter.nvim/lua/formatter/filetypes/html.lua , size = 0.410 KB
[01:00:04.673][info] [#0:script/workspace/loading.lua:100]: Preload file at: file:///home/astor/neovim/nvim/addons/formatter.nvim/lua/formatter/filetypes/init.lua , size = 0.715 KB
[01:00:04.674][info] [#0:script/workspace/loading.lua:100]: Preload file at: file:///home/astor/neovim/nvim/addons/formatter.nvim/lua/formatter/filetypes/yaml.lua , size = 0.406 KB
[01:00:04.675][info] [#0:script/workspace/loading.lua:100]: Preload file at: file:///home/astor/neovim/nvim/addons/formatter.nvim/lua/formatter/init.lua , size = 0.355 KB
[01:00:04.675][info] [#0:script/workspace/loading.lua:100]: Preload file at: file:///home/astor/neovim/nvim/addons/formatter.nvim/lua/formatter/filetypes/ruby.lua , size = 0.550 KB
[01:00:04.676][info] [#0:script/workspace/loading.lua:100]: Preload file at: file:///home/astor/neovim/nvim/addons/neoscroll.nvim/lua/tests/scroll_top_spec.lua , size = 2.206 KB
[01:00:04.678][info] [#0:script/workspace/loading.lua:100]: Preload file at: file:///home/astor/neovim/nvim/addons/neoscroll.nvim/lua/tests/respect_scrolloff_spec.lua , size = 7.920 KB
[01:00:04.685][info] [#0:script/workspace/loading.lua:100]: Preload file at: file:///home/astor/neovim/nvim/addons/neoscroll.nvim/lua/tests/time_tol.lua , size = 0.011 KB
[01:00:04.686][info] [#0:script/workspace/loading.lua:100]: Preload file at: file:///home/astor/neovim/nvim/addons/neoscroll.nvim/lua/tests/scroll_spec.lua , size = 1.529 KB
[01:00:04.687][info] [#0:script/workspace/loading.lua:100]: Preload file at: file:///home/astor/neovim/nvim/addons/neoscroll.nvim/lua/tests/scroll_window_spec.lua , size = 1.542 KB
[01:00:04.689][info] [#0:script/workspace/loading.lua:100]: Preload file at: file:///home/astor/neovim/nvim/addons/neoscroll.nvim/lua/tests/stop_eof_spec.lua , size = 1.234 KB
[01:00:04.691][info] [#0:script/workspace/loading.lua:100]: Preload file at: file:///home/astor/neovim/nvim/addons/neoscroll.nvim/lua/tests/cursor_scrolls_alone_spec.lua , size = 1.416 KB
[01:00:04.692][info] [#0:script/workspace/loading.lua:100]: Preload file at: file:///home/astor/neovim/nvim/addons/neoscroll.nvim/lua/neoscroll/config.lua , size = 1.752 KB
[01:00:04.694][info] [#0:script/workspace/loading.lua:100]: Preload file at: file:///home/astor/neovim/nvim/addons/neoscroll.nvim/lua/tests/scroll_bottom_spec.lua , size = 2.214 KB
[01:00:04.697][info] [#0:script/workspace/loading.lua:100]: Preload file at: file:///home/astor/neovim/nvim/addons/neoscroll.nvim/lua/neoscroll/scroll.lua , size = 6.951 KB
[01:00:04.703][info] [#0:script/workspace/loading.lua:100]: Preload file at: file:///home/astor/neovim/nvim/addons/neoscroll.nvim/lua/neoscroll/window.lua , size = 3.185 KB
[01:00:04.706][info] [#0:script/workspace/loading.lua:100]: Preload file at: file:///home/astor/neovim/nvim/addons/neoscroll.nvim/lua/neoscroll/logic.lua , size = 2.647 KB
[01:00:04.709][info] [#0:script/workspace/loading.lua:100]: Preload file at: file:///home/astor/neovim/nvim/addons/neoscroll.nvim/lua/neoscroll/init.lua , size = 17.136 KB
[01:00:04.721][info] [#0:script/workspace/loading.lua:100]: Preload file at: file:///home/astor/neovim/nvim/addons/nvim-tree.lua/.github/ISSUE_TEMPLATE/nvt-min.lua , size = 1.517 KB
[01:00:04.722][info] [#0:script/workspace/loading.lua:100]: Preload file at: file:///home/astor/neovim/nvim/addons/nvim-tree.lua/lua/nvim-tree/api.lua , size = 14.183 KB
[01:00:04.738][info] [#0:script/workspace/loading.lua:100]: Preload file at: file:///home/astor/neovim/nvim/addons/nvim-tree.lua/lua/nvim-tree/legacy.lua , size = 4.701 KB
[01:00:04.743][info] [#0:script/workspace/loading.lua:100]: Preload file at: file:///home/astor/neovim/nvim/addons/nvim-tree.lua/lua/nvim-tree/buffers.lua , size = 1.396 KB
[01:00:04.745][info] [#0:script/workspace/loading.lua:100]: Preload file at: file:///home/astor/neovim/nvim/addons/nvim-tree.lua/lua/nvim-tree/lib.lua , size = 3.874 KB
[01:00:04.749][info] [#0:script/workspace/loading.lua:100]: Preload file at: file:///home/astor/neovim/nvim/addons/nvim-tree.lua/lua/nvim-tree/log.lua , size = 3.368 KB
[01:00:04.752][info] [#0:script/workspace/loading.lua:100]: Preload file at: file:///home/astor/neovim/nvim/addons/nvim-tree.lua/lua/nvim-tree/notify.lua , size = 1.719 KB
[01:00:04.755][info] [#0:script/workspace/loading.lua:100]: Preload file at: file:///home/astor/neovim/nvim/addons/nvim-tree.lua/lua/nvim-tree/diagnostics.lua , size = 7.271 KB
[01:00:04.761][info] [#0:script/workspace/loading.lua:100]: Preload file at: file:///home/astor/neovim/nvim/addons/nvim-tree.lua/lua/nvim-tree/_meta/api.lua , size = 1.332 KB
[01:00:04.762][info] [#0:script/workspace/loading.lua:100]: Preload file at: file:///home/astor/neovim/nvim/addons/nvim-tree.lua/lua/nvim-tree/node/directory.lua , size = 7.884 KB
[01:00:04.769][info] [#0:script/workspace/loading.lua:100]: Preload file at: file:///home/astor/neovim/nvim/addons/nvim-tree.lua/lua/nvim-tree/node/file-link.lua , size = 2.054 KB
[01:00:04.772][info] [#0:script/workspace/loading.lua:100]: Preload file at: file:///home/astor/neovim/nvim/addons/nvim-tree.lua/lua/nvim-tree/_meta/api_decorator.lua , size = 2.153 KB
[01:00:04.774][info] [#0:script/workspace/loading.lua:100]: Preload file at: file:///home/astor/neovim/nvim/addons/nvim-tree.lua/lua/nvim-tree/node/root.lua , size = 0.827 KB
[01:00:04.775][info] [#0:script/workspace/loading.lua:100]: Preload file at: file:///home/astor/neovim/nvim/addons/nvim-tree.lua/lua/nvim-tree/node/directory-link.lua , size = 2.648 KB
[01:00:04.779][info] [#0:script/workspace/loading.lua:100]: Preload file at: file:///home/astor/neovim/nvim/addons/nvim-tree.lua/lua/nvim-tree/node/file.lua , size = 2.681 KB
[01:00:04.782][info] [#0:script/workspace/loading.lua:100]: Preload file at: file:///home/astor/neovim/nvim/addons/nvim-tree.lua/lua/nvim-tree/node/link.lua , size = 0.443 KB
[01:00:04.783][info] [#0:script/workspace/loading.lua:100]: Preload file at: file:///home/astor/neovim/nvim/addons/nvim-tree.lua/lua/nvim-tree/node/factory.lua , size = 1.362 KB
[01:00:04.784][info] [#0:script/workspace/loading.lua:100]: Preload file at: file:///home/astor/neovim/nvim/addons/nvim-tree.lua/lua/nvim-tree/node/init.lua , size = 3.606 KB
[01:00:04.788][info] [#0:script/workspace/loading.lua:100]: Preload file at: file:///home/astor/neovim/nvim/addons/nvim-tree.lua/lua/nvim-tree/git/utils.lua , size = 5.166 KB
[01:00:04.794][info] [#0:script/workspace/loading.lua:100]: Preload file at: file:///home/astor/neovim/nvim/addons/nvim-tree.lua/lua/nvim-tree/git/init.lua , size = 10.681 KB
[01:00:04.803][info] [#0:script/workspace/loading.lua:100]: Preload file at: file:///home/astor/neovim/nvim/addons/nvim-tree.lua/lua/nvim-tree/git/runner.lua , size = 6.812 KB
[01:00:04.810][info] [#0:script/workspace/loading.lua:100]: Preload file at: file:///home/astor/neovim/nvim/addons/nvim-tree.lua/lua/nvim-tree/renderer/builder.lua , size = 14.335 KB
[01:00:04.823][info] [#0:script/workspace/loading.lua:100]: Preload file at: file:///home/astor/neovim/nvim/addons/nvim-tree.lua/lua/nvim-tree/renderer/decorator/copied.lua , size = 0.829 KB
[01:00:04.824][info] [#0:script/workspace/loading.lua:100]: Preload file at: file:///home/astor/neovim/nvim/addons/nvim-tree.lua/lua/nvim-tree/renderer/decorator/git.lua , size = 6.849 KB
[01:00:04.831][info] [#0:script/workspace/loading.lua:100]: Preload file at: file:///home/astor/neovim/nvim/addons/nvim-tree.lua/lua/nvim-tree/renderer/decorator/diagnostics.lua , size = 3.646 KB
[01:00:04.834][info] [#0:script/workspace/loading.lua:100]: Preload file at: file:///home/astor/neovim/nvim/addons/nvim-tree.lua/lua/nvim-tree/renderer/decorator/modified.lua , size = 1.622 KB
[01:00:04.836][info] [#0:script/workspace/loading.lua:100]: Preload file at: file:///home/astor/neovim/nvim/addons/nvim-tree.lua/lua/nvim-tree/renderer/decorator/user.lua , size = 0.212 KB
[01:00:04.836][info] [#0:script/workspace/loading.lua:100]: Preload file at: file:///home/astor/neovim/nvim/addons/nvim-tree.lua/lua/nvim-tree/renderer/decorator/opened.lua , size = 0.908 KB
[01:00:04.838][info] [#0:script/workspace/loading.lua:100]: Preload file at: file:///home/astor/neovim/nvim/addons/nvim-tree.lua/lua/nvim-tree/renderer/decorator/cut.lua , size = 0.802 KB
[01:00:04.839][info] [#0:script/workspace/loading.lua:100]: Preload file at: file:///home/astor/neovim/nvim/addons/nvim-tree.lua/lua/nvim-tree/renderer/decorator/bookmarks.lua , size = 1.392 KB
[01:00:04.841][info] [#0:script/workspace/loading.lua:100]: Preload file at: file:///home/astor/neovim/nvim/addons/nvim-tree.lua/lua/nvim-tree/renderer/decorator/hidden.lua , size = 1.521 KB
[01:00:04.843][info] [#0:script/workspace/loading.lua:100]: Preload file at: file:///home/astor/neovim/nvim/addons/nvim-tree.lua/lua/nvim-tree/renderer/decorator/init.lua , size = 3.044 KB
[01:00:04.847][info] [#0:script/workspace/loading.lua:100]: Preload file at: file:///home/astor/neovim/nvim/addons/nvim-tree.lua/lua/nvim-tree/renderer/components/devicons.lua , size = 0.915 KB
[01:00:04.848][info] [#0:script/workspace/loading.lua:100]: Preload file at: file:///home/astor/neovim/nvim/addons/nvim-tree.lua/lua/nvim-tree/renderer/components/padding.lua , size = 4.050 KB
[01:00:04.852][info] [#0:script/workspace/loading.lua:100]: Preload file at: file:///home/astor/neovim/nvim/addons/nvim-tree.lua/lua/nvim-tree/renderer/components/full-name.lua , size = 3.807 KB
[01:00:04.856][info] [#0:script/workspace/loading.lua:100]: Preload file at: file:///home/astor/neovim/nvim/addons/nvim-tree.lua/lua/nvim-tree/renderer/components/init.lua , size = 0.309 KB
[01:00:04.856][info] [#0:script/workspace/loading.lua:100]: Preload file at: file:///home/astor/neovim/nvim/addons/nvim-tree.lua/lua/nvim-tree/renderer/init.lua , size = 3.972 KB
[01:00:04.862][info] [#0:script/workspace/loading.lua:100]: Preload file at: file:///home/astor/neovim/nvim/addons/nvim-tree.lua/lua/nvim-tree/core.lua , size = 1.304 KB
[01:00:04.864][info] [#0:script/workspace/loading.lua:100]: Preload file at: file:///home/astor/neovim/nvim/addons/nvim-tree.lua/lua/nvim-tree/explorer/filters.lua , size = 7.625 KB
[01:00:04.872][info] [#0:script/workspace/loading.lua:100]: Preload file at: file:///home/astor/neovim/nvim/addons/nvim-tree.lua/lua/nvim-tree/explorer/watch.lua , size = 2.612 KB
[01:00:04.874][info] [#0:script/workspace/loading.lua:100]: Preload file at: file:///home/astor/neovim/nvim/addons/nvim-tree.lua/lua/nvim-tree/explorer/live-filter.lua , size = 6.261 KB
[01:00:04.880][info] [#0:script/workspace/loading.lua:100]: Preload file at: file:///home/astor/neovim/nvim/addons/nvim-tree.lua/lua/nvim-tree/explorer/sorter.lua , size = 7.720 KB
[01:00:04.891][info] [#0:script/workspace/loading.lua:100]: Preload file at: file:///home/astor/neovim/nvim/addons/nvim-tree.lua/lua/nvim-tree/explorer/init.lua , size = 18.173 KB
[01:00:04.914][info] [#0:script/workspace/loading.lua:100]: Preload file at: file:///home/astor/neovim/nvim/addons/nvim-tree.lua/lua/nvim-tree/watcher.lua , size = 6.576 KB
[01:00:04.923][info] [#0:script/workspace/loading.lua:100]: Preload file at: file:///home/astor/neovim/nvim/addons/nvim-tree.lua/lua/nvim-tree/utils.lua , size = 12.807 KB
[01:00:04.941][info] [#0:script/workspace/loading.lua:100]: Preload file at: file:///home/astor/neovim/nvim/addons/nvim-tree.lua/lua/nvim-tree/events.lua , size = 2.885 KB
[01:00:04.944][info] [#0:script/workspace/loading.lua:100]: Preload file at: file:///home/astor/neovim/nvim/addons/nvim-tree.lua/lua/nvim-tree/keymap.lua , size = 6.830 KB
[01:00:04.953][info] [#0:script/workspace/loading.lua:100]: Preload file at: file:///home/astor/neovim/nvim/addons/nvim-tree.lua/lua/nvim-tree/help.lua , size = 6.904 KB
[01:00:04.963][info] [#0:script/workspace/loading.lua:100]: Preload file at: file:///home/astor/neovim/nvim/addons/nvim-tree.lua/lua/nvim-tree/commands.lua , size = 2.838 KB
[01:00:04.966][info] [#0:script/workspace/loading.lua:100]: Preload file at: file:///home/astor/neovim/nvim/addons/nvim-tree.lua/lua/nvim-tree/iterators/node-iterator.lua , size = 1.680 KB
[01:00:04.969][info] [#0:script/workspace/loading.lua:100]: Preload file at: file:///home/astor/neovim/nvim/addons/nvim-tree.lua/lua/nvim-tree/appearance/hi-test.lua , size = 4.602 KB
[01:00:04.976][info] [#0:script/workspace/loading.lua:100]: Preload file at: file:///home/astor/neovim/nvim/addons/nvim-tree.lua/lua/nvim-tree/appearance/init.lua , size = 9.276 KB
[01:00:04.981][info] [#0:script/workspace/loading.lua:100]: Preload file at: file:///home/astor/neovim/nvim/addons/nvim-tree.lua/lua/nvim-tree/actions/tree/resize.lua , size = 0.968 KB
[01:00:04.983][info] [#0:script/workspace/loading.lua:100]: Preload file at: file:///home/astor/neovim/nvim/addons/nvim-tree.lua/lua/nvim-tree/actions/tree/modifiers/expand.lua , size = 4.127 KB
[01:00:04.987][info] [#0:script/workspace/loading.lua:100]: Preload file at: file:///home/astor/neovim/nvim/addons/nvim-tree.lua/lua/nvim-tree/actions/tree/modifiers/collapse.lua , size = 1.815 KB
[01:00:04.989][info] [#0:script/workspace/loading.lua:100]: Preload file at: file:///home/astor/neovim/nvim/addons/nvim-tree.lua/lua/nvim-tree/actions/tree/modifiers/init.lua , size = 0.198 KB
[01:00:04.990][info] [#0:script/workspace/loading.lua:100]: Preload file at: file:///home/astor/neovim/nvim/addons/nvim-tree.lua/lua/nvim-tree/actions/tree/open.lua , size = 1.176 KB
[01:00:04.992][info] [#0:script/workspace/loading.lua:100]: Preload file at: file:///home/astor/neovim/nvim/addons/nvim-tree.lua/lua/nvim-tree/actions/tree/toggle.lua , size = 1.700 KB
[01:00:04.995][info] [#0:script/workspace/loading.lua:100]: Preload file at: file:///home/astor/neovim/nvim/addons/nvim-tree.lua/lua/nvim-tree/actions/tree/find-file.lua , size = 1.577 KB
[01:00:04.998][info] [#0:script/workspace/loading.lua:100]: Preload file at: file:///home/astor/neovim/nvim/addons/nvim-tree.lua/lua/nvim-tree/actions/tree/init.lua , size = 0.429 KB
[01:00:04.999][info] [#0:script/workspace/loading.lua:100]: Preload file at: file:///home/astor/neovim/nvim/addons/nvim-tree.lua/lua/nvim-tree/actions/fs/remove-file.lua , size = 4.744 KB
[01:00:05.004][info] [#0:script/workspace/loading.lua:100]: Preload file at: file:///home/astor/neovim/nvim/addons/nvim-tree.lua/lua/nvim-tree/actions/fs/clipboard.lua , size = 10.722 KB
[01:00:05.015][info] [#0:script/workspace/loading.lua:100]: Preload file at: file:///home/astor/neovim/nvim/addons/nvim-tree.lua/lua/nvim-tree/actions/fs/trash.lua , size = 3.479 KB
[01:00:05.018][info] [#0:script/workspace/loading.lua:100]: Preload file at: file:///home/astor/neovim/nvim/addons/nvim-tree.lua/lua/nvim-tree/actions/fs/rename-file.lua , size = 4.566 KB
[01:00:05.022][info] [#0:script/workspace/loading.lua:100]: Preload file at: file:///home/astor/neovim/nvim/addons/nvim-tree.lua/lua/nvim-tree/actions/fs/create-file.lua , size = 2.982 KB
[01:00:05.026][info] [#0:script/workspace/loading.lua:100]: Preload file at: file:///home/astor/neovim/nvim/addons/nvim-tree.lua/lua/nvim-tree/actions/fs/init.lua , size = 0.350 KB
[01:00:05.026][info] [#0:script/workspace/loading.lua:100]: Preload file at: file:///home/astor/neovim/nvim/addons/nvim-tree.lua/lua/nvim-tree/actions/finders/search-node.lua , size = 2.973 KB
[01:00:05.029][info] [#0:script/workspace/loading.lua:100]: Preload file at: file:///home/astor/neovim/nvim/addons/nvim-tree.lua/lua/nvim-tree/actions/finders/find-file.lua , size = 2.584 KB
[01:00:05.032][info] [#0:script/workspace/loading.lua:100]: Preload file at: file:///home/astor/neovim/nvim/addons/nvim-tree.lua/lua/nvim-tree/actions/finders/init.lua , size = 0.146 KB
[01:00:05.032][info] [#0:script/workspace/loading.lua:100]: Preload file at: file:///home/astor/neovim/nvim/addons/nvim-tree.lua/lua/nvim-tree/actions/node/file-popup.lua , size = 2.207 KB
[01:00:05.035][info] [#0:script/workspace/loading.lua:100]: Preload file at: file:///home/astor/neovim/nvim/addons/nvim-tree.lua/lua/nvim-tree/actions/node/buffer.lua , size = 1.491 KB
[01:00:05.036][info] [#0:script/workspace/loading.lua:100]: Preload file at: file:///home/astor/neovim/nvim/addons/nvim-tree.lua/lua/nvim-tree/actions/node/open-file.lua , size = 13.535 KB
[01:00:05.048][info] [#0:script/workspace/loading.lua:100]: Preload file at: file:///home/astor/neovim/nvim/addons/nvim-tree.lua/lua/nvim-tree/actions/node/run-command.lua , size = 0.621 KB
[01:00:05.049][info] [#0:script/workspace/loading.lua:100]: Preload file at: file:///home/astor/neovim/nvim/addons/nvim-tree.lua/lua/nvim-tree/actions/node/system-open.lua , size = 2.248 KB
[01:00:05.052][info] [#0:script/workspace/loading.lua:100]: Preload file at: file:///home/astor/neovim/nvim/addons/nvim-tree.lua/lua/nvim-tree/actions/node/init.lua , size = 0.511 KB
[01:00:05.052][info] [#0:script/workspace/loading.lua:100]: Preload file at: file:///home/astor/neovim/nvim/addons/nvim-tree.lua/lua/nvim-tree/actions/root/change-dir.lua , size = 2.693 KB
[01:00:05.056][info] [#0:script/workspace/loading.lua:100]: Preload file at: file:///home/astor/neovim/nvim/addons/nvim-tree.lua/lua/nvim-tree/actions/root/dir-up.lua , size = 0.534 KB
[01:00:05.057][info] [#0:script/workspace/loading.lua:100]: Preload file at: file:///home/astor/neovim/nvim/addons/nvim-tree.lua/lua/nvim-tree/actions/root/init.lua , size = 0.187 KB
[01:00:05.057][info] [#0:script/workspace/loading.lua:100]: Preload file at: file:///home/astor/neovim/nvim/addons/nvim-tree.lua/lua/nvim-tree/actions/moves/sibling.lua , size = 1.257 KB
[01:00:05.059][info] [#0:script/workspace/loading.lua:100]: Preload file at: file:///home/astor/neovim/nvim/addons/nvim-tree.lua/lua/nvim-tree/actions/moves/item.lua , size = 6.581 KB
[01:00:05.064][info] [#0:script/workspace/loading.lua:100]: Preload file at: file:///home/astor/neovim/nvim/addons/nvim-tree.lua/lua/nvim-tree/actions/moves/parent.lua , size = 0.940 KB
[01:00:05.065][info] [#0:script/workspace/loading.lua:100]: Preload file at: file:///home/astor/neovim/nvim/addons/nvim-tree.lua/lua/nvim-tree/actions/moves/init.lua , size = 0.177 KB
[01:00:05.066][info] [#0:script/workspace/loading.lua:100]: Preload file at: file:///home/astor/neovim/nvim/addons/nvim-tree.lua/lua/nvim-tree/actions/init.lua , size = 0.387 KB
[01:00:05.067][info] [#0:script/workspace/loading.lua:100]: Preload file at: file:///home/astor/neovim/nvim/addons/nvim-tree.lua/lua/nvim-tree/marks/init.lua , size = 6.089 KB
[01:00:05.073][info] [#0:script/workspace/loading.lua:100]: Preload file at: file:///home/astor/neovim/nvim/addons/nvim-tree.lua/lua/nvim-tree/classic.lua , size = 1.905 KB
[01:00:05.076][info] [#0:script/workspace/loading.lua:100]: Preload file at: file:///home/astor/neovim/nvim/addons/nvim-tree.lua/lua/nvim-tree/enum.lua , size = 0.200 KB
[01:00:05.076][info] [#0:script/workspace/loading.lua:100]: Preload file at: file:///home/astor/neovim/nvim/addons/nvim-tree.lua/lua/nvim-tree/view.lua , size = 17.401 KB
[01:00:05.091][info] [#0:script/workspace/loading.lua:100]: Preload file at: file:///home/astor/neovim/nvim/addons/nvim-tree.lua/lua/nvim-tree.lua , size = 19.636 KB
[01:00:05.105][info] [#0:script/workspace/loading.lua:100]: Preload file at: file:///home/astor/neovim/nvim/addons/gitsigns.nvim/plugin/gitsigns.lua , size = 0.027 KB
[01:00:05.106][info] [#0:script/workspace/loading.lua:100]: Preload file at: file:///home/astor/neovim/nvim/addons/gitsigns.nvim/test/gs_helpers.lua , size = 8.329 KB
[01:00:05.115][info] [#0:script/workspace/loading.lua:100]: Preload file at: file:///home/astor/neovim/nvim/addons/gitsigns.nvim/gen_help.lua , size = 12.741 KB
[01:00:05.127][info] [#0:script/workspace/loading.lua:100]: Preload file at: file:///home/astor/neovim/nvim/addons/gitsigns.nvim/test/highlights_spec.lua , size = 2.854 KB
[01:00:05.130][info] [#0:script/workspace/loading.lua:100]: Preload file at: file:///home/astor/neovim/nvim/addons/gitsigns.nvim/test/actions_spec.lua , size = 9.013 KB
[01:00:05.137][info] [#0:script/workspace/loading.lua:100]: Preload file at: file:///home/astor/neovim/nvim/addons/gitsigns.nvim/test/gitsigns_spec.lua , size = 29.272 KB
[01:00:05.155][info] [#0:script/workspace/loading.lua:100]: Preload file at: file:///home/astor/neovim/nvim/addons/gitsigns.nvim/test/hunk_spec.lua , size = 2.693 KB
[01:00:05.158][info] [#0:script/workspace/loading.lua:100]: Preload file at: file:///home/astor/neovim/nvim/addons/gitsigns.nvim/test/gitdir_watcher_spec.lua , size = 4.199 KB
[01:00:05.162][info] [#0:script/workspace/loading.lua:100]: Preload file at: file:///home/astor/neovim/nvim/addons/gitsigns.nvim/test/word_diff_spec.lua , size = 4.412 KB
[01:00:05.166][info] [#0:script/workspace/loading.lua:100]: Preload file at: file:///home/astor/neovim/nvim/addons/gitsigns.nvim/lua/gitsigns/async.lua , size = 18.465 KB
[01:00:05.183][info] [#0:script/workspace/loading.lua:100]: Preload file at: file:///home/astor/neovim/nvim/addons/gitsigns.nvim/lua/gitsigns/cli/argparse.lua , size = 2.572 KB
[01:00:05.186][info] [#0:script/workspace/loading.lua:100]: Preload file at: file:///home/astor/neovim/nvim/addons/gitsigns.nvim/lua/gitsigns/manager.lua , size = 14.124 KB
[01:00:05.197][info] [#0:script/workspace/loading.lua:100]: Preload file at: file:///home/astor/neovim/nvim/addons/gitsigns.nvim/lua/gitsigns/diff_ext.lua , size = 2.477 KB
[01:00:05.199][info] [#0:script/workspace/loading.lua:100]: Preload file at: file:///home/astor/neovim/nvim/addons/gitsigns.nvim/lua/gitsigns/test.lua , size = 0.777 KB
[01:00:05.201][info] [#0:script/workspace/loading.lua:100]: Preload file at: file:///home/astor/neovim/nvim/addons/gitsigns.nvim/lua/gitsigns/git.lua , size = 7.445 KB
[01:00:05.208][info] [#0:script/workspace/loading.lua:100]: Preload file at: file:///home/astor/neovim/nvim/addons/gitsigns.nvim/lua/gitsigns/debounce.lua , size = 2.207 KB
[01:00:05.211][info] [#0:script/workspace/loading.lua:100]: Preload file at: file:///home/astor/neovim/nvim/addons/gitsigns.nvim/lua/gitsigns/cli.lua , size = 2.739 KB
[01:00:05.214][info] [#0:script/workspace/loading.lua:100]: Preload file at: file:///home/astor/neovim/nvim/addons/gitsigns.nvim/lua/gitsigns/git/repo.lua , size = 17.371 KB
[01:00:05.229][info] [#0:script/workspace/loading.lua:100]: Preload file at: file:///home/astor/neovim/nvim/addons/gitsigns.nvim/lua/gitsigns/git/blame.lua , size = 7.462 KB
[01:00:05.236][info] [#0:script/workspace/loading.lua:100]: Preload file at: file:///home/astor/neovim/nvim/addons/gitsigns.nvim/lua/gitsigns/git/cmd.lua , size = 1.648 KB
[01:00:05.237][info] [#0:script/workspace/loading.lua:100]: Preload file at: file:///home/astor/neovim/nvim/addons/gitsigns.nvim/lua/gitsigns/git/version.lua , size = 2.472 KB
[01:00:05.241][info] [#0:script/workspace/loading.lua:100]: Preload file at: file:///home/astor/neovim/nvim/addons/gitsigns.nvim/lua/gitsigns/git/errors.lua , size = 0.702 KB
[01:00:05.242][info] [#0:script/workspace/loading.lua:100]: Preload file at: file:///home/astor/neovim/nvim/addons/gitsigns.nvim/lua/gitsigns/diff.lua , size = 0.591 KB
[01:00:05.243][info] [#0:script/workspace/loading.lua:100]: Preload file at: file:///home/astor/neovim/nvim/addons/gitsigns.nvim/lua/gitsigns/attach.lua , size = 11.744 KB
[01:00:05.251][info] [#0:script/workspace/loading.lua:100]: Preload file at: file:///home/astor/neovim/nvim/addons/gitsigns.nvim/lua/gitsigns/gh.lua , size = 2.366 KB
[01:00:05.255][info] [#0:script/workspace/loading.lua:100]: Preload file at: file:///home/astor/neovim/nvim/addons/gitsigns.nvim/lua/gitsigns/config.lua , size = 25.600 KB
[01:00:05.270][info] [#0:script/workspace/loading.lua:100]: Preload file at: file:///home/astor/neovim/nvim/addons/gitsigns.nvim/lua/gitsigns/util.lua , size = 10.756 KB
[01:00:05.282][info] [#0:script/workspace/loading.lua:100]: Preload file at: file:///home/astor/neovim/nvim/addons/gitsigns.nvim/lua/gitsigns/status.lua , size = 1.159 KB
[01:00:05.284][info] [#0:script/workspace/loading.lua:100]: Preload file at: file:///home/astor/neovim/nvim/addons/gitsigns.nvim/lua/gitsigns/popup.lua , size = 8.385 KB
[01:00:05.292][info] [#0:script/workspace/loading.lua:100]: Preload file at: file:///home/astor/neovim/nvim/addons/gitsigns.nvim/lua/gitsigns/cache.lua , size = 10.604 KB
[01:00:05.302][info] [#0:script/workspace/loading.lua:100]: Preload file at: file:///home/astor/neovim/nvim/addons/gitsigns.nvim/lua/gitsigns/system/compat.lua , size = 8.787 KB
[01:00:05.310][info] [#0:script/workspace/loading.lua:100]: Preload file at: file:///home/astor/neovim/nvim/addons/gitsigns.nvim/lua/gitsigns/color.lua , size = 1.905 KB
[01:00:05.314][info] [#0:script/workspace/loading.lua:100]: Preload file at: file:///home/astor/neovim/nvim/addons/gitsigns.nvim/lua/gitsigns/actions/blame_line.lua , size = 5.899 KB
[01:00:05.320][info] [#0:script/workspace/loading.lua:100]: Preload file at: file:///home/astor/neovim/nvim/addons/gitsigns.nvim/lua/gitsigns/actions/preview.lua , size = 7.618 KB
[01:00:05.327][info] [#0:script/workspace/loading.lua:100]: Preload file at: file:///home/astor/neovim/nvim/addons/gitsigns.nvim/lua/gitsigns/actions/show_commit.lua , size = 4.775 KB
[01:00:05.332][info] [#0:script/workspace/loading.lua:100]: Preload file at: file:///home/astor/neovim/nvim/addons/gitsigns.nvim/lua/gitsigns/actions/blame.lua , size = 13.260 KB
[01:00:05.345][info] [#0:script/workspace/loading.lua:100]: Preload file at: file:///home/astor/neovim/nvim/addons/gitsigns.nvim/lua/gitsigns/actions/diffthis.lua , size = 7.615 KB
[01:00:05.353][info] [#0:script/workspace/loading.lua:100]: Preload file at: file:///home/astor/neovim/nvim/addons/gitsigns.nvim/lua/gitsigns/actions/nav.lua , size = 4.169 KB
[01:00:05.360][info] [#0:script/workspace/loading.lua:100]: Preload file at: file:///home/astor/neovim/nvim/addons/gitsigns.nvim/lua/gitsigns/actions/qflist.lua , size = 3.750 KB
[01:00:05.364][info] [#0:script/workspace/loading.lua:100]: Preload file at: file:///home/astor/neovim/nvim/addons/gitsigns.nvim/lua/gitsigns/diff_int.lua , size = 5.571 KB
[01:00:05.371][info] [#0:script/workspace/loading.lua:100]: Preload file at: file:///home/astor/neovim/nvim/addons/gitsigns.nvim/lua/gitsigns/system.lua , size = 0.456 KB
[01:00:05.372][info] [#0:script/workspace/loading.lua:100]: Preload file at: file:///home/astor/neovim/nvim/addons/gitsigns.nvim/lua/gitsigns/highlight.lua , size = 8.805 KB
[01:00:05.379][info] [#0:script/workspace/loading.lua:100]: Preload file at: file:///home/astor/neovim/nvim/addons/gitsigns.nvim/lua/gitsigns/current_line_blame.lua , size = 6.775 KB
[01:00:05.385][info] [#0:script/workspace/loading.lua:100]: Preload file at: file:///home/astor/neovim/nvim/addons/gitsigns.nvim/lua/gitsigns/debug/log.lua , size = 4.943 KB
[01:00:05.392][info] [#0:script/workspace/loading.lua:100]: Preload file at: file:///home/astor/neovim/nvim/addons/gitsigns.nvim/lua/gitsigns/signs.lua , size = 3.996 KB
[01:00:05.397][info] [#0:script/workspace/loading.lua:100]: Preload file at: file:///home/astor/neovim/nvim/addons/gitsigns.nvim/lua/gitsigns/hunks.lua , size = 16.024 KB
[01:00:05.411][info] [#0:script/workspace/loading.lua:100]: Preload file at: file:///home/astor/neovim/nvim/addons/gitsigns.nvim/lua/gitsigns/actions.lua , size = 27.548 KB
[01:00:05.430][info] [#0:script/workspace/loading.lua:100]: Preload file at: file:///home/astor/neovim/nvim/addons/gitsigns.nvim/lua/gitsigns/message.lua , size = 0.548 KB
[01:00:05.431][info] [#0:script/workspace/loading.lua:100]: Preload file at: file:///home/astor/neovim/nvim/addons/gitsigns.nvim/lua/gitsigns/repeat.lua , size = 0.587 KB
[01:00:05.432][info] [#0:script/workspace/loading.lua:100]: Preload file at: file:///home/astor/neovim/nvim/addons/gitsigns.nvim/lua/gitsigns.lua , size = 6.770 KB
[01:00:05.437][info] [#0:script/workspace/loading.lua:100]: Preload file at: file:///home/astor/neovim/nvim/addons/gitsigns.nvim/lua/gitsigns/debug.lua , size = 1.159 KB
[01:00:05.439][info] [#0:script/workspace/loading.lua:100]: Preload file at: file:///home/astor/neovim/nvim/addons/lualine.nvim/tests/spec/utils_spec.lua , size = 6.459 KB
[01:00:05.444][info] [#0:script/workspace/loading.lua:100]: Preload file at: file:///home/astor/neovim/nvim/addons/lualine.nvim/tests/spec/config_spec.lua , size = 6.425 KB
[01:00:05.449][info] [#0:script/workspace/loading.lua:100]: Preload file at: file:///home/astor/neovim/nvim/addons/lualine.nvim/tests/spec/lualine_spec.lua , size = 45.145 KB
[01:00:05.464][info] [#0:script/workspace/loading.lua:100]: Preload file at: file:///home/astor/neovim/nvim/addons/lualine.nvim/tests/helpers.lua , size = 2.438 KB
[01:00:05.466][info] [#0:script/workspace/loading.lua:100]: Preload file at: file:///home/astor/neovim/nvim/addons/lualine.nvim/tests/spec/component_spec.lua , size = 31.633 KB
[01:00:05.489][info] [#0:script/workspace/loading.lua:100]: Preload file at: file:///home/astor/neovim/nvim/addons/lualine.nvim/tests/minimal_init.lua , size = 0.296 KB
[01:00:05.491][info] [#0:script/workspace/loading.lua:100]: Preload file at: file:///home/astor/neovim/nvim/addons/lualine.nvim/tests/statusline.lua , size = 6.810 KB
[01:00:05.497][info] [#0:script/workspace/loading.lua:100]: Preload file at: file:///home/astor/neovim/nvim/addons/lualine.nvim/examples/cosmicink.lua , size = 15.874 KB
[01:00:05.508][info] [#0:script/workspace/loading.lua:100]: Preload file at: file:///home/astor/neovim/nvim/addons/lualine.nvim/examples/slanted-gaps.lua , size = 3.161 KB
[01:00:05.510][info] [#0:script/workspace/loading.lua:100]: Preload file at: file:///home/astor/neovim/nvim/addons/lualine.nvim/examples/evil_lualine.lua , size = 5.116 KB
[01:00:05.515][info] [#0:script/workspace/loading.lua:100]: Preload file at: file:///home/astor/neovim/nvim/addons/lualine.nvim/examples/bubbles.lua , size = 1.544 KB
[01:00:05.517][info] [#0:script/workspace/loading.lua:100]: Preload file at: file:///home/astor/neovim/nvim/addons/lualine.nvim/lua/lualine.lua , size = 25.952 KB
[01:00:05.535][info] [#0:script/workspace/loading.lua:100]: Preload file at: file:///home/astor/neovim/nvim/addons/lualine.nvim/lua/lualine/extensions/mundo.lua , size = 0.317 KB
[01:00:05.536][info] [#0:script/workspace/loading.lua:100]: Preload file at: file:///home/astor/neovim/nvim/addons/lualine.nvim/lua/lualine/extensions/nvim-dap-ui.lua , size = 0.294 KB
[01:00:05.537][info] [#0:script/workspace/loading.lua:100]: Preload file at: file:///home/astor/neovim/nvim/addons/lualine.nvim/lua/lualine/extensions/mason.lua , size = 0.519 KB
[01:00:05.538][info] [#0:script/workspace/loading.lua:100]: Preload file at: file:///home/astor/neovim/nvim/addons/lualine.nvim/lua/lualine/extensions/oil.lua , size = 0.294 KB
[01:00:05.538][info] [#0:script/workspace/loading.lua:100]: Preload file at: file:///home/astor/neovim/nvim/addons/lualine.nvim/lua/lualine/extensions/neo-tree.lua , size = 0.231 KB
[01:00:05.539][info] [#0:script/workspace/loading.lua:100]: Preload file at: file:///home/astor/neovim/nvim/addons/lualine.nvim/lua/lualine/extensions/nvim-tree.lua , size = 0.231 KB
[01:00:05.540][info] [#0:script/workspace/loading.lua:100]: Preload file at: file:///home/astor/neovim/nvim/addons/lualine.nvim/lua/lualine/extensions/avante.lua , size = 1.303 KB
[01:00:05.541][info] [#0:script/workspace/loading.lua:100]: Preload file at: file:///home/astor/neovim/nvim/addons/lualine.nvim/lua/lualine/extensions/fern.lua , size = 0.229 KB
[01:00:05.542][info] [#0:script/workspace/loading.lua:100]: Preload file at: file:///home/astor/neovim/nvim/addons/lualine.nvim/lua/lualine/extensions/lazy.lua , size = 0.476 KB
[01:00:05.543][info] [#0:script/workspace/loading.lua:100]: Preload file at: file:///home/astor/neovim/nvim/addons/lualine.nvim/lua/lualine/extensions/overseer.lua , size = 0.225 KB
[01:00:05.544][info] [#0:script/workspace/loading.lua:100]: Preload file at: file:///home/astor/neovim/nvim/addons/lualine.nvim/lua/lualine/extensions/aerial.lua , size = 0.167 KB
[01:00:05.545][info] [#0:script/workspace/loading.lua:100]: Preload file at: file:///home/astor/neovim/nvim/addons/lualine.nvim/lua/lualine/extensions/man.lua , size = 0.239 KB
[01:00:05.545][info] [#0:script/workspace/loading.lua:100]: Preload file at: file:///home/astor/neovim/nvim/addons/lualine.nvim/lua/lualine/extensions/quickfix.lua , size = 0.672 KB
[01:00:05.546][info] [#0:script/workspace/loading.lua:100]: Preload file at: file:///home/astor/neovim/nvim/addons/lualine.nvim/lua/lualine/extensions/symbols-outline.lua , size = 0.174 KB
[01:00:05.547][info] [#0:script/workspace/loading.lua:100]: Preload file at: file:///home/astor/neovim/nvim/addons/lualine.nvim/lua/lualine/extensions/chadtree.lua , size = 0.231 KB
[01:00:05.547][info] [#0:script/workspace/loading.lua:100]: Preload file at: file:///home/astor/neovim/nvim/addons/lualine.nvim/lua/lualine/extensions/toggleterm.lua , size = 0.280 KB
[01:00:05.548][info] [#0:script/workspace/loading.lua:100]: Preload file at: file:///home/astor/neovim/nvim/addons/lualine.nvim/lua/lualine/extensions/fugitive.lua , size = 0.322 KB
[01:00:05.549][info] [#0:script/workspace/loading.lua:100]: Preload file at: file:///home/astor/neovim/nvim/addons/lualine.nvim/lua/lualine/extensions/fzf.lua , size = 0.824 KB
[01:00:05.550][info] [#0:script/workspace/loading.lua:100]: Preload file at: file:///home/astor/neovim/nvim/addons/lualine.nvim/lua/lualine/extensions/nerdtree.lua , size = 0.266 KB
[01:00:05.551][info] [#0:script/workspace/loading.lua:100]: Preload file at: file:///home/astor/neovim/nvim/addons/lualine.nvim/lua/lualine/extensions/assistant.lua , size = 0.566 KB
[01:00:05.552][info] [#0:script/workspace/loading.lua:100]: Preload file at: file:///home/astor/neovim/nvim/addons/lualine.nvim/lua/lualine/extensions/trouble.lua , size = 0.819 KB
[01:00:05.553][info] [#0:script/workspace/loading.lua:100]: Preload file at: file:///home/astor/neovim/nvim/addons/lualine.nvim/lua/lualine/extensions/ctrlspace.lua , size = 0.359 KB
[01:00:05.553][info] [#0:script/workspace/loading.lua:100]: Preload file at: file:///home/astor/neovim/nvim/addons/lualine.nvim/lua/lualine/config.lua , size = 4.822 KB
[01:00:05.558][info] [#0:script/workspace/loading.lua:100]: Preload file at: file:///home/astor/neovim/nvim/addons/lualine.nvim/lua/lualine/component.lua , size = 9.726 KB
[01:00:05.566][info] [#0:script/workspace/loading.lua:100]: Preload file at: file:///home/astor/neovim/nvim/addons/lualine.nvim/lua/lualine/highlight.lua , size = 18.265 KB
[01:00:05.579][info] [#0:script/workspace/loading.lua:100]: Preload file at: file:///home/astor/neovim/nvim/addons/lualine.nvim/lua/lualine/utils/mode.lua , size = 1.239 KB
[01:00:05.580][info] [#0:script/workspace/loading.lua:100]: Preload file at: file:///home/astor/neovim/nvim/addons/lualine.nvim/lua/lualine/utils/class.lua , size = 0.769 KB
[01:00:05.582][info] [#0:script/workspace/loading.lua:100]: Preload file at: file:///home/astor/neovim/nvim/addons/lualine.nvim/lua/lualine/utils/section.lua , size = 4.507 KB
[01:00:05.585][info] [#0:script/workspace/loading.lua:100]: Preload file at: file:///home/astor/neovim/nvim/addons/lualine.nvim/lua/lualine/utils/utils.lua , size = 6.330 KB
[01:00:05.591][info] [#0:script/workspace/loading.lua:100]: Preload file at: file:///home/astor/neovim/nvim/addons/lualine.nvim/lua/lualine/utils/nvim_opts.lua , size = 5.831 KB
[01:00:05.596][info] [#0:script/workspace/loading.lua:100]: Preload file at: file:///home/astor/neovim/nvim/addons/lualine.nvim/lua/lualine/utils/notices.lua , size = 2.561 KB
[01:00:05.600][info] [#0:script/workspace/loading.lua:100]: Preload file at: file:///home/astor/neovim/nvim/addons/lualine.nvim/lua/lualine/utils/color_utils.lua , size = 9.583 KB
[01:00:05.612][info] [#0:script/workspace/loading.lua:100]: Preload file at: file:///home/astor/neovim/nvim/addons/lualine.nvim/lua/lualine/utils/loader.lua , size = 8.713 KB
[01:00:05.619][info] [#0:script/workspace/loading.lua:100]: Preload file at: file:///home/astor/neovim/nvim/addons/lualine.nvim/lua/lualine/utils/fn_store.lua , size = 0.783 KB
[01:00:05.621][info] [#0:script/workspace/loading.lua:100]: Preload file at: file:///home/astor/neovim/nvim/addons/lualine.nvim/lua/lualine/components/mode.lua , size = 0.149 KB
[01:00:05.621][info] [#0:script/workspace/loading.lua:100]: Preload file at: file:///home/astor/neovim/nvim/addons/lualine.nvim/lua/lualine/utils/job.lua , size = 1.456 KB
[01:00:05.623][info] [#0:script/workspace/loading.lua:100]: Preload file at: file:///home/astor/neovim/nvim/addons/lualine.nvim/lua/lualine/components/filename.lua , size = 3.178 KB
[01:00:05.626][info] [#0:script/workspace/loading.lua:100]: Preload file at: file:///home/astor/neovim/nvim/addons/lualine.nvim/lua/lualine/components/encoding.lua , size = 0.689 KB
[01:00:05.627][info] [#0:script/workspace/loading.lua:100]: Preload file at: file:///home/astor/neovim/nvim/addons/lualine.nvim/lua/lualine/components/diff/git_diff.lua , size = 4.064 KB
[01:00:05.631][info] [#0:script/workspace/loading.lua:100]: Preload file at: file:///home/astor/neovim/nvim/addons/lualine.nvim/lua/lualine/components/diff/init.lua , size = 2.854 KB
[01:00:05.634][info] [#0:script/workspace/loading.lua:100]: Preload file at: file:///home/astor/neovim/nvim/addons/lualine.nvim/lua/lualine/components/fileformat.lua , size = 0.665 KB
[01:00:05.635][info] [#0:script/workspace/loading.lua:100]: Preload file at: file:///home/astor/neovim/nvim/addons/lualine.nvim/lua/lualine/components/progress.lua , size = 0.344 KB
[01:00:05.636][info] [#0:script/workspace/loading.lua:100]: Preload file at: file:///home/astor/neovim/nvim/addons/lualine.nvim/lua/lualine/components/tabs/tab.lua , size = 5.368 KB
[01:00:05.642][info] [#0:script/workspace/loading.lua:100]: Preload file at: file:///home/astor/neovim/nvim/addons/lualine.nvim/lua/lualine/components/tabs/init.lua , size = 5.323 KB
[01:00:05.647][info] [#0:script/workspace/loading.lua:100]: Preload file at: file:///home/astor/neovim/nvim/addons/lualine.nvim/lua/lualine/components/filesize.lua , size = 0.529 KB
[01:00:05.649][info] [#0:script/workspace/loading.lua:100]: Preload file at: file:///home/astor/neovim/nvim/addons/lualine.nvim/lua/lualine/components/searchcount.lua , size = 0.741 KB
[01:00:05.651][info] [#0:script/workspace/loading.lua:100]: Preload file at: file:///home/astor/neovim/nvim/addons/lualine.nvim/lua/lualine/components/buffers/buffer.lua , size = 6.151 KB
[01:00:05.658][info] [#0:script/workspace/loading.lua:100]: Preload file at: file:///home/astor/neovim/nvim/addons/lualine.nvim/lua/lualine/components/buffers/init.lua , size = 6.513 KB
[01:00:05.665][info] [#0:script/workspace/loading.lua:100]: Preload file at: file:///home/astor/neovim/nvim/addons/lualine.nvim/lua/lualine/components/branch/git_branch.lua , size = 4.804 KB
[01:00:05.669][info] [#0:script/workspace/loading.lua:100]: Preload file at: file:///home/astor/neovim/nvim/addons/lualine.nvim/lua/lualine/components/branch/init.lua , size = 0.704 KB
[01:00:05.670][info] [#0:script/workspace/loading.lua:100]: Preload file at: file:///home/astor/neovim/nvim/addons/lualine.nvim/lua/lualine/components/location.lua , size = 0.234 KB
[01:00:05.671][info] [#0:script/workspace/loading.lua:100]: Preload file at: file:///home/astor/neovim/nvim/addons/lualine.nvim/lua/lualine/components/diagnostics/config.lua , size = 1.546 KB
[01:00:05.672][info] [#0:script/workspace/loading.lua:100]: Preload file at: file:///home/astor/neovim/nvim/addons/lualine.nvim/lua/lualine/components/diagnostics/sources.lua , size = 3.594 KB
[01:00:05.676][info] [#0:script/workspace/loading.lua:100]: Preload file at: file:///home/astor/neovim/nvim/addons/lualine.nvim/lua/lualine/components/diagnostics/init.lua , size = 4.185 KB
[01:00:05.681][info] [#0:script/workspace/loading.lua:100]: Preload file at: file:///home/astor/neovim/nvim/addons/lualine.nvim/lua/lualine/components/datetime.lua , size = 0.786 KB
[01:00:05.682][info] [#0:script/workspace/loading.lua:100]: Preload file at: file:///home/astor/neovim/nvim/addons/lualine.nvim/lua/lualine/components/filetype.lua , size = 2.306 KB
[01:00:05.685][info] [#0:script/workspace/loading.lua:100]: Preload file at: file:///home/astor/neovim/nvim/addons/lualine.nvim/lua/lualine/components/special/function_component.lua , size = 0.504 KB
[01:00:05.686][info] [#0:script/workspace/loading.lua:100]: Preload file at: file:///home/astor/neovim/nvim/addons/lualine.nvim/lua/lualine/components/special/vim_var_component.lua , size = 1.158 KB
[01:00:05.687][info] [#0:script/workspace/loading.lua:100]: Preload file at: file:///home/astor/neovim/nvim/addons/lualine.nvim/lua/lualine/components/special/eval_func_component.lua , size = 1.241 KB
[01:00:05.689][info] [#0:script/workspace/loading.lua:100]: Preload file at: file:///home/astor/neovim/nvim/addons/lualine.nvim/lua/lualine/components/lsp_status.lua , size = 3.406 KB
[01:00:05.693][info] [#0:script/workspace/loading.lua:100]: Preload file at: file:///home/astor/neovim/nvim/addons/lualine.nvim/lua/lualine/components/selectioncount.lua , size = 0.544 KB
[01:00:05.694][info] [#0:script/workspace/loading.lua:100]: Preload file at: file:///home/astor/neovim/nvim/addons/lualine.nvim/lua/lualine/components/hostname.lua , size = 0.276 KB
[01:00:05.695][info] [#0:script/workspace/loading.lua:100]: Preload file at: file:///home/astor/neovim/nvim/addons/lualine.nvim/lua/lualine/components/windows/window.lua , size = 0.963 KB
[01:00:05.696][info] [#0:script/workspace/loading.lua:100]: Preload file at: file:///home/astor/neovim/nvim/addons/lualine.nvim/lua/lualine/components/windows/init.lua , size = 2.050 KB
[01:00:05.698][info] [#0:script/workspace/loading.lua:100]: Preload file at: file:///home/astor/neovim/nvim/addons/lualine.nvim/lua/lualine/themes/palenight.lua , size = 1.402 KB
[01:00:05.700][info] [#0:script/workspace/loading.lua:100]: Preload file at: file:///home/astor/neovim/nvim/addons/lualine.nvim/lua/lualine/themes/material.lua , size = 1.107 KB
[01:00:05.701][info] [#0:script/workspace/loading.lua:100]: Preload file at: file:///home/astor/neovim/nvim/addons/lualine.nvim/lua/lualine/themes/OceanicNext.lua , size = 1.363 KB
[01:00:05.702][info] [#0:script/workspace/loading.lua:100]: Preload file at: file:///home/astor/neovim/nvim/addons/lualine.nvim/lua/lualine/themes/solarized.lua , size = 0.237 KB
[01:00:05.704][info] [#0:script/workspace/loading.lua:100]: Preload file at: file:///home/astor/neovim/nvim/addons/lualine.nvim/lua/lualine/themes/pywal.lua , size = 1.709 KB
[01:00:05.705][info] [#0:script/workspace/loading.lua:100]: Preload file at: file:///home/astor/neovim/nvim/addons/lualine.nvim/lua/lualine/themes/gruvbox_light.lua , size = 1.496 KB
[01:00:05.707][info] [#0:script/workspace/loading.lua:100]: Preload file at: file:///home/astor/neovim/nvim/addons/lualine.nvim/lua/lualine/themes/powerline_dark.lua , size = 1.764 KB
[01:00:05.709][info] [#0:script/workspace/loading.lua:100]: Preload file at: file:///home/astor/neovim/nvim/addons/lualine.nvim/lua/lualine/themes/iceberg_light.lua , size = 1.216 KB
[01:00:05.710][info] [#0:script/workspace/loading.lua:100]: Preload file at: file:///home/astor/neovim/nvim/addons/lualine.nvim/lua/lualine/themes/everforest.lua , size = 1.512 KB
[01:00:05.712][info] [#0:script/workspace/loading.lua:100]: Preload file at: file:///home/astor/neovim/nvim/addons/lualine.nvim/lua/lualine/themes/jellybeans.lua , size = 1.238 KB
[01:00:05.713][info] [#0:script/workspace/loading.lua:100]: Preload file at: file:///home/astor/neovim/nvim/addons/lualine.nvim/lua/lualine/themes/PaperColor.lua , size = 0.215 KB
[01:00:05.714][info] [#0:script/workspace/loading.lua:100]: Preload file at: file:///home/astor/neovim/nvim/addons/lualine.nvim/lua/lualine/themes/iceberg_dark.lua , size = 1.265 KB
[01:00:05.715][info] [#0:script/workspace/loading.lua:100]: Preload file at: file:///home/astor/neovim/nvim/addons/lualine.nvim/lua/lualine/themes/ayu_dark.lua , size = 1.213 KB
[01:00:05.717][info] [#0:script/workspace/loading.lua:100]: Preload file at: file:///home/astor/neovim/nvim/addons/lualine.nvim/lua/lualine/themes/molokai.lua , size = 0.930 KB
[01:00:05.718][info] [#0:script/workspace/loading.lua:100]: Preload file at: file:///home/astor/neovim/nvim/addons/lualine.nvim/lua/lualine/themes/auto.lua , size = 5.893 KB
[01:00:05.722][info] [#0:script/workspace/loading.lua:100]: Preload file at: file:///home/astor/neovim/nvim/addons/lualine.nvim/lua/lualine/themes/papercolor_dark.lua , size = 1.580 KB
[01:00:05.724][info] [#0:script/workspace/loading.lua:100]: Preload file at: file:///home/astor/neovim/nvim/addons/lualine.nvim/lua/lualine/themes/modus-vivendi.lua , size = 1.515 KB
[01:00:05.725][info] [#0:script/workspace/loading.lua:100]: Preload file at: file:///home/astor/neovim/nvim/addons/lualine.nvim/lua/lualine/themes/wombat.lua , size = 1.110 KB
[01:00:05.726][info] [#0:script/workspace/loading.lua:100]: Preload file at: file:///home/astor/neovim/nvim/addons/lualine.nvim/lua/lualine/themes/solarized_dark.lua , size = 1.124 KB
[01:00:05.727][info] [#0:script/workspace/loading.lua:100]: Preload file at: file:///home/astor/neovim/nvim/addons/lualine.nvim/lua/lualine/themes/Tomorrow.lua , size = 1.283 KB
[01:00:05.729][info] [#0:script/workspace/loading.lua:100]: Preload file at: file:///home/astor/neovim/nvim/addons/lualine.nvim/lua/lualine/themes/solarized_light.lua , size = 1.124 KB
[01:00:05.731][info] [#0:script/workspace/loading.lua:100]: Preload file at: file:///home/astor/neovim/nvim/addons/lualine.nvim/lua/lualine/themes/seoul256.lua , size = 1.237 KB
[01:00:05.732][info] [#0:script/workspace/loading.lua:100]: Preload file at: file:///home/astor/neovim/nvim/addons/lualine.nvim/lua/lualine/themes/base16.lua , size = 3.618 KB
[01:00:05.735][info] [#0:script/workspace/loading.lua:100]: Preload file at: file:///home/astor/neovim/nvim/addons/lualine.nvim/lua/lualine/themes/gruvbox_dark.lua , size = 1.513 KB
[01:00:05.736][info] [#0:script/workspace/loading.lua:100]: Preload file at: file:///home/astor/neovim/nvim/addons/lualine.nvim/lua/lualine/themes/ayu_mirage.lua , size = 1.213 KB
[01:00:05.737][info] [#0:script/workspace/loading.lua:100]: Preload file at: file:///home/astor/neovim/nvim/addons/lualine.nvim/lua/lualine/themes/gruvbox-material.lua , size = 0.947 KB
[01:00:05.739][info] [#0:script/workspace/loading.lua:100]: Preload file at: file:///home/astor/neovim/nvim/addons/lualine.nvim/lua/lualine/themes/onedark.lua , size = 1.123 KB
[01:00:05.740][info] [#0:script/workspace/loading.lua:100]: Preload file at: file:///home/astor/neovim/nvim/addons/lualine.nvim/lua/lualine/themes/iceberg.lua , size = 0.235 KB
[01:00:05.741][info] [#0:script/workspace/loading.lua:100]: Preload file at: file:///home/astor/neovim/nvim/addons/lualine.nvim/lua/lualine/themes/ayu_light.lua , size = 1.213 KB
[01:00:05.742][info] [#0:script/workspace/loading.lua:100]: Preload file at: file:///home/astor/neovim/nvim/addons/lualine.nvim/lua/lualine/themes/papercolor_light.lua , size = 1.508 KB
[01:00:05.743][info] [#0:script/workspace/loading.lua:100]: Preload file at: file:///home/astor/neovim/nvim/addons/lualine.nvim/lua/lualine/themes/gruvbox.lua , size = 0.235 KB
[01:00:05.744][info] [#0:script/workspace/loading.lua:100]: Preload file at: file:///home/astor/neovim/nvim/addons/lualine.nvim/lua/lualine/themes/onelight.lua , size = 1.030 KB
[01:00:05.745][info] [#0:script/workspace/loading.lua:100]: Preload file at: file:///home/astor/neovim/nvim/addons/lualine.nvim/lua/lualine/themes/codedark.lua , size = 1.086 KB
[01:00:05.747][info] [#0:script/workspace/loading.lua:100]: Preload file at: file:///home/astor/neovim/nvim/addons/lualine.nvim/lua/lualine/themes/nord.lua , size = 0.861 KB
[01:00:05.748][info] [#0:script/workspace/loading.lua:100]: Preload file at: file:///home/astor/neovim/nvim/addons/lualine.nvim/lua/lualine/themes/dracula.lua , size = 1.485 KB
[01:00:05.749][info] [#0:script/workspace/loading.lua:100]: Preload file at: file:///home/astor/neovim/nvim/addons/lualine.nvim/lua/lualine/themes/moonfly.lua , size = 1.120 KB
[01:00:05.751][info] [#0:script/workspace/loading.lua:100]: Preload file at: file:///home/astor/neovim/nvim/addons/lualine.nvim/lua/lualine/themes/tomorrow_night.lua , size = 0.976 KB
[01:00:05.752][info] [#0:script/workspace/loading.lua:100]: Preload file at: file:///home/astor/neovim/nvim/addons/lualine.nvim/lua/lualine/themes/powerline.lua , size = 1.343 KB
[01:00:05.753][info] [#0:script/workspace/loading.lua:100]: Preload file at: file:///home/astor/neovim/nvim/addons/lualine.nvim/lua/lualine/themes/nightfly.lua , size = 1.064 KB
[01:00:05.755][info] [#0:script/workspace/loading.lua:100]: Preload file at: file:///home/astor/neovim/nvim/addons/lualine.nvim/lua/lualine/themes/ayu.lua , size = 0.334 KB
[01:00:05.756][info] [#0:script/workspace/loading.lua:100]: Preload file at: file:///home/astor/neovim/nvim/addons/lualine.nvim/lua/lualine/themes/horizon.lua , size = 1.527 KB
[01:00:05.757][info] [#0:script/workspace/loading.lua:100]: Preload file at: file:///home/astor/neovim/nvim/addons/lualine.nvim/lua/lualine/themes/16color.lua , size = 1.104 KB
[01:00:05.758][info] [#0:script/workspace/loading.lua:100]: Preload file at: file:///home/astor/neovim/nvim/addons/lualine.nvim/lua/lualine_require.lua , size = 3.219 KB
[01:00:05.762][info] [#0:script/workspace/loading.lua:100]: Preload file at: file:///home/astor/neovim/nvim/addons/neogen/tests/neogen/lua_emmylua_spec.lua , size = 0.632 KB
[01:00:05.763][info] [#0:script/workspace/loading.lua:100]: Preload file at: file:///home/astor/neovim/nvim/addons/neogen/tests/neogen/java_javadoc_spec.lua , size = 0.816 KB
[01:00:05.764][info] [#0:script/workspace/loading.lua:100]: Preload file at: file:///home/astor/neovim/nvim/addons/neogen/tests/neogen/julia_julia_spec.lua , size = 4.854 KB
[01:00:05.766][info] [#0:script/workspace/loading.lua:100]: Preload file at: file:///home/astor/neovim/nvim/addons/neogen/tests/neogen/python_google_spec.lua , size = 22.144 KB
[01:00:05.773][info] [#0:script/workspace/loading.lua:100]: Preload file at: file:///home/astor/neovim/nvim/addons/neogen/tests/utils/specs.lua , size = 1.732 KB
[01:00:05.774][info] [#0:script/workspace/loading.lua:100]: Preload file at: file:///home/astor/neovim/nvim/addons/neogen/tests/utils/textmate.lua , size = 1.797 KB
[01:00:05.776][info] [#0:script/workspace/loading.lua:100]: Preload file at: file:///home/astor/neovim/nvim/addons/neogen/tests/minimal_init.lua , size = 0.787 KB
[01:00:05.778][info] [#0:script/workspace/loading.lua:100]: Preload file at: file:///home/astor/neovim/nvim/addons/neogen/scripts/minidoc.lua , size = 0.190 KB
[01:00:05.778][info] [#0:script/workspace/loading.lua:100]: Preload file at: file:///home/astor/neovim/nvim/addons/neogen/scripts/get_version.lua , size = 0.032 KB
[01:00:05.779][info] [#0:script/workspace/loading.lua:100]: Preload file at: file:///home/astor/neovim/nvim/addons/neogen/lua/neogen/configurations/vue.lua , size = 0.050 KB
[01:00:05.779][info] [#0:script/workspace/loading.lua:100]: Preload file at: file:///home/astor/neovim/nvim/addons/neogen/lua/neogen/configurations/c.lua , size = 5.635 KB
[01:00:05.783][info] [#0:script/workspace/loading.lua:100]: Preload file at: file:///home/astor/neovim/nvim/addons/neogen/lua/neogen/configurations/php.lua , size = 3.755 KB
[01:00:05.784][info] [#0:script/workspace/loading.lua:100]: Preload file at: file:///home/astor/neovim/nvim/addons/neogen/lua/neogen/configurations/python.lua , size = 21.250 KB
[01:00:05.794][info] [#0:script/workspace/loading.lua:100]: Preload file at: file:///home/astor/neovim/nvim/addons/neogen/lua/neogen/configurations/java.lua , size = 5.425 KB
[01:00:05.798][info] [#0:script/workspace/loading.lua:100]: Preload file at: file:///home/astor/neovim/nvim/addons/neogen/lua/neogen/configurations/julia.lua , size = 10.041 KB
[01:00:05.801][info] [#0:script/workspace/loading.lua:100]: Preload file at: file:///home/astor/neovim/nvim/addons/neogen/lua/neogen/configurations/kotlin.lua , size = 3.323 KB
[01:00:05.803][info] [#0:script/workspace/loading.lua:100]: Preload file at: file:///home/astor/neovim/nvim/addons/neogen/lua/neogen/configurations/cpp.lua , size = 0.983 KB
[01:00:05.804][info] [#0:script/workspace/loading.lua:100]: Preload file at: file:///home/astor/neovim/nvim/addons/neogen/lua/neogen/configurations/lua.lua , size = 4.832 KB
[01:00:05.807][info] [#0:script/workspace/loading.lua:100]: Preload file at: file:///home/astor/neovim/nvim/addons/neogen/lua/neogen/configurations/cs.lua , size = 6.271 KB
[01:00:05.809][info] [#0:script/workspace/loading.lua:100]: Preload file at: file:///home/astor/neovim/nvim/addons/neogen/lua/neogen/configurations/typescript.lua , size = 7.979 KB
[01:00:05.813][info] [#0:script/workspace/loading.lua:100]: Preload file at: file:///home/astor/neovim/nvim/addons/neogen/lua/neogen/configurations/go.lua , size = 3.795 KB
[01:00:05.814][info] [#0:script/workspace/loading.lua:100]: Preload file at: file:///home/astor/neovim/nvim/addons/neogen/lua/neogen/configurations/javascriptreact.lua , size = 0.050 KB
[01:00:05.815][info] [#0:script/workspace/loading.lua:100]: Preload file at: file:///home/astor/neovim/nvim/addons/neogen/lua/neogen/configurations/sh.lua , size = 2.002 KB
[01:00:05.816][info] [#0:script/workspace/loading.lua:100]: Preload file at: file:///home/astor/neovim/nvim/addons/neogen/lua/neogen/configurations/javascript.lua , size = 5.258 KB
[01:00:05.819][info] [#0:script/workspace/loading.lua:100]: Preload file at: file:///home/astor/neovim/nvim/addons/neogen/lua/neogen/configurations/typescriptreact.lua , size = 0.050 KB
[01:00:05.820][info] [#0:script/workspace/loading.lua:100]: Preload file at: file:///home/astor/neovim/nvim/addons/neogen/lua/neogen/configurations/rust.lua , size = 3.790 KB
[01:00:05.821][info] [#0:script/workspace/loading.lua:100]: Preload file at: file:///home/astor/neovim/nvim/addons/neogen/lua/neogen/configurations/ruby.lua , size = 2.183 KB
[01:00:05.823][info] [#0:script/workspace/loading.lua:100]: Preload file at: file:///home/astor/neovim/nvim/addons/neogen/lua/neogen/types/template.lua , size = 0.681 KB
[01:00:05.823][info] [#0:script/workspace/loading.lua:100]: Preload file at: file:///home/astor/neovim/nvim/addons/neogen/lua/neogen/generator.lua , size = 13.312 KB
[01:00:05.833][info] [#0:script/workspace/loading.lua:100]: Preload file at: file:///home/astor/neovim/nvim/addons/neogen/lua/neogen/config.lua , size = 0.836 KB
[01:00:05.834][info] [#0:script/workspace/loading.lua:100]: Preload file at: file:///home/astor/neovim/nvim/addons/neogen/lua/neogen/templates/julia.lua , size = 1.045 KB
[01:00:05.835][info] [#0:script/workspace/loading.lua:100]: Preload file at: file:///home/astor/neovim/nvim/addons/neogen/lua/neogen/templates/javadoc.lua , size = 0.528 KB
[01:00:05.836][info] [#0:script/workspace/loading.lua:100]: Preload file at: file:///home/astor/neovim/nvim/addons/neogen/lua/neogen/templates/yard.lua , size = 0.301 KB
[01:00:05.837][info] [#0:script/workspace/loading.lua:100]: Preload file at: file:///home/astor/neovim/nvim/addons/neogen/lua/neogen/templates/rust_alternative.lua , size = 0.469 KB
[01:00:05.838][info] [#0:script/workspace/loading.lua:100]: Preload file at: file:///home/astor/neovim/nvim/addons/neogen/lua/neogen/templates/tomdoc.lua , size = 0.327 KB
[01:00:05.838][info] [#0:script/workspace/loading.lua:100]: Preload file at: file:///home/astor/neovim/nvim/addons/neogen/lua/neogen/templates/doxygen.lua , size = 0.890 KB
[01:00:05.840][info] [#0:script/workspace/loading.lua:100]: Preload file at: file:///home/astor/neovim/nvim/addons/neogen/lua/neogen/templates/google_bash.lua , size = 0.840 KB
[01:00:05.842][info] [#0:script/workspace/loading.lua:100]: Preload file at: file:///home/astor/neovim/nvim/addons/neogen/lua/neogen/templates/numpydoc.lua , size = 1.575 KB
[01:00:05.843][info] [#0:script/workspace/loading.lua:100]: Preload file at: file:///home/astor/neovim/nvim/addons/neogen/lua/neogen/templates/emmylua.lua , size = 0.724 KB
[01:00:05.844][info] [#0:script/workspace/loading.lua:100]: Preload file at: file:///home/astor/neovim/nvim/addons/neogen/lua/neogen/templates/xmldoc.lua , size = 0.555 KB
[01:00:05.845][info] [#0:script/workspace/loading.lua:100]: Preload file at: file:///home/astor/neovim/nvim/addons/neogen/lua/neogen/templates/godoc.lua , size = 0.222 KB
[01:00:05.846][info] [#0:script/workspace/loading.lua:100]: Preload file at: file:///home/astor/neovim/nvim/addons/neogen/lua/neogen/templates/kdoc.lua , size = 0.042 KB
[01:00:05.846][info] [#0:script/workspace/loading.lua:100]: Preload file at: file:///home/astor/neovim/nvim/addons/neogen/lua/neogen/templates/google_docstrings.lua , size = 1.446 KB
[01:00:05.848][info] [#0:script/workspace/loading.lua:100]: Preload file at: file:///home/astor/neovim/nvim/addons/neogen/lua/neogen/templates/jsdoc.lua , size = 1.065 KB
[01:00:05.850][info] [#0:script/workspace/loading.lua:100]: Preload file at: file:///home/astor/neovim/nvim/addons/neogen/lua/neogen/templates/reST.lua , size = 1.062 KB
[01:00:05.851][info] [#0:script/workspace/loading.lua:100]: Preload file at: file:///home/astor/neovim/nvim/addons/neogen/lua/neogen/templates/tsdoc.lua , size = 1.093 KB
[01:00:05.852][info] [#0:script/workspace/loading.lua:100]: Preload file at: file:///home/astor/neovim/nvim/addons/neogen/lua/neogen/templates/rustdoc.lua , size = 0.253 KB
[01:00:05.853][info] [#0:script/workspace/loading.lua:100]: Preload file at: file:///home/astor/neovim/nvim/addons/neogen/lua/neogen/templates/phpdoc.lua , size = 0.699 KB
[01:00:05.854][info] [#0:script/workspace/loading.lua:100]: Preload file at: file:///home/astor/neovim/nvim/addons/neogen/lua/neogen/templates/ldoc.lua , size = 0.262 KB
[01:00:05.855][info] [#0:script/workspace/loading.lua:100]: Preload file at: file:///home/astor/neovim/nvim/addons/neogen/lua/neogen/templates/rdoc.lua , size = 0.471 KB
[01:00:05.855][info] [#0:script/workspace/loading.lua:100]: Preload file at: file:///home/astor/neovim/nvim/addons/neogen/lua/neogen/mark.lua , size = 4.325 KB
[01:00:05.860][info] [#0:script/workspace/loading.lua:100]: Preload file at: file:///home/astor/neovim/nvim/addons/neogen/lua/neogen/utilities/autocmd.lua , size = 1.838 KB
[01:00:05.862][info] [#0:script/workspace/loading.lua:100]: Preload file at: file:///home/astor/neovim/nvim/addons/neogen/lua/neogen/utilities/helpers.lua , size = 2.021 KB
[01:00:05.864][info] [#0:script/workspace/loading.lua:100]: Preload file at: file:///home/astor/neovim/nvim/addons/neogen/lua/neogen/utilities/nodes.lua , size = 3.827 KB
[01:00:05.867][info] [#0:script/workspace/loading.lua:100]: Preload file at: file:///home/astor/neovim/nvim/addons/neogen/lua/neogen/utilities/extractors.lua , size = 0.963 KB
[01:00:05.868][info] [#0:script/workspace/loading.lua:100]: Preload file at: file:///home/astor/neovim/nvim/addons/neogen/lua/neogen/granulator.lua , size = 1.488 KB
[01:00:05.870][info] [#0:script/workspace/loading.lua:100]: Preload file at: file:///home/astor/neovim/nvim/addons/neogen/lua/neogen/snippet.lua , size = 5.870 KB
[01:00:05.874][info] [#0:script/workspace/loading.lua:100]: Preload file at: file:///home/astor/neovim/nvim/addons/neogen/lua/neogen/template.lua , size = 8.020 KB
[01:00:05.879][info] [#0:script/workspace/loading.lua:100]: Preload file at: file:///home/astor/neovim/nvim/addons/neogen/lua/neogen/locators/lua.lua , size = 1.024 KB
[01:00:05.880][info] [#0:script/workspace/loading.lua:100]: Preload file at: file:///home/astor/neovim/nvim/addons/neogen/lua/neogen/locators/typescript.lua , size = 0.753 KB
[01:00:05.881][info] [#0:script/workspace/loading.lua:100]: Preload file at: file:///home/astor/neovim/nvim/addons/neogen/lua/neogen/locators/default.lua , size = 1.129 KB
[01:00:05.882][info] [#0:script/workspace/loading.lua:100]: Preload file at: file:///home/astor/neovim/nvim/addons/neogen/lua/neogen/init.lua , size = 11.647 KB
[01:00:05.887][info] [#0:script/workspace/loading.lua:100]: Preload file at: file:///home/astor/neovim/nvim/addons/nvim-web-devicons/scripts/generate.lua , size = 4.682 KB
[01:00:05.891][info] [#0:script/workspace/loading.lua:100]: Preload file at: file:///home/astor/neovim/nvim/addons/nvim-web-devicons/scripts/sort_filetypes.lua , size = 0.381 KB
[01:00:05.892][info] [#0:script/workspace/loading.lua:100]: Preload file at: file:///home/astor/neovim/nvim/addons/nvim-web-devicons/scripts/align.lua , size = 1.153 KB
[01:00:05.894][info] [#0:script/workspace/loading.lua:100]: Preload file at: file:///home/astor/neovim/nvim/addons/nvim-web-devicons/lua/nvim-web-devicons.lua , size = 12.511 KB
[01:00:05.902][info] [#0:script/workspace/loading.lua:100]: Preload file at: file:///home/astor/neovim/nvim/addons/nvim-web-devicons/lua/nvim-web-devicons/light/icons_by_window_manager.lua , size = 1.365 KB
[01:00:05.904][info] [#0:script/workspace/loading.lua:100]: Preload file at: file:///home/astor/neovim/nvim/addons/nvim-web-devicons/lua/nvim-web-devicons/light/icons_by_filename.lua , size = 26.458 KB
[01:00:05.916][info] [#0:script/workspace/loading.lua:100]: Preload file at: file:///home/astor/neovim/nvim/addons/nvim-web-devicons/lua/nvim-web-devicons/light/icons_by_operating_system.lua , size = 6.715 KB
[01:00:05.920][info] [#0:script/workspace/loading.lua:100]: Preload file at: file:///home/astor/neovim/nvim/addons/nvim-web-devicons/lua/nvim-web-devicons/light/icons_by_desktop_environment.lua , size = 0.894 KB
[01:00:05.921][info] [#0:script/workspace/loading.lua:100]: Preload file at: file:///home/astor/neovim/nvim/addons/nvim-web-devicons/lua/nvim-web-devicons/light/icons_by_file_extension.lua , size = 56.010 KB
[01:00:05.950][info] [#0:script/workspace/loading.lua:100]: Preload file at: file:///home/astor/neovim/nvim/addons/nvim-web-devicons/lua/nvim-web-devicons/filetypes.lua , size = 4.984 KB
[01:00:05.953][info] [#0:script/workspace/loading.lua:100]: Preload file at: file:///home/astor/neovim/nvim/addons/nvim-web-devicons/lua/nvim-web-devicons/default/icons_by_filename.lua , size = 26.357 KB
[01:00:05.966][info] [#0:script/workspace/loading.lua:100]: Preload file at: file:///home/astor/neovim/nvim/addons/nvim-web-devicons/lua/nvim-web-devicons/default/icons_by_window_manager.lua , size = 1.259 KB
[01:00:05.967][info] [#0:script/workspace/loading.lua:100]: Preload file at: file:///home/astor/neovim/nvim/addons/nvim-web-devicons/lua/nvim-web-devicons/default/icons_by_operating_system.lua , size = 6.606 KB
[01:00:05.972][info] [#0:script/workspace/loading.lua:100]: Preload file at: file:///home/astor/neovim/nvim/addons/nvim-web-devicons/lua/nvim-web-devicons/default/icons_by_file_extension.lua , size = 55.903 KB
[01:00:06.001][info] [#0:script/workspace/loading.lua:100]: Preload file at: file:///home/astor/neovim/nvim/addons/nvim-web-devicons/lua/nvim-web-devicons/default/icons_by_desktop_environment.lua , size = 0.782 KB
[01:00:06.002][info] [#0:script/workspace/loading.lua:100]: Preload file at: file:///home/astor/neovim/nvim/addons/nvim-web-devicons/lua/nvim-web-devicons/icons-default.lua , size = 0.447 KB
[01:00:06.002][info] [#0:script/workspace/loading.lua:100]: Preload file at: file:///home/astor/neovim/nvim/addons/nvim-web-devicons/lua/nvim-web-devicons/hi-test.lua , size = 4.874 KB
[01:00:06.008][info] [#0:script/workspace/loading.lua:100]: Preload file at: file:///home/astor/neovim/nvim/addons/marks.nvim/lua/marks/bookmark.lua , size = 9.111 KB
[01:00:06.016][info] [#0:script/workspace/loading.lua:100]: Preload file at: file:///home/astor/neovim/nvim/addons/nvim-web-devicons/lua/nvim-web-devicons/icons-light.lua , size = 0.438 KB
[01:00:06.017][info] [#0:script/workspace/loading.lua:100]: Preload file at: file:///home/astor/neovim/nvim/addons/marks.nvim/lua/marks/utils.lua , size = 2.253 KB
[01:00:06.020][info] [#0:script/workspace/loading.lua:100]: Preload file at: file:///home/astor/neovim/nvim/addons/marks.nvim/lua/marks/mark.lua , size = 10.057 KB
[01:00:06.030][info] [#0:script/workspace/loading.lua:100]: Preload file at: file:///home/astor/neovim/nvim/addons/marks.nvim/lua/marks/init.lua , size = 6.522 KB
[01:00:06.037][info] [#0:script/workspace/loading.lua:100]: Preload file at: file:///home/astor/neovim/nvim/addons/coc.nvim/doc/coc-example-config.lua , size = 7.513 KB
[01:00:06.041][info] [#0:script/workspace/loading.lua:100]: Preload file at: file:///home/astor/neovim/nvim/addons/coc.nvim/plugin/coc.lua , size = 0.318 KB
[01:00:06.042][info] [#0:script/workspace/loading.lua:100]: Preload file at: file:///home/astor/neovim/nvim/addons/coc.nvim/lua/coc/diagnostic.lua , size = 0.972 KB
[01:00:06.044][info] [#0:script/workspace/loading.lua:100]: Preload file at: file:///home/astor/neovim/nvim/addons/coc.nvim/lua/coc/vtext.lua , size = 3.663 KB
[01:00:06.048][info] [#0:script/workspace/loading.lua:100]: Preload file at: file:///home/astor/neovim/nvim/addons/coc.nvim/lua/coc/util.lua , size = 1.025 KB
[01:00:06.051][info] [#0:script/workspace/loading.lua:100]: Preload file at: file:///home/astor/neovim/nvim/addons/coc.nvim/lua/coc/highlight.lua , size = 14.115 KB
[01:00:06.065][info] [#0:script/workspace/loading.lua:100]: Preload file at: file:///home/astor/neovim/nvim/addons/coc.nvim/lua/coc/text.lua , size = 12.111 KB
[01:00:06.076][info] [#0:script/workspace/loading.lua:100]: Preload file at: file:///home/astor/neovim/nvim/addons/telescope.nvim/plugin/telescope.lua , size = 6.448 KB
[01:00:06.081][info] [#0:script/workspace/loading.lua:100]: Preload file at: file:///home/astor/neovim/nvim/addons/telescope.nvim/scripts/gendocs.lua , size = 1.347 KB
[01:00:06.082][info] [#0:script/workspace/loading.lua:100]: Preload file at: file:///home/astor/neovim/nvim/addons/telescope.nvim/ftplugin/TelescopePrompt.lua , size = 0.344 KB
[01:00:06.083][info] [#0:script/workspace/loading.lua:100]: Preload file at: file:///home/astor/neovim/nvim/addons/telescope.nvim/ftplugin/TelescopeResults.lua , size = 0.139 KB
[01:00:06.084][info] [#0:script/workspace/loading.lua:100]: Preload file at: file:///home/astor/neovim/nvim/addons/telescope.nvim/lua/tests/automated/command_spec.lua , size = 3.155 KB
[01:00:06.086][info] [#0:script/workspace/loading.lua:100]: Preload file at: file:///home/astor/neovim/nvim/addons/telescope.nvim/lua/tests/automated/linked_list_spec.lua , size = 2.893 KB
[01:00:06.089][info] [#0:script/workspace/loading.lua:100]: Preload file at: file:///home/astor/neovim/nvim/addons/telescope.nvim/lua/tests/automated/entry_manager_spec.lua , size = 5.007 KB
[01:00:06.093][info] [#0:script/workspace/loading.lua:100]: Preload file at: file:///home/astor/neovim/nvim/addons/telescope.nvim/lua/tests/automated/layout_strategies_spec.lua , size = 3.916 KB
[01:00:06.096][info] [#0:script/workspace/loading.lua:100]: Preload file at: file:///home/astor/neovim/nvim/addons/telescope.nvim/lua/tests/automated/pickers/live_grep_spec.lua , size = 1.212 KB
[01:00:06.097][info] [#0:script/workspace/loading.lua:100]: Preload file at: file:///home/astor/neovim/nvim/addons/telescope.nvim/lua/tests/automated/pickers/find_files_spec.lua , size = 3.845 KB
[01:00:06.100][info] [#0:script/workspace/loading.lua:100]: Preload file at: file:///home/astor/neovim/nvim/addons/telescope.nvim/lua/tests/automated/entry_display_spec.lua , size = 1.850 KB
[01:00:06.101][info] [#0:script/workspace/loading.lua:100]: Preload file at: file:///home/astor/neovim/nvim/addons/telescope.nvim/lua/tests/automated/resolver_spec.lua , size = 7.146 KB
[01:00:06.108][info] [#0:script/workspace/loading.lua:100]: Preload file at: file:///home/astor/neovim/nvim/addons/telescope.nvim/lua/tests/automated/utils_spec.lua , size = 11.372 KB
[01:00:06.116][info] [#0:script/workspace/loading.lua:100]: Preload file at: file:///home/astor/neovim/nvim/addons/telescope.nvim/lua/tests/automated/action_spec.lua , size = 9.890 KB
[01:00:06.124][info] [#0:script/workspace/loading.lua:100]: Preload file at: file:///home/astor/neovim/nvim/addons/telescope.nvim/lua/tests/automated/sorters_spec.lua , size = 2.583 KB
[01:00:06.126][info] [#0:script/workspace/loading.lua:100]: Preload file at: file:///home/astor/neovim/nvim/addons/telescope.nvim/lua/tests/automated/telescope_spec.lua , size = 7.896 KB
[01:00:06.133][info] [#0:script/workspace/loading.lua:100]: Preload file at: file:///home/astor/neovim/nvim/addons/telescope.nvim/lua/tests/automated/scroller_spec.lua , size = 4.629 KB
[01:00:06.136][info] [#0:script/workspace/loading.lua:100]: Preload file at: file:///home/astor/neovim/nvim/addons/telescope.nvim/lua/tests/helpers.lua , size = 2.022 KB
[01:00:06.138][info] [#0:script/workspace/loading.lua:100]: Preload file at: file:///home/astor/neovim/nvim/addons/telescope.nvim/lua/tests/pickers/find_files__readme.lua , size = 0.211 KB
[01:00:06.139][info] [#0:script/workspace/loading.lua:100]: Preload file at: file:///home/astor/neovim/nvim/addons/telescope.nvim/lua/tests/pickers/find_files__scrolling_descending_cycle.lua , size = 0.352 KB
[01:00:06.140][info] [#0:script/workspace/loading.lua:100]: Preload file at: file:///home/astor/neovim/nvim/addons/telescope.nvim/lua/telescope/mappings.lua , size = 10.852 KB
[01:00:06.146][info] [#0:script/workspace/loading.lua:100]: Preload file at: file:///home/astor/neovim/nvim/addons/telescope.nvim/lua/telescope/entry_manager.lua , size = 4.259 KB
[01:00:06.150][info] [#0:script/workspace/loading.lua:100]: Preload file at: file:///home/astor/neovim/nvim/addons/telescope.nvim/lua/telescope/finders/async_oneshot_finder.lua , size = 2.382 KB
[01:00:06.152][info] [#0:script/workspace/loading.lua:100]: Preload file at: file:///home/astor/neovim/nvim/addons/telescope.nvim/lua/telescope/finders/async_static_finder.lua , size = 0.907 KB
[01:00:06.153][info] [#0:script/workspace/loading.lua:100]: Preload file at: file:///home/astor/neovim/nvim/addons/telescope.nvim/lua/telescope/finders/async_job_finder.lua , size = 1.770 KB
[01:00:06.155][info] [#0:script/workspace/loading.lua:100]: Preload file at: file:///home/astor/neovim/nvim/addons/telescope.nvim/lua/telescope/pickers.lua , size = 56.917 KB
[01:00:06.200][info] [#0:script/workspace/loading.lua:100]: Preload file at: file:///home/astor/neovim/nvim/addons/telescope.nvim/lua/telescope/log.lua , size = 0.078 KB
[01:00:06.201][info] [#0:script/workspace/loading.lua:100]: Preload file at: file:///home/astor/neovim/nvim/addons/telescope.nvim/lua/telescope/debounce.lua , size = 4.711 KB
[01:00:06.206][info] [#0:script/workspace/loading.lua:100]: Preload file at: file:///home/astor/neovim/nvim/addons/telescope.nvim/lua/telescope/testharness/helpers.lua , size = 1.636 KB
[01:00:06.207][info] [#0:script/workspace/loading.lua:100]: Preload file at: file:///home/astor/neovim/nvim/addons/telescope.nvim/lua/telescope/testharness/runner.lua , size = 3.100 KB
[01:00:06.210][info] [#0:script/workspace/loading.lua:100]: Preload file at: file:///home/astor/neovim/nvim/addons/telescope.nvim/lua/telescope/testharness/init.lua , size = 2.910 KB
[01:00:06.213][info] [#0:script/workspace/loading.lua:100]: Preload file at: file:///home/astor/neovim/nvim/addons/telescope.nvim/lua/telescope/utils.lua , size = 22.295 KB
[01:00:06.230][info] [#0:script/workspace/loading.lua:100]: Preload file at: file:///home/astor/neovim/nvim/addons/telescope.nvim/lua/telescope/config.lua , size = 29.931 KB
[01:00:06.240][info] [#0:script/workspace/loading.lua:100]: Preload file at: file:///home/astor/neovim/nvim/addons/telescope.nvim/lua/telescope/sorters.lua , size = 16.251 KB
[01:00:06.251][info] [#0:script/workspace/loading.lua:100]: Preload file at: file:///home/astor/neovim/nvim/addons/telescope.nvim/lua/telescope/make_entry.lua , size = 35.789 KB
[01:00:06.278][info] [#0:script/workspace/loading.lua:100]: Preload file at: file:///home/astor/neovim/nvim/addons/telescope.nvim/lua/telescope/command.lua , size = 6.891 KB
[01:00:06.283][info] [#0:script/workspace/loading.lua:100]: Preload file at: file:///home/astor/neovim/nvim/addons/telescope.nvim/lua/telescope/state.lua , size = 0.860 KB
[01:00:06.285][info] [#0:script/workspace/loading.lua:100]: Preload file at: file:///home/astor/neovim/nvim/addons/telescope.nvim/lua/telescope/pickers/highlights.lua , size = 3.708 KB
[01:00:06.288][info] [#0:script/workspace/loading.lua:100]: Preload file at: file:///home/astor/neovim/nvim/addons/telescope.nvim/lua/telescope/pickers/scroller.lua , size = 2.926 KB
[01:00:06.291][info] [#0:script/workspace/loading.lua:100]: Preload file at: file:///home/astor/neovim/nvim/addons/telescope.nvim/lua/telescope/pickers/window.lua , size = 1.193 KB
[01:00:06.292][info] [#0:script/workspace/loading.lua:100]: Preload file at: file:///home/astor/neovim/nvim/addons/telescope.nvim/lua/telescope/pickers/entry_display.lua , size = 5.587 KB
[01:00:06.296][info] [#0:script/workspace/loading.lua:100]: Preload file at: file:///home/astor/neovim/nvim/addons/telescope.nvim/lua/telescope/pickers/multi.lua , size = 0.960 KB
[01:00:06.297][info] [#0:script/workspace/loading.lua:100]: Preload file at: file:///home/astor/neovim/nvim/addons/telescope.nvim/lua/telescope/pickers/layout.lua , size = 5.325 KB
[01:00:06.301][info] [#0:script/workspace/loading.lua:100]: Preload file at: file:///home/astor/neovim/nvim/addons/telescope.nvim/lua/telescope/builtin/__git.lua , size = 15.844 KB
[01:00:06.316][info] [#0:script/workspace/loading.lua:100]: Preload file at: file:///home/astor/neovim/nvim/addons/telescope.nvim/lua/telescope/builtin/__diagnostics.lua , size = 5.183 KB
[01:00:06.323][info] [#0:script/workspace/loading.lua:100]: Preload file at: file:///home/astor/neovim/nvim/addons/telescope.nvim/lua/telescope/pickers/layout_strategies.lua , size = 37.550 KB
[01:00:06.345][info] [#0:script/workspace/loading.lua:100]: Preload file at: file:///home/astor/neovim/nvim/addons/telescope.nvim/lua/telescope/builtin/__files.lua , size = 18.673 KB
[01:00:06.359][info] [#0:script/workspace/loading.lua:100]: Preload file at: file:///home/astor/neovim/nvim/addons/telescope.nvim/lua/telescope/builtin/__lsp.lua , size = 16.856 KB
[01:00:06.372][info] [#0:script/workspace/loading.lua:100]: Preload file at: file:///home/astor/neovim/nvim/addons/telescope.nvim/lua/telescope/builtin/__internal.lua , size = 45.010 KB
[01:00:06.406][info] [#0:script/workspace/loading.lua:100]: Preload file at: file:///home/astor/neovim/nvim/addons/telescope.nvim/lua/telescope/config/resolve.lua , size = 8.496 KB
[01:00:06.411][info] [#0:script/workspace/loading.lua:100]: Preload file at: file:///home/astor/neovim/nvim/addons/telescope.nvim/lua/telescope/builtin/init.lua , size = 35.345 KB
[01:00:06.428][info] [#0:script/workspace/loading.lua:100]: Preload file at: file:///home/astor/neovim/nvim/addons/telescope.nvim/lua/telescope/algos/fzy.lua , size = 4.909 KB
[01:00:06.433][info] [#0:script/workspace/loading.lua:100]: Preload file at: file:///home/astor/neovim/nvim/addons/telescope.nvim/lua/telescope/algos/linked_list.lua , size = 5.003 KB
[01:00:06.437][info] [#0:script/workspace/loading.lua:100]: Preload file at: file:///home/astor/neovim/nvim/addons/telescope.nvim/lua/telescope/algos/string_distance.lua , size = 0.910 KB
[01:00:06.439][info] [#0:script/workspace/loading.lua:100]: Preload file at: file:///home/astor/neovim/nvim/addons/telescope.nvim/lua/telescope/actions/mt.lua , size = 5.731 KB
[01:00:06.444][info] [#0:script/workspace/loading.lua:100]: Preload file at: file:///home/astor/neovim/nvim/addons/telescope.nvim/lua/telescope/actions/utils.lua , size = 5.302 KB
[01:00:06.448][info] [#0:script/workspace/loading.lua:100]: Preload file at: file:///home/astor/neovim/nvim/addons/telescope.nvim/lua/telescope/actions/state.lua , size = 1.551 KB
[01:00:06.450][info] [#0:script/workspace/loading.lua:100]: Preload file at: file:///home/astor/neovim/nvim/addons/telescope.nvim/lua/telescope/actions/generate.lua , size = 5.041 KB
[01:00:06.453][info] [#0:script/workspace/loading.lua:100]: Preload file at: file:///home/astor/neovim/nvim/addons/telescope.nvim/lua/telescope/actions/history.lua , size = 6.497 KB
[01:00:06.458][info] [#0:script/workspace/loading.lua:100]: Preload file at: file:///home/astor/neovim/nvim/addons/telescope.nvim/lua/telescope/actions/set.lua , size = 10.779 KB
[01:00:06.465][info] [#0:script/workspace/loading.lua:100]: Preload file at: file:///home/astor/neovim/nvim/addons/telescope.nvim/lua/telescope/actions/layout.lua , size = 6.235 KB
[01:00:06.470][info] [#0:script/workspace/loading.lua:100]: Preload file at: file:///home/astor/neovim/nvim/addons/telescope.nvim/lua/telescope/actions/init.lua , size = 54.469 KB
[01:00:06.505][info] [#0:script/workspace/loading.lua:100]: Preload file at: file:///home/astor/neovim/nvim/addons/telescope.nvim/lua/telescope/operators.lua , size = 0.783 KB
[01:00:06.506][info] [#0:script/workspace/loading.lua:100]: Preload file at: file:///home/astor/neovim/nvim/addons/telescope.nvim/lua/telescope/finders.lua , size = 5.570 KB
[01:00:06.510][info] [#0:script/workspace/loading.lua:100]: Preload file at: file:///home/astor/neovim/nvim/addons/telescope.nvim/lua/telescope/themes.lua , size = 3.802 KB
[01:00:06.513][info] [#0:script/workspace/loading.lua:100]: Preload file at: file:///home/astor/neovim/nvim/addons/telescope.nvim/lua/telescope/deprecated.lua , size = 0.320 KB
[01:00:06.514][info] [#0:script/workspace/loading.lua:100]: Preload file at: file:///home/astor/neovim/nvim/addons/telescope.nvim/lua/telescope/from_entry.lua , size = 1.348 KB
[01:00:06.516][info] [#0:script/workspace/loading.lua:100]: Preload file at: file:///home/astor/neovim/nvim/addons/telescope.nvim/lua/telescope/_.lua , size = 6.651 KB
[01:00:06.523][info] [#0:script/workspace/loading.lua:100]: Preload file at: file:///home/astor/neovim/nvim/addons/telescope.nvim/lua/telescope/previewers/previewer.lua , size = 2.386 KB
[01:00:06.525][info] [#0:script/workspace/loading.lua:100]: Preload file at: file:///home/astor/neovim/nvim/addons/telescope.nvim/lua/telescope/previewers/utils.lua , size = 6.498 KB
[01:00:06.531][info] [#0:script/workspace/loading.lua:100]: Preload file at: file:///home/astor/neovim/nvim/addons/telescope.nvim/lua/telescope/previewers/term_previewer.lua , size = 8.427 KB
[01:00:06.538][info] [#0:script/workspace/loading.lua:100]: Preload file at: file:///home/astor/neovim/nvim/addons/telescope.nvim/lua/telescope/previewers/init.lua , size = 15.522 KB
[01:00:06.543][info] [#0:script/workspace/loading.lua:100]: Preload file at: file:///home/astor/neovim/nvim/addons/telescope.nvim/lua/telescope/init.lua , size = 7.562 KB
[01:00:06.546][info] [#0:script/workspace/loading.lua:100]: Preload file at: file:///home/astor/neovim/nvim/addons/telescope.nvim/lua/telescope/previewers/buffer_previewer.lua , size = 38.049 KB
[01:00:06.578][info] [#0:script/workspace/loading.lua:100]: Preload file at: file:///home/astor/neovim/nvim/addons/telescope.nvim/lua/telescope/_extensions/init.lua , size = 2.229 KB
[01:00:06.581][info] [#0:script/workspace/loading.lua:100]: Preload file at: file:///home/astor/neovim/nvim/addons/telescope.nvim/lua/telescope/health.lua , size = 3.605 KB
[01:00:06.586][info] [#0:script/workspace/loading.lua:100]: Preload file at: file:///home/astor/neovim/nvim/addons/nvim-treesitter/tests/query/highlights_spec.lua , size = 3.592 KB
[01:00:06.590][info] [#0:script/workspace/loading.lua:100]: Preload file at: file:///home/astor/neovim/nvim/addons/nvim-treesitter/tests/query/highlights/lua/test.lua , size = 0.361 KB
[01:00:06.590][info] [#0:script/workspace/loading.lua:100]: Preload file at: file:///home/astor/neovim/nvim/addons/nvim-treesitter/tests/query/injection_spec.lua , size = 2.444 KB
[01:00:06.593][info] [#0:script/workspace/loading.lua:100]: Preload file at: file:///home/astor/neovim/nvim/addons/nvim-treesitter/tests/unit/ts_utils_spec.lua , size = 2.771 KB
[01:00:06.596][info] [#0:script/workspace/loading.lua:100]: Preload file at: file:///home/astor/neovim/nvim/addons/nvim-treesitter/tests/indent/nickel_spec.lua , size = 0.977 KB
[01:00:06.597][info] [#0:script/workspace/loading.lua:100]: Preload file at: file:///home/astor/neovim/nvim/addons/nvim-treesitter/tests/indent/julia_spec.lua , size = 0.375 KB
[01:00:06.598][info] [#0:script/workspace/loading.lua:100]: Preload file at: file:///home/astor/neovim/nvim/addons/nvim-treesitter/tests/indent/cpp_spec.lua , size = 2.422 KB
[01:00:06.601][info] [#0:script/workspace/loading.lua:100]: Preload file at: file:///home/astor/neovim/nvim/addons/nvim-treesitter/tests/indent/html_spec.lua , size = 1.429 KB
[01:00:06.602][info] [#0:script/workspace/loading.lua:100]: Preload file at: file:///home/astor/neovim/nvim/addons/nvim-treesitter/tests/indent/wgsl_spec.lua , size = 1.246 KB
[01:00:06.604][info] [#0:script/workspace/loading.lua:100]: Preload file at: file:///home/astor/neovim/nvim/addons/nvim-treesitter/tests/indent/zig_spec.lua , size = 0.561 KB
[01:00:06.604][info] [#0:script/workspace/loading.lua:100]: Preload file at: file:///home/astor/neovim/nvim/addons/nvim-treesitter/tests/indent/yuck_spec.lua , size = 0.500 KB
[01:00:06.606][info] [#0:script/workspace/loading.lua:100]: Preload file at: file:///home/astor/neovim/nvim/addons/nvim-treesitter/tests/indent/dot_spec.lua , size = 0.814 KB
[01:00:06.607][info] [#0:script/workspace/loading.lua:100]: Preload file at: file:///home/astor/neovim/nvim/addons/nvim-treesitter/tests/indent/gdscript_spec.lua , size = 0.460 KB
[01:00:06.608][info] [#0:script/workspace/loading.lua:100]: Preload file at: file:///home/astor/neovim/nvim/addons/nvim-treesitter/tests/indent/terraform_spec.lua , size = 1.896 KB
[01:00:06.609][info] [#0:script/workspace/loading.lua:100]: Preload file at: file:///home/astor/neovim/nvim/addons/nvim-treesitter/tests/indent/angular_spec.lua , size = 1.438 KB
[01:00:06.611][info] [#0:script/workspace/loading.lua:100]: Preload file at: file:///home/astor/neovim/nvim/addons/nvim-treesitter/tests/indent/query_spec.lua , size = 1.183 KB
[01:00:06.612][info] [#0:script/workspace/loading.lua:100]: Preload file at: file:///home/astor/neovim/nvim/addons/nvim-treesitter/tests/indent/common.lua , size = 6.410 KB
[01:00:06.619][info] [#0:script/workspace/loading.lua:100]: Preload file at: file:///home/astor/neovim/nvim/addons/nvim-treesitter/tests/indent/ql_spec.lua , size = 0.562 KB
[01:00:06.620][info] [#0:script/workspace/loading.lua:100]: Preload file at: file:///home/astor/neovim/nvim/addons/nvim-treesitter/tests/indent/yaml_spec.lua , size = 0.576 KB
[01:00:06.621][info] [#0:script/workspace/loading.lua:100]: Preload file at: file:///home/astor/neovim/nvim/addons/nvim-treesitter/tests/indent/rescript_spec.lua , size = 1.383 KB
[01:00:06.622][info] [#0:script/workspace/loading.lua:100]: Preload file at: file:///home/astor/neovim/nvim/addons/nvim-treesitter/tests/indent/css_spec.lua , size = 0.600 KB
[01:00:06.623][info] [#0:script/workspace/loading.lua:100]: Preload file at: file:///home/astor/neovim/nvim/addons/nvim-treesitter/tests/indent/r_spec.lua , size = 1.741 KB
[01:00:06.625][info] [#0:script/workspace/loading.lua:100]: Preload file at: file:///home/astor/neovim/nvim/addons/nvim-treesitter/tests/indent/go_spec.lua , size = 0.769 KB
[01:00:06.627][info] [#0:script/workspace/loading.lua:100]: Preload file at: file:///home/astor/neovim/nvim/addons/nvim-treesitter/tests/indent/smali_spec.lua , size = 1.003 KB
[01:00:06.628][info] [#0:script/workspace/loading.lua:100]: Preload file at: file:///home/astor/neovim/nvim/addons/nvim-treesitter/tests/indent/jsx_spec.lua , size = 1.003 KB
[01:00:06.630][info] [#0:script/workspace/loading.lua:100]: Preload file at: file:///home/astor/neovim/nvim/addons/nvim-treesitter/tests/indent/vue_spec.lua , size = 0.573 KB
[01:00:06.631][info] [#0:script/workspace/loading.lua:100]: Preload file at: file:///home/astor/neovim/nvim/addons/nvim-treesitter/tests/indent/php_spec.lua , size = 4.781 KB
[01:00:06.635][info] [#0:script/workspace/loading.lua:100]: Preload file at: file:///home/astor/neovim/nvim/addons/nvim-treesitter/tests/indent/capnp_spec.lua , size = 1.145 KB
[01:00:06.637][info] [#0:script/workspace/loading.lua:100]: Preload file at: file:///home/astor/neovim/nvim/addons/nvim-treesitter/tests/indent/javascript_spec.lua , size = 3.033 KB
[01:00:06.640][info] [#0:script/workspace/loading.lua:100]: Preload file at: file:///home/astor/neovim/nvim/addons/nvim-treesitter/tests/indent/java_spec.lua , size = 1.753 KB
[01:00:06.642][info] [#0:script/workspace/loading.lua:100]: Preload file at: file:///home/astor/neovim/nvim/addons/nvim-treesitter/tests/indent/algorithm_spec.lua , size = 0.782 KB
[01:00:06.643][info] [#0:script/workspace/loading.lua:100]: Preload file at: file:///home/astor/neovim/nvim/addons/nvim-treesitter/tests/indent/python_spec.lua , size = 6.122 KB
[01:00:06.648][info] [#0:script/workspace/loading.lua:100]: Preload file at: file:///home/astor/neovim/nvim/addons/nvim-treesitter/tests/indent/nu_spec.lua , size = 0.369 KB
[01:00:06.649][info] [#0:script/workspace/loading.lua:100]: Preload file at: file:///home/astor/neovim/nvim/addons/nvim-treesitter/tests/indent/lua_spec.lua , size = 2.649 KB
[01:00:06.651][info] [#0:script/workspace/loading.lua:100]: Preload file at: file:///home/astor/neovim/nvim/addons/nvim-treesitter/tests/indent/graphql_spec.lua , size = 0.418 KB
[01:00:06.652][info] [#0:script/workspace/loading.lua:100]: Preload file at: file:///home/astor/neovim/nvim/addons/nvim-treesitter/tests/indent/t32_spec.lua , size = 3.692 KB
[01:00:06.655][info] [#0:script/workspace/loading.lua:100]: Preload file at: file:///home/astor/neovim/nvim/addons/nvim-treesitter/tests/indent/yang_spec.lua , size = 0.704 KB
[01:00:06.656][info] [#0:script/workspace/loading.lua:100]: Preload file at: file:///home/astor/neovim/nvim/addons/nvim-treesitter/tests/indent/c_spec.lua , size = 3.652 KB
[01:00:06.660][info] [#0:script/workspace/loading.lua:100]: Preload file at: file:///home/astor/neovim/nvim/addons/nvim-treesitter/tests/indent/nix_spec.lua , size = 0.841 KB
[01:00:06.662][info] [#0:script/workspace/loading.lua:100]: Preload file at: file:///home/astor/neovim/nvim/addons/nvim-treesitter/tests/indent/sway_spec.lua , size = 0.650 KB
[01:00:06.662][info] [#0:script/workspace/loading.lua:100]: Preload file at: file:///home/astor/neovim/nvim/addons/nvim-treesitter/tests/indent/lua/nested-table.lua , size = 0.043 KB
[01:00:06.663][info] [#0:script/workspace/loading.lua:100]: Preload file at: file:///home/astor/neovim/nvim/addons/nvim-treesitter/tests/indent/lua/table.lua , size = 0.094 KB
[01:00:06.663][info] [#0:script/workspace/loading.lua:100]: Preload file at: file:///home/astor/neovim/nvim/addons/nvim-treesitter/tests/indent/lua/cond.lua , size = 0.124 KB
[01:00:06.664][info] [#0:script/workspace/loading.lua:100]: Preload file at: file:///home/astor/neovim/nvim/addons/nvim-treesitter/tests/indent/lua/func.lua , size = 0.126 KB
[01:00:06.665][info] [#0:script/workspace/loading.lua:100]: Preload file at: file:///home/astor/neovim/nvim/addons/nvim-treesitter/tests/indent/lua/loop.lua , size = 0.116 KB
[01:00:06.665][info] [#0:script/workspace/loading.lua:100]: Preload file at: file:///home/astor/neovim/nvim/addons/nvim-treesitter/tests/indent/lua/string.lua , size = 0.058 KB
[01:00:06.666][info] [#0:script/workspace/loading.lua:100]: Preload file at: file:///home/astor/neovim/nvim/addons/nvim-treesitter/tests/indent/lua/method_index_expr.lua , size = 0.031 KB
[01:00:06.666][info] [#0:script/workspace/loading.lua:100]: Preload file at: file:///home/astor/neovim/nvim/addons/nvim-treesitter/tests/indent/lua/comment.lua , size = 0.049 KB
[01:00:06.667][info] [#0:script/workspace/loading.lua:100]: Preload file at: file:///home/astor/neovim/nvim/addons/nvim-treesitter/tests/indent/lua/no-indent-after-paren-pairs.lua , size = 0.063 KB
[01:00:06.668][info] [#0:script/workspace/loading.lua:100]: Preload file at: file:///home/astor/neovim/nvim/addons/nvim-treesitter/tests/indent/ruby_spec.lua , size = 0.774 KB
[01:00:06.668][info] [#0:script/workspace/loading.lua:100]: Preload file at: file:///home/astor/neovim/nvim/addons/nvim-treesitter/tests/indent/gleam_spec.lua , size = 7.648 KB
[01:00:06.675][info] [#0:script/workspace/loading.lua:100]: Preload file at: file:///home/astor/neovim/nvim/addons/nvim-treesitter/tests/indent/dart_spec.lua , size = 1.759 KB
[01:00:06.677][info] [#0:script/workspace/loading.lua:100]: Preload file at: file:///home/astor/neovim/nvim/addons/nvim-treesitter/tests/indent/swift_spec.lua , size = 0.937 KB
[01:00:06.678][info] [#0:script/workspace/loading.lua:100]: Preload file at: file:///home/astor/neovim/nvim/addons/nvim-treesitter/tests/indent/tiger_spec.lua , size = 5.885 KB
[01:00:06.682][info] [#0:script/workspace/loading.lua:100]: Preload file at: file:///home/astor/neovim/nvim/addons/nvim-treesitter/tests/indent/meson_spec.lua , size = 1.041 KB
[01:00:06.684][info] [#0:script/workspace/loading.lua:100]: Preload file at: file:///home/astor/neovim/nvim/addons/nvim-treesitter/tests/indent/rust_spec.lua , size = 4.068 KB
[01:00:06.688][info] [#0:script/workspace/loading.lua:100]: Preload file at: file:///home/astor/neovim/nvim/addons/nvim-treesitter/tests/indent/sql_spec.lua , size = 0.410 KB
[01:00:06.688][info] [#0:script/workspace/loading.lua:100]: Preload file at: file:///home/astor/neovim/nvim/addons/nvim-treesitter/plugin/nvim-treesitter.lua , size = 0.733 KB
[01:00:06.689][info] [#0:script/workspace/loading.lua:100]: Preload file at: file:///home/astor/neovim/nvim/addons/nvim-treesitter/tests/indent/usd_spec.lua , size = 0.527 KB
[01:00:06.691][info] [#0:script/workspace/loading.lua:100]: Preload file at: file:///home/astor/neovim/nvim/addons/nvim-treesitter/scripts/check-queries.lua , size = 3.583 KB
[01:00:06.694][info] [#0:script/workspace/loading.lua:100]: Preload file at: file:///home/astor/neovim/nvim/addons/nvim-treesitter/scripts/format-queries.lua , size = 11.186 KB
[01:00:06.701][info] [#0:script/workspace/loading.lua:100]: Preload file at: file:///home/astor/neovim/nvim/addons/nvim-treesitter/scripts/write-lockfile.lua , size = 0.352 KB
[01:00:06.702][info] [#0:script/workspace/loading.lua:100]: Preload file at: file:///home/astor/neovim/nvim/addons/nvim-treesitter/scripts/minimal_init.lua , size = 0.500 KB
[01:00:06.703][info] [#0:script/workspace/loading.lua:100]: Preload file at: file:///home/astor/neovim/nvim/addons/nvim-treesitter/scripts/update-readme.lua , size = 1.601 KB
[01:00:06.705][info] [#0:script/workspace/loading.lua:139]: Preload dll at: file:///home/astor/neovim/nvim/addons/nvim-treesitter/parser/vimdoc.so , size = 177.023 KB
[01:00:06.707][info] [#0:script/workspace/loading.lua:139]: Preload dll at: file:///home/astor/neovim/nvim/addons/nvim-treesitter/parser/json.so , size = 12.219 KB
[01:00:06.707][info] [#0:script/workspace/loading.lua:139]: Preload dll at: file:///home/astor/neovim/nvim/addons/nvim-treesitter/parser/lua.so , size = 57.539 KB
[01:00:06.711][info] [#0:script/workspace/loading.lua:139]: Preload dll at: file:///home/astor/neovim/nvim/addons/nvim-treesitter/parser/python.so , size = 460.992 KB
[01:00:06.717][info] [#0:script/workspace/loading.lua:139]: Preload dll at: file:///home/astor/neovim/nvim/addons/nvim-treesitter/parser/bash.so , size = 1329.945 KB
[01:00:06.729][info] [#0:script/workspace/loading.lua:100]: Preload file at: file:///home/astor/neovim/nvim/addons/nvim-treesitter/lua/nvim-treesitter.lua , size = 0.604 KB
[01:00:06.730][info] [#0:script/workspace/loading.lua:100]: Preload file at: file:///home/astor/neovim/nvim/addons/nvim-treesitter/lua/nvim-treesitter/compat.lua , size = 0.932 KB
[01:00:06.731][info] [#0:script/workspace/loading.lua:100]: Preload file at: file:///home/astor/neovim/nvim/addons/nvim-treesitter/lua/nvim-treesitter/caching.lua , size = 1.653 KB
[01:00:06.733][info] [#0:script/workspace/loading.lua:100]: Preload file at: file:///home/astor/neovim/nvim/addons/nvim-treesitter/lua/nvim-treesitter/tsrange.lua , size = 3.576 KB
[01:00:06.737][info] [#0:script/workspace/loading.lua:100]: Preload file at: file:///home/astor/neovim/nvim/addons/nvim-treesitter/lua/nvim-treesitter/utils.lua , size = 6.387 KB
[01:00:06.742][info] [#0:script/workspace/loading.lua:100]: Preload file at: file:///home/astor/neovim/nvim/addons/nvim-treesitter/lua/nvim-treesitter/fold.lua , size = 3.760 KB
[01:00:06.745][info] [#0:script/workspace/loading.lua:100]: Preload file at: file:///home/astor/neovim/nvim/addons/nvim-treesitter/lua/nvim-treesitter/query_predicates.lua , size = 4.409 KB
[01:00:06.750][info] [#0:script/workspace/loading.lua:100]: Preload file at: file:///home/astor/neovim/nvim/addons/nvim-treesitter/lua/nvim-treesitter/incremental_selection.lua , size = 5.696 KB
[01:00:06.755][info] [#0:script/workspace/loading.lua:100]: Preload file at: file:///home/astor/neovim/nvim/addons/nvim-treesitter/lua/nvim-treesitter/parsers.lua , size = 63.361 KB
[01:00:06.788][info] [#0:script/workspace/loading.lua:100]: Preload file at: file:///home/astor/neovim/nvim/addons/nvim-treesitter/lua/nvim-treesitter/highlight.lua , size = 1.210 KB
[01:00:06.789][info] [#0:script/workspace/loading.lua:100]: Preload file at: file:///home/astor/neovim/nvim/addons/nvim-treesitter/lua/nvim-treesitter/install.lua , size = 22.692 KB
[01:00:06.807][info] [#0:script/workspace/loading.lua:100]: Preload file at: file:///home/astor/neovim/nvim/addons/nvim-treesitter/lua/nvim-treesitter/shell_command_selectors.lua , size = 9.260 KB
[01:00:06.814][info] [#0:script/workspace/loading.lua:100]: Preload file at: file:///home/astor/neovim/nvim/addons/nvim-treesitter/lua/nvim-treesitter/query.lua , size = 12.747 KB
[01:00:06.824][info] [#0:script/workspace/loading.lua:100]: Preload file at: file:///home/astor/neovim/nvim/addons/nvim-treesitter/lua/nvim-treesitter/info.lua , size = 5.092 KB
[01:00:06.829][info] [#0:script/workspace/loading.lua:100]: Preload file at: file:///home/astor/neovim/nvim/addons/nvim-treesitter/lua/nvim-treesitter/indent.lua , size = 11.883 KB
[01:00:06.838][info] [#0:script/workspace/loading.lua:100]: Preload file at: file:///home/astor/neovim/nvim/addons/nvim-treesitter/lua/nvim-treesitter/configs.lua , size = 17.758 KB
[01:00:06.853][info] [#0:script/workspace/loading.lua:100]: Preload file at: file:///home/astor/neovim/nvim/addons/nvim-treesitter/lua/nvim-treesitter/statusline.lua , size = 1.386 KB
[01:00:06.855][info] [#0:script/workspace/loading.lua:100]: Preload file at: file:///home/astor/neovim/nvim/addons/nvim-treesitter/lua/nvim-treesitter/locals.lua , size = 9.749 KB
[01:00:06.862][info] [#0:script/workspace/loading.lua:100]: Preload file at: file:///home/astor/neovim/nvim/addons/nvim-treesitter/lua/nvim-treesitter/ts_utils.lua , size = 14.616 KB
[01:00:06.873][info] [#0:script/workspace/loading.lua:100]: Preload file at: file:///home/astor/neovim/nvim/addons/nvim-treesitter/lua/nvim-treesitter/health.lua , size = 5.876 KB
[01:00:06.877][info] [#0:script/workspace/loading.lua:100]: Preload file at: file:///home/astor/neovim/nvim/addons/telescope-fzf-native.nvim/test/fzf_lib_spec.lua , size = 4.096 KB
[01:00:06.882][info] [#0:script/workspace/loading.lua:139]: Preload dll at: file:///home/astor/neovim/nvim/addons/telescope-fzf-native.nvim/build/libfzf.so , size = 25.094 KB
[01:00:06.884][info] [#0:script/workspace/loading.lua:139]: Preload dll at: file:///home/astor/neovim/nvim/addons/nvim-treesitter/parser/cpp.so , size = 3475.805 KB
[01:00:06.926][info] [#0:script/workspace/loading.lua:100]: Preload file at: file:///home/astor/neovim/nvim/addons/telescope-fzf-native.nvim/lua/telescope/_extensions/fzf.lua , size = 5.366 KB
[01:00:06.931][info] [#0:script/workspace/loading.lua:100]: Preload file at: file:///home/astor/neovim/nvim/addons/telescope-fzf-native.nvim/lua/fzf_lib.lua , size = 2.060 KB
[01:00:06.934][info] [#0:script/workspace/loading.lua:100]: Preload file at: file:///home/astor/neovim/nvim/addons/which-key/tests/util_spec.lua , size = 2.751 KB
[01:00:06.936][info] [#0:script/workspace/loading.lua:100]: Preload file at: file:///home/astor/neovim/nvim/addons/which-key/tests/mappings_spec.lua , size = 2.607 KB
[01:00:06.938][info] [#0:script/workspace/loading.lua:100]: Preload file at: file:///home/astor/neovim/nvim/addons/which-key/tests/helpers.lua , size = 0.279 KB
[01:00:06.939][info] [#0:script/workspace/loading.lua:100]: Preload file at: file:///home/astor/neovim/nvim/addons/which-key/tests/buf_spec.lua , size = 0.349 KB
[01:00:06.940][info] [#0:script/workspace/loading.lua:100]: Preload file at: file:///home/astor/neovim/nvim/addons/which-key/tests/minit.lua , size = 0.498 KB
[01:00:06.941][info] [#0:script/workspace/loading.lua:100]: Preload file at: file:///home/astor/neovim/nvim/addons/which-key/tests/layout_spec.lua , size = 1.235 KB
[01:00:06.943][info] [#0:script/workspace/loading.lua:100]: Preload file at: file:///home/astor/neovim/nvim/addons/which-key/plugin/which-key.lua , size = 0.197 KB
[01:00:06.943][info] [#0:script/workspace/loading.lua:100]: Preload file at: file:///home/astor/neovim/nvim/addons/which-key/lua/which-key/triggers.lua , size = 3.883 KB
[01:00:06.947][info] [#0:script/workspace/loading.lua:100]: Preload file at: file:///home/astor/neovim/nvim/addons/which-key/lua/which-key/mappings.lua , size = 8.400 KB
[01:00:06.956][info] [#0:script/workspace/loading.lua:100]: Preload file at: file:///home/astor/neovim/nvim/addons/which-key/lua/which-key/docs.lua , size = 0.424 KB
[01:00:06.957][info] [#0:script/workspace/loading.lua:100]: Preload file at: file:///home/astor/neovim/nvim/addons/which-key/lua/which-key/types.lua , size = 3.190 KB
[01:00:06.960][info] [#0:script/workspace/loading.lua:100]: Preload file at: file:///home/astor/neovim/nvim/addons/which-key/lua/which-key/config.lua , size = 10.268 KB
[01:00:06.969][info] [#0:script/workspace/loading.lua:100]: Preload file at: file:///home/astor/neovim/nvim/addons/which-key/lua/which-key/tree.lua , size = 2.548 KB
[01:00:06.973][info] [#0:script/workspace/loading.lua:100]: Preload file at: file:///home/astor/neovim/nvim/addons/which-key/lua/which-key/util.lua , size = 7.483 KB
[01:00:06.982][info] [#0:script/workspace/loading.lua:100]: Preload file at: file:///home/astor/neovim/nvim/addons/which-key/lua/which-key/state.lua , size = 9.947 KB
[01:00:06.991][info] [#0:script/workspace/loading.lua:100]: Preload file at: file:///home/astor/neovim/nvim/addons/which-key/lua/which-key/buf.lua , size = 5.517 KB
[01:00:07.001][info] [#0:script/workspace/loading.lua:100]: Preload file at: file:///home/astor/neovim/nvim/addons/which-key/lua/which-key/colors.lua , size = 1.627 KB
[01:00:07.003][info] [#0:script/workspace/loading.lua:100]: Preload file at: file:///home/astor/neovim/nvim/addons/which-key/lua/which-key/plugins/marks.lua , size = 1.717 KB
[01:00:07.005][info] [#0:script/workspace/loading.lua:100]: Preload file at: file:///home/astor/neovim/nvim/addons/which-key/lua/which-key/plugins/registers.lua , size = 1.851 KB
[01:00:07.007][info] [#0:script/workspace/loading.lua:100]: Preload file at: file:///home/astor/neovim/nvim/addons/which-key/lua/which-key/plugins/presets.lua , size = 6.682 KB
[01:00:07.013][info] [#0:script/workspace/loading.lua:100]: Preload file at: file:///home/astor/neovim/nvim/addons/which-key/lua/which-key/plugins/spelling.lua , size = 1.216 KB
[01:00:07.014][info] [#0:script/workspace/loading.lua:100]: Preload file at: file:///home/astor/neovim/nvim/addons/which-key/lua/which-key/plugins/init.lua , size = 1.079 KB
[01:00:07.016][info] [#0:script/workspace/loading.lua:100]: Preload file at: file:///home/astor/neovim/nvim/addons/which-key/lua/which-key/migrate.lua , size = 1.882 KB
[01:00:07.019][info] [#0:script/workspace/loading.lua:100]: Preload file at: file:///home/astor/neovim/nvim/addons/which-key/lua/which-key/icons.lua , size = 6.754 KB
[01:00:07.025][info] [#0:script/workspace/loading.lua:100]: Preload file at: file:///home/astor/neovim/nvim/addons/which-key/lua/which-key/layout.lua , size = 3.939 KB
[01:00:07.030][info] [#0:script/workspace/loading.lua:100]: Preload file at: file:///home/astor/neovim/nvim/addons/which-key/lua/which-key/text.lua , size = 3.578 KB
[01:00:07.035][info] [#0:script/workspace/loading.lua:100]: Preload file at: file:///home/astor/neovim/nvim/addons/which-key/lua/which-key/presets.lua , size = 0.677 KB
[01:00:07.036][info] [#0:script/workspace/loading.lua:100]: Preload file at: file:///home/astor/neovim/nvim/addons/which-key/lua/which-key/init.lua , size = 1.225 KB
[01:00:07.039][info] [#0:script/workspace/loading.lua:100]: Preload file at: file:///home/astor/neovim/nvim/addons/which-key/lua/which-key/extras.lua , size = 1.563 KB
[01:00:07.041][info] [#0:script/workspace/loading.lua:100]: Preload file at: file:///home/astor/neovim/nvim/addons/which-key/lua/which-key/view.lua , size = 13.413 KB
[01:00:07.055][info] [#0:script/workspace/loading.lua:100]: Preload file at: file:///home/astor/neovim/nvim/addons/which-key/lua/which-key/node.lua , size = 4.787 KB
[01:00:07.061][info] [#0:script/workspace/loading.lua:100]: Preload file at: file:///home/astor/neovim/nvim/addons/which-key/lua/which-key/health.lua , size = 5.291 KB
[01:00:07.066][info] [#0:script/workspace/loading.lua:100]: Preload file at: file:///home/astor/neovim/nvim/addons/which-key/lua/which-key/win.lua , size = 2.816 KB
[01:00:07.070][info] [#0:script/workspace/loading.lua:100]: Preload file at: file:///home/astor/neovim/nvim/addons/comment.nvim/plugin/Comment.lua , size = 4.507 KB
[01:00:07.072][info] [#0:script/workspace/loading.lua:100]: Preload file at: file:///home/astor/neovim/nvim/addons/comment.nvim/lua/Comment/api.lua , size = 8.211 KB
[01:00:07.077][info] [#0:script/workspace/loading.lua:100]: Preload file at: file:///home/astor/neovim/nvim/addons/comment.nvim/lua/Comment/utils.lua , size = 12.661 KB
[01:00:07.088][info] [#0:script/workspace/loading.lua:100]: Preload file at: file:///home/astor/neovim/nvim/addons/comment.nvim/lua/Comment/config.lua , size = 3.751 KB
[01:00:07.091][info] [#0:script/workspace/loading.lua:100]: Preload file at: file:///home/astor/neovim/nvim/addons/comment.nvim/lua/Comment/extra.lua , size = 3.461 KB
[01:00:07.094][info] [#0:script/workspace/loading.lua:100]: Preload file at: file:///home/astor/neovim/nvim/addons/comment.nvim/lua/Comment/ft.lua , size = 10.000 KB
[01:00:07.104][info] [#0:script/workspace/loading.lua:100]: Preload file at: file:///home/astor/neovim/nvim/addons/comment.nvim/lua/Comment/opfunc.lua , size = 7.390 KB
[01:00:07.112][info] [#0:script/workspace/loading.lua:100]: Preload file at: file:///home/astor/neovim/nvim/addons/comment.nvim/lua/Comment/init.lua , size = 5.265 KB
[01:00:07.115][info] [#0:script/workspace/loading.lua:100]: Preload file at: file:///home/astor/neovim/nvim/lua/basic_setting/settings.lua , size = 2.527 KB
[01:00:07.117][info] [#0:script/workspace/loading.lua:88]: Skip loaded file: file:///home/astor/neovim/nvim/lua/basic_setting/lsp.lua
[01:00:07.117][info] [#0:script/workspace/loading.lua:88]: Skip loaded file: file:///home/astor/neovim/nvim/lua/basic_setting/plugins.lua
[01:00:07.117][info] [#0:script/workspace/loading.lua:100]: Preload file at: file:///home/astor/neovim/nvim/lua/basic_setting/theme.lua , size = 2.181 KB
[01:00:07.119][info] [#0:script/workspace/loading.lua:100]: Preload file at: file:///home/astor/neovim/nvim/lua/basic_setting/keymaps.lua , size = 8.374 KB
[01:00:07.124][info] [#0:script/workspace/loading.lua:100]: Preload file at: file:///home/astor/neovim/nvim/lua/expand_config/lualine.lua , size = 1.545 KB
[01:00:07.125][info] [#0:script/workspace/loading.lua:100]: Preload file at: file:///home/astor/neovim/nvim/lua/expand_config/nvim-web-devicons.lua , size = 0.076 KB
[01:00:07.126][info] [#0:script/workspace/loading.lua:100]: Preload file at: file:///home/astor/neovim/nvim/lua/expand_config/nvim-tree.lua , size = 0.482 KB
[01:00:07.127][info] [#0:script/workspace/loading.lua:100]: Preload file at: file:///home/astor/neovim/nvim/lua/expand_config/formatter.lua , size = 3.194 KB
[01:00:07.128][info] [#0:script/workspace/loading.lua:100]: Preload file at: file:///home/astor/neovim/nvim/lua/expand_config/neoscroll.lua , size = 0.849 KB
[01:00:07.129][info] [#0:script/workspace/loading.lua:88]: Skip loaded file: file:///home/astor/neovim/nvim/lua/expand_config/coc.lua
[01:00:07.129][info] [#0:script/workspace/loading.lua:100]: Preload file at: file:///home/astor/neovim/nvim/lua/expand_config/nvim-treesitter.lua , size = 2.552 KB
[01:00:07.131][info] [#0:script/workspace/loading.lua:100]: Preload file at: file:///home/astor/neovim/nvim/lua/expand_config/neogen.lua , size = 0.511 KB
[01:00:07.132][info] [#0:script/workspace/loading.lua:100]: Preload file at: file:///home/astor/neovim/nvim/lua/expand_config/header.lua , size = 0.623 KB
[01:00:07.133][info] [#0:script/workspace/loading.lua:100]: Preload file at: file:///home/astor/neovim/nvim/lua/expand_config/marks.lua , size = 3.907 KB
[01:00:07.135][info] [#0:script/workspace/loading.lua:100]: Preload file at: file:///home/astor/neovim/nvim/lua/expand_config/startify.lua , size = 0.906 KB
[01:00:07.135][info] [#0:script/workspace/loading.lua:100]: Preload file at: file:///home/astor/neovim/nvim/lua/expand_config/which-key.lua , size = 0.269 KB
[01:00:07.136][info] [#0:script/workspace/loading.lua:100]: Preload file at: file:///home/astor/neovim/nvim/lua/expand_config/gitsigns.lua , size = 3.049 KB
[01:00:07.139][info] [#0:script/workspace/loading.lua:100]: Preload file at: file:///home/astor/neovim/nvim/lua/expand_config/indent-blankline.lua , size = 1.016 KB
[01:00:07.140][info] [#0:script/workspace/loading.lua:100]: Preload file at: file:///home/astor/neovim/nvim/lua/expand_config/telescope.lua , size = 2.210 KB
[01:00:07.142][info] [#0:script/workspace/loading.lua:100]: Preload file at: file:///home/astor/neovim/nvim/lua/expand_config/tab-mode.lua , size = 2.500 KB
[01:00:07.144][info] [#0:script/workspace/loading.lua:100]: Preload file at: file:///home/astor/neovim/nvim/lua/expand_config/bufferline.lua , size = 0.845 KB
[01:00:07.145][info] [#0:script/workspace/loading.lua:100]: Preload file at: file:///home/astor/neovim/nvim/lua/expand_config/comment.lua , size = 0.028 KB
[01:00:07.145][info] [#0:script/workspace/loading.lua:100]: Preload file at: file:///home/astor/neovim/nvim/lua/color_config/catppuccin.lua , size = 0.170 KB
[01:00:07.146][info] [#0:script/workspace/loading.lua:100]: Preload file at: file:///home/astor/neovim/nvim/lua/color_config/kanagawa.lua , size = 0.892 KB
[01:00:07.147][info] [#0:script/workspace/loading.lua:100]: Preload file at: file:///home/astor/neovim/nvim/lua/color_config/tokyonight.lua , size = 0.357 KB
[01:00:07.148][info] [#0:script/workspace/loading.lua:100]: Preload file at: file:///home/astor/neovim/nvim/lua/color_config/rosepine.lua , size = 2.185 KB
[01:00:07.149][info] [#0:script/workspace/loading.lua:100]: Preload file at: file:///home/astor/neovim/nvim/lua/color_config/gruvbox.lua , size = 0.655 KB
[01:00:07.150][info] [#0:script/workspace/loading.lua:100]: Preload file at: file:///home/astor/neovim/nvim/themes/rosepine/colors/rose-pine.lua , size = 0.075 KB
[01:00:07.151][info] [#0:script/workspace/loading.lua:100]: Preload file at: file:///home/astor/neovim/nvim/themes/rosepine/colors/rose-pine-main.lua , size = 0.081 KB
[01:00:07.151][info] [#0:script/workspace/loading.lua:100]: Preload file at: file:///home/astor/neovim/nvim/themes/rosepine/colors/rose-pine-dawn.lua , size = 0.081 KB
[01:00:07.152][info] [#0:script/workspace/loading.lua:100]: Preload file at: file:///home/astor/neovim/nvim/themes/rosepine/colors/rose-pine-moon.lua , size = 0.081 KB
[01:00:07.153][info] [#0:script/workspace/loading.lua:100]: Preload file at: file:///home/astor/neovim/nvim/themes/rosepine/lua/lualine/themes/rose-pine-alt.lua , size = 0.772 KB
[01:00:07.154][info] [#0:script/workspace/loading.lua:100]: Preload file at: file:///home/astor/neovim/nvim/themes/rosepine/lua/rose-pine.lua , size = 52.594 KB
[01:00:07.191][info] [#0:script/workspace/loading.lua:100]: Preload file at: file:///home/astor/neovim/nvim/themes/rosepine/lua/lualine/themes/rose-pine.lua , size = 1.020 KB
[01:00:07.192][info] [#0:script/workspace/loading.lua:100]: Preload file at: file:///home/astor/neovim/nvim/themes/rosepine/lua/rose-pine/config.lua , size = 5.843 KB
[01:00:07.197][info] [#0:script/workspace/loading.lua:100]: Preload file at: file:///home/astor/neovim/nvim/themes/rosepine/lua/rose-pine/plugins/toggleterm.lua , size = 0.446 KB
[01:00:07.197][info] [#0:script/workspace/loading.lua:100]: Preload file at: file:///home/astor/neovim/nvim/themes/rosepine/lua/rose-pine/plugins/markid.lua , size = 0.307 KB
[01:00:07.198][info] [#0:script/workspace/loading.lua:100]: Preload file at: file:///home/astor/neovim/nvim/themes/rosepine/lua/rose-pine/plugins/obsidian.lua , size = 0.400 KB
[01:00:07.199][info] [#0:script/workspace/loading.lua:100]: Preload file at: file:///home/astor/neovim/nvim/themes/rosepine/lua/rose-pine/plugins/galaxyline.lua , size = 0.379 KB
[01:00:07.199][info] [#0:script/workspace/loading.lua:100]: Preload file at: file:///home/astor/neovim/nvim/themes/rosepine/lua/rose-pine/plugins/bufferline.lua , size = 5.034 KB
[01:00:07.201][info] [#0:script/workspace/loading.lua:100]: Preload file at: file:///home/astor/neovim/nvim/themes/rosepine/lua/rose-pine/utilities.lua , size = 1.542 KB
[01:00:07.204][info] [#0:script/workspace/loading.lua:100]: Preload file at: file:///home/astor/neovim/nvim/themes/rosepine/lua/rose-pine/palette.lua , size = 1.739 KB
[01:00:07.206][info] [#0:script/workspace/loading.lua:100]: Preload file at: file:///home/astor/neovim/nvim/themes/kanagawa/extras/wezterm/kanagawa-dragon.lua , size = 0.574 KB
[01:00:07.207][info] [#0:script/workspace/loading.lua:100]: Preload file at: file:///home/astor/neovim/nvim/themes/kanagawa/extras/wezterm/kanagawa.lua , size = 0.550 KB
[01:00:07.207][info] [#0:script/workspace/loading.lua:100]: Preload file at: file:///home/astor/neovim/nvim/themes/kanagawa/lua/lualine/themes/kanagawa.lua , size = 1.056 KB
[01:00:07.209][info] [#0:script/workspace/loading.lua:100]: Preload file at: file:///home/astor/neovim/nvim/themes/kanagawa/lua/kanagawa/utils.lua , size = 1.751 KB
[01:00:07.211][info] [#0:script/workspace/loading.lua:100]: Preload file at: file:///home/astor/neovim/nvim/themes/kanagawa/lua/kanagawa/colors.lua , size = 4.717 KB
[01:00:07.214][info] [#0:script/workspace/loading.lua:100]: Preload file at: file:///home/astor/neovim/nvim/themes/kanagawa/lua/kanagawa/lib/hsluv.lua , size = 9.211 KB
[01:00:07.222][info] [#0:script/workspace/loading.lua:100]: Preload file at: file:///home/astor/neovim/nvim/themes/kanagawa/lua/kanagawa/lib/color.lua , size = 2.018 KB
[01:00:07.225][info] [#0:script/workspace/loading.lua:100]: Preload file at: file:///home/astor/neovim/nvim/themes/kanagawa/lua/kanagawa/highlights/treesitter.lua , size = 9.018 KB
[01:00:07.230][info] [#0:script/workspace/loading.lua:100]: Preload file at: file:///home/astor/neovim/nvim/themes/kanagawa/lua/kanagawa/highlights/lsp.lua , size = 2.815 KB
[01:00:07.231][info] [#0:script/workspace/loading.lua:100]: Preload file at: file:///home/astor/neovim/nvim/themes/kanagawa/lua/kanagawa/highlights/syntax.lua , size = 3.761 KB
[01:00:07.234][info] [#0:script/workspace/loading.lua:100]: Preload file at: file:///home/astor/neovim/nvim/themes/kanagawa/lua/kanagawa/highlights/editor.lua , size = 12.509 KB
[01:00:07.241][info] [#0:script/workspace/loading.lua:100]: Preload file at: file:///home/astor/neovim/nvim/themes/kanagawa/lua/kanagawa/highlights/init.lua , size = 1.004 KB
[01:00:07.243][info] [#0:script/workspace/loading.lua:100]: Preload file at: file:///home/astor/neovim/nvim/themes/kanagawa/lua/kanagawa/highlights/plugins.lua , size = 23.450 KB
[01:00:07.255][info] [#0:script/workspace/loading.lua:100]: Preload file at: file:///home/astor/neovim/nvim/themes/kanagawa/lua/kanagawa/init.lua , size = 2.921 KB
[01:00:07.258][info] [#0:script/workspace/loading.lua:100]: Preload file at: file:///home/astor/neovim/nvim/themes/kanagawa/lua/kanagawa/themes.lua , size = 14.676 KB
[01:00:07.273][info] [#0:script/workspace/loading.lua:100]: Preload file at: file:///home/astor/neovim/nvim/themes/gruvbox/tests/gruvbox/gruvbox_spec.lua , size = 5.338 KB
[01:00:07.277][info] [#0:script/workspace/loading.lua:100]: Preload file at: file:///home/astor/neovim/nvim/themes/gruvbox/colors/gruvbox.lua , size = 0.025 KB
[01:00:07.277][info] [#0:script/workspace/loading.lua:100]: Preload file at: file:///home/astor/neovim/nvim/themes/gruvbox/tests/minimal_init.lua , size = 0.369 KB
[01:00:07.278][info] [#0:script/workspace/loading.lua:100]: Preload file at: file:///home/astor/neovim/nvim/themes/gruvbox/lua/gruvbox.lua , size = 60.738 KB
[01:00:07.313][info] [#0:script/workspace/loading.lua:100]: Preload file at: file:///home/astor/neovim/nvim/themes/catppuccin/tests/palette_spec.lua , size = 0.584 KB
[01:00:07.314][info] [#0:script/workspace/loading.lua:100]: Preload file at: file:///home/astor/neovim/nvim/themes/catppuccin/tests/pattern_spec.lua , size = 0.840 KB
[01:00:07.315][info] [#0:script/workspace/loading.lua:100]: Preload file at: file:///home/astor/neovim/nvim/themes/catppuccin/tests/flavour_spec.lua , size = 3.023 KB
[01:00:07.318][info] [#0:script/workspace/loading.lua:100]: Preload file at: file:///home/astor/neovim/nvim/themes/catppuccin/tests/init.lua , size = 0.753 KB
[01:00:07.319][info] [#0:script/workspace/loading.lua:100]: Preload file at: file:///home/astor/neovim/nvim/themes/catppuccin/tests/hash_spec.lua , size = 0.885 KB
[01:00:07.321][info] [#0:script/workspace/loading.lua:100]: Preload file at: file:///home/astor/neovim/nvim/themes/catppuccin/scripts/generate_integration_mappings_table.lua , size = 1.682 KB
[01:00:07.323][info] [#0:script/workspace/loading.lua:100]: Preload file at: file:///home/astor/neovim/nvim/themes/catppuccin/lua/reactive/presets/catppuccin-macchiato-cursorline.lua , size = 0.429 KB
[01:00:07.324][info] [#0:script/workspace/loading.lua:100]: Preload file at: file:///home/astor/neovim/nvim/themes/catppuccin/lua/reactive/presets/catppuccin-latte-cursorline.lua , size = 1.695 KB
[01:00:07.325][info] [#0:script/workspace/loading.lua:100]: Preload file at: file:///home/astor/neovim/nvim/themes/catppuccin/lua/reactive/presets/catppuccin-frappe-cursorline.lua , size = 1.709 KB
[01:00:07.327][info] [#0:script/workspace/loading.lua:100]: Preload file at: file:///home/astor/neovim/nvim/themes/catppuccin/lua/reactive/presets/catppuccin-macchiato-cursor.lua , size = 0.182 KB
[01:00:07.328][info] [#0:script/workspace/loading.lua:100]: Preload file at: file:///home/astor/neovim/nvim/themes/catppuccin/lua/reactive/presets/catppuccin-mocha-cursorline.lua , size = 0.182 KB
[01:00:07.328][info] [#0:script/workspace/loading.lua:100]: Preload file at: file:///home/astor/neovim/nvim/themes/catppuccin/lua/reactive/presets/catppuccin-latte-cursor.lua , size = 0.257 KB
[01:00:07.329][info] [#0:script/workspace/loading.lua:100]: Preload file at: file:///home/astor/neovim/nvim/themes/catppuccin/lua/reactive/presets/catppuccin-mocha-cursor.lua , size = 0.174 KB
[01:00:07.329][info] [#0:script/workspace/loading.lua:100]: Preload file at: file:///home/astor/neovim/nvim/themes/catppuccin/lua/reactive/presets/catppuccin-frappe-cursor.lua , size = 0.176 KB
[01:00:07.330][info] [#0:script/workspace/loading.lua:100]: Preload file at: file:///home/astor/neovim/nvim/themes/catppuccin/lua/lualine/themes/catppuccin.lua , size = 0.043 KB
[01:00:07.330][info] [#0:script/workspace/loading.lua:100]: Preload file at: file:///home/astor/neovim/nvim/themes/catppuccin/lua/lualine/themes/catppuccin-latte.lua , size = 0.049 KB
[01:00:07.331][info] [#0:script/workspace/loading.lua:100]: Preload file at: file:///home/astor/neovim/nvim/themes/catppuccin/lua/lualine/themes/catppuccin-mocha.lua , size = 0.049 KB
[01:00:07.331][info] [#0:script/workspace/loading.lua:100]: Preload file at: file:///home/astor/neovim/nvim/themes/catppuccin/lua/lualine/themes/catppuccin-macchiato.lua , size = 0.053 KB
[01:00:07.332][info] [#0:script/workspace/loading.lua:100]: Preload file at: file:///home/astor/neovim/nvim/themes/catppuccin/lua/lualine/themes/catppuccin-frappe.lua , size = 0.050 KB
[01:00:07.332][info] [#0:script/workspace/loading.lua:100]: Preload file at: file:///home/astor/neovim/nvim/themes/catppuccin/lua/catppuccin/types.lua , size = 11.467 KB
[01:00:07.340][info] [#0:script/workspace/loading.lua:100]: Preload file at: file:///home/astor/neovim/nvim/themes/catppuccin/lua/catppuccin/palettes/mocha.lua , size = 0.549 KB
[01:00:07.341][info] [#0:script/workspace/loading.lua:100]: Preload file at: file:///home/astor/neovim/nvim/themes/catppuccin/lua/catppuccin/palettes/frappe.lua , size = 0.549 KB
[01:00:07.341][info] [#0:script/workspace/loading.lua:100]: Preload file at: file:///home/astor/neovim/nvim/themes/catppuccin/lua/catppuccin/palettes/macchiato.lua , size = 0.549 KB
[01:00:07.342][info] [#0:script/workspace/loading.lua:100]: Preload file at: file:///home/astor/neovim/nvim/themes/catppuccin/lua/catppuccin/palettes/latte.lua , size = 0.549 KB
[01:00:07.343][info] [#0:script/workspace/loading.lua:100]: Preload file at: file:///home/astor/neovim/nvim/themes/catppuccin/lua/catppuccin/palettes/init.lua , size = 1.131 KB
[01:00:07.344][info] [#0:script/workspace/loading.lua:100]: Preload file at: file:///home/astor/neovim/nvim/themes/catppuccin/lua/catppuccin/groups/treesitter.lua , size = 13.235 KB
[01:00:07.353][info] [#0:script/workspace/loading.lua:100]: Preload file at: file:///home/astor/neovim/nvim/themes/catppuccin/lua/catppuccin/groups/lsp.lua , size = 7.177 KB
[01:00:07.357][info] [#0:script/workspace/loading.lua:100]: Preload file at: file:///home/astor/neovim/nvim/themes/catppuccin/lua/catppuccin/groups/syntax.lua , size = 5.686 KB
[01:00:07.362][info] [#0:script/workspace/loading.lua:100]: Preload file at: file:///home/astor/neovim/nvim/themes/catppuccin/lua/catppuccin/groups/editor.lua , size = 8.142 KB
[01:00:07.371][info] [#0:script/workspace/loading.lua:100]: Preload file at: file:///home/astor/neovim/nvim/themes/catppuccin/lua/catppuccin/groups/integrations/window_picker.lua , size = 0.354 KB
[01:00:07.373][info] [#0:script/workspace/loading.lua:100]: Preload file at: file:///home/astor/neovim/nvim/themes/catppuccin/lua/catppuccin/groups/integrations/beacon.lua , size = 0.140 KB
[01:00:07.374][info] [#0:script/workspace/loading.lua:100]: Preload file at: file:///home/astor/neovim/nvim/themes/catppuccin/lua/catppuccin/groups/integrations/lsp_trouble.lua , size = 0.312 KB
[01:00:07.376][info] [#0:script/workspace/loading.lua:100]: Preload file at: file:///home/astor/neovim/nvim/themes/catppuccin/lua/catppuccin/groups/integrations/pounce.lua , size = 0.398 KB
[01:00:07.376][info] [#0:script/workspace/loading.lua:100]: Preload file at: file:///home/astor/neovim/nvim/themes/catppuccin/lua/catppuccin/groups/integrations/mini.lua , size = 6.581 KB
[01:00:07.382][info] [#0:script/workspace/loading.lua:100]: Preload file at: file:///home/astor/neovim/nvim/themes/catppuccin/lua/catppuccin/groups/integrations/nvimtree.lua , size = 0.941 KB
[01:00:07.383][info] [#0:script/workspace/loading.lua:100]: Preload file at: file:///home/astor/neovim/nvim/themes/catppuccin/lua/catppuccin/groups/integrations/notify.lua , size = 0.892 KB
[01:00:07.384][info] [#0:script/workspace/loading.lua:100]: Preload file at: file:///home/astor/neovim/nvim/themes/catppuccin/lua/catppuccin/groups/integrations/lightspeed.lua , size = 0.853 KB
[01:00:07.385][info] [#0:script/workspace/loading.lua:100]: Preload file at: file:///home/astor/neovim/nvim/themes/catppuccin/lua/catppuccin/groups/integrations/mason.lua , size = 1.323 KB
[01:00:07.387][info] [#0:script/workspace/loading.lua:100]: Preload file at: file:///home/astor/neovim/nvim/themes/catppuccin/lua/catppuccin/groups/integrations/barbar.lua , size = 1.014 KB
[01:00:07.389][info] [#0:script/workspace/loading.lua:100]: Preload file at: file:///home/astor/neovim/nvim/themes/catppuccin/lua/catppuccin/groups/integrations/neogit.lua , size = 4.357 KB
[01:00:07.392][info] [#0:script/workspace/loading.lua:100]: Preload file at: file:///home/astor/neovim/nvim/themes/catppuccin/lua/catppuccin/groups/integrations/avante.lua , size = 1.806 KB
[01:00:07.394][info] [#0:script/workspace/loading.lua:100]: Preload file at: file:///home/astor/neovim/nvim/themes/catppuccin/lua/catppuccin/groups/integrations/fern.lua , size = 0.142 KB
[01:00:07.395][info] [#0:script/workspace/loading.lua:100]: Preload file at: file:///home/astor/neovim/nvim/themes/catppuccin/lua/catppuccin/groups/integrations/telekasten.lua , size = 0.201 KB
[01:00:07.395][info] [#0:script/workspace/loading.lua:100]: Preload file at: file:///home/astor/neovim/nvim/themes/catppuccin/lua/catppuccin/groups/integrations/overseer.lua , size = 0.478 KB
[01:00:07.396][info] [#0:script/workspace/loading.lua:100]: Preload file at: file:///home/astor/neovim/nvim/themes/catppuccin/lua/catppuccin/groups/integrations/aerial.lua , size = 1.310 KB
[01:00:07.397][info] [#0:script/workspace/loading.lua:100]: Preload file at: file:///home/astor/neovim/nvim/themes/catppuccin/lua/catppuccin/groups/integrations/which_key.lua , size = 0.337 KB
[01:00:07.398][info] [#0:script/workspace/loading.lua:100]: Preload file at: file:///home/astor/neovim/nvim/themes/catppuccin/lua/catppuccin/groups/integrations/markview.lua , size = 1.726 KB
[01:00:07.401][info] [#0:script/workspace/loading.lua:100]: Preload file at: file:///home/astor/neovim/nvim/themes/catppuccin/lua/catppuccin/groups/integrations/copilot_vim.lua , size = 0.185 KB
[01:00:07.401][info] [#0:script/workspace/loading.lua:100]: Preload file at: file:///home/astor/neovim/nvim/themes/catppuccin/lua/catppuccin/groups/integrations/fidget.lua , size = 0.229 KB
[01:00:07.402][info] [#0:script/workspace/loading.lua:100]: Preload file at: file:///home/astor/neovim/nvim/themes/catppuccin/lua/catppuccin/groups/integrations/alpha.lua , size = 0.303 KB
[01:00:07.403][info] [#0:script/workspace/loading.lua:100]: Preload file at: file:///home/astor/neovim/nvim/themes/catppuccin/lua/catppuccin/groups/integrations/leap.lua , size = 0.695 KB
[01:00:07.404][info] [#0:script/workspace/loading.lua:100]: Preload file at: file:///home/astor/neovim/nvim/themes/catppuccin/lua/catppuccin/groups/integrations/illuminate.lua , size = 0.379 KB
[01:00:07.404][info] [#0:script/workspace/loading.lua:100]: Preload file at: file:///home/astor/neovim/nvim/themes/catppuccin/lua/catppuccin/groups/integrations/symbols_outline.lua , size = 0.308 KB
[01:00:07.405][info] [#0:script/workspace/loading.lua:100]: Preload file at: file:///home/astor/neovim/nvim/themes/catppuccin/lua/catppuccin/groups/integrations/lir.lua , size = 0.948 KB
[01:00:07.406][info] [#0:script/workspace/loading.lua:100]: Preload file at: file:///home/astor/neovim/nvim/themes/catppuccin/lua/catppuccin/groups/integrations/ufo.lua , size = 0.197 KB
[01:00:07.407][info] [#0:script/workspace/loading.lua:100]: Preload file at: file:///home/astor/neovim/nvim/themes/catppuccin/lua/catppuccin/groups/integrations/nvim_surround.lua , size = 0.176 KB
[01:00:07.408][info] [#0:script/workspace/loading.lua:100]: Preload file at: file:///home/astor/neovim/nvim/themes/catppuccin/lua/catppuccin/groups/integrations/dap_ui.lua , size = 1.506 KB
[01:00:07.410][info] [#0:script/workspace/loading.lua:100]: Preload file at: file:///home/astor/neovim/nvim/themes/catppuccin/lua/catppuccin/groups/integrations/dap.lua , size = 0.293 KB
[01:00:07.410][info] [#0:script/workspace/loading.lua:100]: Preload file at: file:///home/astor/neovim/nvim/themes/catppuccin/lua/catppuccin/groups/integrations/grug_far.lua , size = 0.156 KB
[01:00:07.410][info] [#0:script/workspace/loading.lua:100]: Preload file at: file:///home/astor/neovim/nvim/themes/catppuccin/lua/catppuccin/groups/integrations/notifier.lua , size = 0.288 KB
[01:00:07.412][info] [#0:script/workspace/loading.lua:100]: Preload file at: file:///home/astor/neovim/nvim/themes/catppuccin/lua/catppuccin/groups/integrations/fzf.lua , size = 0.740 KB
[01:00:07.413][info] [#0:script/workspace/loading.lua:100]: Preload file at: file:///home/astor/neovim/nvim/themes/catppuccin/lua/catppuccin/groups/integrations/gitgutter.lua , size = 0.341 KB
[01:00:07.414][info] [#0:script/workspace/loading.lua:100]: Preload file at: file:///home/astor/neovim/nvim/themes/catppuccin/lua/catppuccin/groups/integrations/render_markdown.lua , size = 1.069 KB
[01:00:07.415][info] [#0:script/workspace/loading.lua:100]: Preload file at: file:///home/astor/neovim/nvim/themes/catppuccin/lua/catppuccin/groups/integrations/coc_nvim.lua , size = 0.401 KB
[01:00:07.416][info] [#0:script/workspace/loading.lua:100]: Preload file at: file:///home/astor/neovim/nvim/themes/catppuccin/lua/catppuccin/groups/integrations/harpoon.lua , size = 0.226 KB
[01:00:07.416][info] [#0:script/workspace/loading.lua:100]: Preload file at: file:///home/astor/neovim/nvim/themes/catppuccin/lua/catppuccin/groups/integrations/cmp.lua , size = 1.437 KB
[01:00:07.418][info] [#0:script/workspace/loading.lua:100]: Preload file at: file:///home/astor/neovim/nvim/themes/catppuccin/lua/catppuccin/groups/integrations/neotest.lua , size = 0.738 KB
[01:00:07.419][info] [#0:script/workspace/loading.lua:100]: Preload file at: file:///home/astor/neovim/nvim/themes/catppuccin/lua/catppuccin/groups/integrations/octo.lua , size = 3.252 KB
[01:00:07.422][info] [#0:script/workspace/loading.lua:100]: Preload file at: file:///home/astor/neovim/nvim/themes/catppuccin/lua/catppuccin/groups/integrations/indent_blankline.lua , size = 0.694 KB
[01:00:07.423][info] [#0:script/workspace/loading.lua:100]: Preload file at: file:///home/astor/neovim/nvim/themes/catppuccin/lua/catppuccin/groups/integrations/hop.lua , size = 0.412 KB
[01:00:07.424][info] [#0:script/workspace/loading.lua:100]: Preload file at: file:///home/astor/neovim/nvim/themes/catppuccin/lua/catppuccin/groups/integrations/gitsigns.lua , size = 1.620 KB
[01:00:07.426][info] [#0:script/workspace/loading.lua:100]: Preload file at: file:///home/astor/neovim/nvim/themes/catppuccin/lua/catppuccin/groups/integrations/diffview.lua , size = 1.626 KB
[01:00:07.428][info] [#0:script/workspace/loading.lua:100]: Preload file at: file:///home/astor/neovim/nvim/themes/catppuccin/lua/catppuccin/groups/integrations/neotree.lua , size = 1.774 KB
[01:00:07.430][info] [#0:script/workspace/loading.lua:100]: Preload file at: file:///home/astor/neovim/nvim/themes/catppuccin/lua/catppuccin/groups/integrations/noice.lua , size = 0.868 KB
[01:00:07.432][info] [#0:script/workspace/loading.lua:100]: Preload file at: file:///home/astor/neovim/nvim/themes/catppuccin/lua/catppuccin/groups/integrations/dropbar.lua , size = 5.330 KB
[01:00:07.435][info] [#0:script/workspace/loading.lua:100]: Preload file at: file:///home/astor/neovim/nvim/themes/catppuccin/lua/catppuccin/groups/integrations/headlines.lua , size = 0.562 KB
[01:00:07.436][info] [#0:script/workspace/loading.lua:100]: Preload file at: file:///home/astor/neovim/nvim/themes/catppuccin/lua/catppuccin/groups/integrations/vimwiki.lua , size = 0.792 KB
[01:00:07.437][info] [#0:script/workspace/loading.lua:100]: Preload file at: file:///home/astor/neovim/nvim/themes/catppuccin/lua/catppuccin/groups/integrations/lsp_saga.lua , size = 4.459 KB
[01:00:07.441][info] [#0:script/workspace/loading.lua:100]: Preload file at: file:///home/astor/neovim/nvim/themes/catppuccin/lua/catppuccin/groups/integrations/telescope.lua , size = 0.938 KB
[01:00:07.442][info] [#0:script/workspace/loading.lua:100]: Preload file at: file:///home/astor/neovim/nvim/themes/catppuccin/lua/catppuccin/groups/integrations/navic.lua , size = 1.864 KB
[01:00:07.445][info] [#0:script/workspace/loading.lua:100]: Preload file at: file:///home/astor/neovim/nvim/themes/catppuccin/lua/catppuccin/groups/integrations/colorful_winsep.lua , size = 0.287 KB
[01:00:07.446][info] [#0:script/workspace/loading.lua:100]: Preload file at: file:///home/astor/neovim/nvim/themes/catppuccin/lua/catppuccin/groups/integrations/dashboard.lua , size = 0.512 KB
[01:00:07.446][info] [#0:script/workspace/loading.lua:100]: Preload file at: file:///home/astor/neovim/nvim/themes/catppuccin/lua/catppuccin/groups/integrations/gitgraph.lua , size = 0.522 KB
[01:00:07.447][info] [#0:script/workspace/loading.lua:100]: Preload file at: file:///home/astor/neovim/nvim/themes/catppuccin/lua/catppuccin/groups/integrations/ts_rainbow2.lua , size = 0.359 KB
[01:00:07.448][info] [#0:script/workspace/loading.lua:100]: Preload file at: file:///home/astor/neovim/nvim/themes/catppuccin/lua/catppuccin/groups/integrations/ts_rainbow.lua , size = 0.341 KB
[01:00:07.449][info] [#0:script/workspace/loading.lua:100]: Preload file at: file:///home/astor/neovim/nvim/themes/catppuccin/lua/catppuccin/groups/integrations/blink_cmp.lua , size = 2.188 KB
[01:00:07.451][info] [#0:script/workspace/loading.lua:100]: Preload file at: file:///home/astor/neovim/nvim/themes/catppuccin/lua/catppuccin/groups/integrations/buffon.lua , size = 0.274 KB
[01:00:07.452][info] [#0:script/workspace/loading.lua:100]: Preload file at: file:///home/astor/neovim/nvim/themes/catppuccin/lua/catppuccin/groups/integrations/signify.lua , size = 0.217 KB
[01:00:07.453][info] [#0:script/workspace/loading.lua:100]: Preload file at: file:///home/astor/neovim/nvim/themes/catppuccin/lua/catppuccin/groups/integrations/snacks.lua , size = 3.097 KB
[01:00:07.455][info] [#0:script/workspace/loading.lua:100]: Preload file at: file:///home/astor/neovim/nvim/themes/catppuccin/lua/catppuccin/groups/integrations/dadbod_ui.lua , size = 0.274 KB
[01:00:07.456][info] [#0:script/workspace/loading.lua:100]: Preload file at: file:///home/astor/neovim/nvim/themes/catppuccin/lua/catppuccin/groups/integrations/vim_sneak.lua , size = 0.179 KB
[01:00:07.457][info] [#0:script/workspace/loading.lua:100]: Preload file at: file:///home/astor/neovim/nvim/themes/catppuccin/lua/catppuccin/groups/integrations/sandwich.lua , size = 0.326 KB
[01:00:07.457][info] [#0:script/workspace/loading.lua:100]: Preload file at: file:///home/astor/neovim/nvim/themes/catppuccin/lua/catppuccin/groups/integrations/treesitter_context.lua , size = 0.457 KB
[01:00:07.458][info] [#0:script/workspace/loading.lua:100]: Preload file at: file:///home/astor/neovim/nvim/themes/catppuccin/lua/catppuccin/groups/integrations/rainbow_delimiters.lua , size = 0.414 KB
[01:00:07.459][info] [#0:script/workspace/loading.lua:100]: Preload file at: file:///home/astor/neovim/nvim/themes/catppuccin/lua/catppuccin/groups/integrations/flash.lua , size = 0.386 KB
[01:00:07.460][info] [#0:script/workspace/loading.lua:100]: Preload file at: file:///home/astor/neovim/nvim/themes/catppuccin/lua/catppuccin/groups/semantic_tokens.lua , size = 1.168 KB
[01:00:07.461][info] [#0:script/workspace/loading.lua:100]: Preload file at: file:///home/astor/neovim/nvim/themes/catppuccin/lua/catppuccin/groups/terminal.lua , size = 0.532 KB
[01:00:07.462][info] [#0:script/workspace/loading.lua:100]: Preload file at: file:///home/astor/neovim/nvim/themes/catppuccin/lua/catppuccin/lib/mapper.lua , size = 2.709 KB
[01:00:07.465][info] [#0:script/workspace/loading.lua:100]: Preload file at: file:///home/astor/neovim/nvim/themes/catppuccin/lua/catppuccin/lib/vim/bit.lua , size = 1.583 KB
[01:00:07.468][info] [#0:script/workspace/loading.lua:100]: Preload file at: file:///home/astor/neovim/nvim/themes/catppuccin/lua/catppuccin/lib/vim/compiler.lua , size = 2.828 KB
[01:00:07.471][info] [#0:script/workspace/loading.lua:100]: Preload file at: file:///home/astor/neovim/nvim/themes/catppuccin/lua/catppuccin/lib/vim/init.lua , size = 2.347 KB
[01:00:07.473][info] [#0:script/workspace/loading.lua:100]: Preload file at: file:///home/astor/neovim/nvim/themes/catppuccin/lua/catppuccin/lib/hsluv.lua , size = 8.214 KB
[01:00:07.481][info] [#0:script/workspace/loading.lua:100]: Preload file at: file:///home/astor/neovim/nvim/themes/catppuccin/lua/catppuccin/lib/highlighter.lua , size = 0.327 KB
[01:00:07.483][info] [#0:script/workspace/loading.lua:100]: Preload file at: file:///home/astor/neovim/nvim/themes/catppuccin/lua/catppuccin/lib/compiler.lua , size = 2.951 KB
[01:00:07.486][info] [#0:script/workspace/loading.lua:100]: Preload file at: file:///home/astor/neovim/nvim/themes/catppuccin/lua/catppuccin/lib/hashing.lua , size = 0.617 KB
[01:00:07.487][info] [#0:script/workspace/loading.lua:100]: Preload file at: file:///home/astor/neovim/nvim/themes/catppuccin/lua/catppuccin/lib/detect_integrations.lua , size = 1.911 KB
[01:00:07.489][info] [#0:script/workspace/loading.lua:100]: Preload file at: file:///home/astor/neovim/nvim/themes/catppuccin/lua/catppuccin/utils/lualine.lua , size = 1.162 KB
[01:00:07.490][info] [#0:script/workspace/loading.lua:100]: Preload file at: file:///home/astor/neovim/nvim/themes/catppuccin/lua/catppuccin/utils/barbecue.lua , size = 1.795 KB
[01:00:07.493][info] [#0:script/workspace/loading.lua:100]: Preload file at: file:///home/astor/neovim/nvim/themes/catppuccin/lua/catppuccin/utils/colors.lua , size = 4.638 KB
[01:00:07.498][info] [#0:script/workspace/loading.lua:100]: Preload file at: file:///home/astor/neovim/nvim/themes/catppuccin/lua/catppuccin/utils/integration_mappings.lua , size = 2.060 KB
[01:00:07.499][info] [#0:script/workspace/loading.lua:100]: Preload file at: file:///home/astor/neovim/nvim/themes/catppuccin/lua/catppuccin/utils/reactive.lua , size = 2.699 KB
[01:00:07.501][info] [#0:script/workspace/loading.lua:100]: Preload file at: file:///home/astor/neovim/nvim/themes/catppuccin/lua/catppuccin/special/bufferline.lua , size = 4.781 KB
[01:00:07.505][info] [#0:script/workspace/loading.lua:100]: Preload file at: file:///home/astor/neovim/nvim/themes/catppuccin/lua/catppuccin/init.lua , size = 6.595 KB
[01:00:07.511][info] [#0:script/workspace/loading.lua:100]: Preload file at: file:///home/astor/neovim/nvim/themes/catppuccin/lua/catppuccin/special/feline.lua , size = 11.724 KB
[01:00:07.521][info] [#0:script/workspace/loading.lua:100]: Preload file at: file:///home/astor/neovim/nvim/themes/catppuccin/lua/barbecue/theme/catppuccin.lua , size = 0.044 KB
[01:00:07.522][info] [#0:script/workspace/loading.lua:100]: Preload file at: file:///home/astor/neovim/nvim/themes/catppuccin/lua/barbecue/theme/catppuccin-latte.lua , size = 0.050 KB
[01:00:07.522][info] [#0:script/workspace/loading.lua:100]: Preload file at: file:///home/astor/neovim/nvim/themes/catppuccin/lua/barbecue/theme/catppuccin-mocha.lua , size = 0.050 KB
[01:00:07.523][info] [#0:script/workspace/loading.lua:100]: Preload file at: file:///home/astor/neovim/nvim/themes/catppuccin/lua/barbecue/theme/catppuccin-macchiato.lua , size = 0.054 KB
[01:00:07.523][info] [#0:script/workspace/loading.lua:100]: Preload file at: file:///home/astor/neovim/nvim/themes/catppuccin/lua/barbecue/theme/catppuccin-frappe.lua , size = 0.051 KB
[01:00:07.524][info] [#0:script/workspace/loading.lua:100]: Preload file at: file:///home/astor/neovim/nvim/themes/tokyonight/tests/groups_spec.lua , size = 2.728 KB
[01:00:07.527][info] [#0:script/workspace/loading.lua:100]: Preload file at: file:///home/astor/neovim/nvim/themes/tokyonight/tests/colorscheme_spec.lua , size = 2.393 KB
[01:00:07.530][info] [#0:script/workspace/loading.lua:100]: Preload file at: file:///home/astor/neovim/nvim/themes/tokyonight/tests/minit.lua , size = 0.463 KB
[01:00:07.531][info] [#0:script/workspace/loading.lua:100]: Preload file at: file:///home/astor/neovim/nvim/themes/tokyonight/.lazy.lua , size = 3.319 KB
[01:00:07.534][info] [#0:script/workspace/loading.lua:100]: Preload file at: file:///home/astor/neovim/nvim/themes/tokyonight/extras/lua/tokyonight_day.lua , size = 51.195 KB
[01:00:07.556][info] [#0:script/workspace/loading.lua:100]: Preload file at: file:///home/astor/neovim/nvim/themes/tokyonight/extras/lua/tokyonight_moon.lua , size = 51.197 KB
[01:00:07.577][info] [#0:script/workspace/loading.lua:100]: Preload file at: file:///home/astor/neovim/nvim/themes/tokyonight/extras/lua/tokyonight_storm.lua , size = 51.199 KB
[01:00:07.600][info] [#0:script/workspace/loading.lua:100]: Preload file at: file:///home/astor/neovim/nvim/themes/tokyonight/extras/lua/tokyonight_night.lua , size = 51.199 KB
[01:00:07.621][info] [#0:script/workspace/loading.lua:100]: Preload file at: file:///home/astor/neovim/nvim/themes/tokyonight/colors/tokyonight-storm.lua , size = 0.047 KB
[01:00:07.621][info] [#0:script/workspace/loading.lua:100]: Preload file at: file:///home/astor/neovim/nvim/themes/tokyonight/colors/tokyonight.lua , size = 0.086 KB
[01:00:07.623][info] [#0:script/workspace/loading.lua:100]: Preload file at: file:///home/astor/neovim/nvim/themes/tokyonight/colors/tokyonight-moon.lua , size = 0.046 KB
[01:00:07.624][info] [#0:script/workspace/loading.lua:100]: Preload file at: file:///home/astor/neovim/nvim/themes/tokyonight/colors/tokyonight-night.lua , size = 0.047 KB
[01:00:07.624][info] [#0:script/workspace/loading.lua:100]: Preload file at: file:///home/astor/neovim/nvim/themes/tokyonight/colors/tokyonight-day.lua , size = 0.045 KB
[01:00:07.625][info] [#0:script/workspace/loading.lua:100]: Preload file at: file:///home/astor/neovim/nvim/themes/tokyonight/lua/lightline/colorscheme/tokyonight.lua , size = 1.276 KB
[01:00:07.627][info] [#0:script/workspace/loading.lua:100]: Preload file at: file:///home/astor/neovim/nvim/themes/tokyonight/lua/lualine/themes/tokyonight-storm.lua , size = 0.057 KB
[01:00:07.627][info] [#0:script/workspace/loading.lua:100]: Preload file at: file:///home/astor/neovim/nvim/themes/tokyonight/lua/lualine/themes/tokyonight.lua , size = 0.050 KB
[01:00:07.628][info] [#0:script/workspace/loading.lua:100]: Preload file at: file:///home/astor/neovim/nvim/themes/tokyonight/lua/lualine/themes/tokyonight-moon.lua , size = 0.056 KB
[01:00:07.628][info] [#0:script/workspace/loading.lua:100]: Preload file at: file:///home/astor/neovim/nvim/themes/tokyonight/lua/lualine/themes/_tokyonight.lua , size = 1.298 KB
[01:00:07.632][info] [#0:script/workspace/loading.lua:100]: Preload file at: file:///home/astor/neovim/nvim/themes/tokyonight/lua/lualine/themes/tokyonight-night.lua , size = 0.057 KB
[01:00:07.632][info] [#0:script/workspace/loading.lua:100]: Preload file at: file:///home/astor/neovim/nvim/themes/tokyonight/lua/lualine/themes/tokyonight-day.lua , size = 0.055 KB
[01:00:07.633][info] [#0:script/workspace/loading.lua:100]: Preload file at: file:///home/astor/neovim/nvim/themes/tokyonight/lua/barbecue/theme/tokyonight.lua , size = 1.296 KB
[01:00:07.635][info] [#0:script/workspace/loading.lua:100]: Preload file at: file:///home/astor/neovim/nvim/themes/tokyonight/lua/tokyonight/types.lua , size = 0.361 KB
[01:00:07.636][info] [#0:script/workspace/loading.lua:100]: Preload file at: file:///home/astor/neovim/nvim/themes/tokyonight/lua/tokyonight/docs.lua , size = 1.663 KB
[01:00:07.640][info] [#0:script/workspace/loading.lua:100]: Preload file at: file:///home/astor/neovim/nvim/themes/tokyonight/lua/tokyonight/groups/mini_clue.lua , size = 0.540 KB
[01:00:07.641][info] [#0:script/workspace/loading.lua:100]: Preload file at: file:///home/astor/neovim/nvim/themes/tokyonight/lua/tokyonight/groups/mini_tabline.lua , size = 0.761 KB
[01:00:07.643][info] [#0:script/workspace/loading.lua:100]: Preload file at: file:///home/astor/neovim/nvim/themes/tokyonight/lua/tokyonight/groups/notify.lua , size = 1.581 KB
[01:00:07.645][info] [#0:script/workspace/loading.lua:100]: Preload file at: file:///home/astor/neovim/nvim/themes/tokyonight/lua/tokyonight/groups/mini_files.lua , size = 0.570 KB
[01:00:07.645][info] [#0:script/workspace/loading.lua:100]: Preload file at: file:///home/astor/neovim/nvim/themes/tokyonight/lua/tokyonight/groups/mini_trailspace.lua , size = 0.204 KB
[01:00:07.646][info] [#0:script/workspace/loading.lua:100]: Preload file at: file:///home/astor/neovim/nvim/themes/tokyonight/lua/tokyonight/groups/ale.lua , size = 0.243 KB
[01:00:07.647][info] [#0:script/workspace/loading.lua:100]: Preload file at: file:///home/astor/neovim/nvim/themes/tokyonight/lua/tokyonight/groups/neo-tree.lua , size = 1.024 KB
[01:00:07.648][info] [#0:script/workspace/loading.lua:100]: Preload file at: file:///home/astor/neovim/nvim/themes/tokyonight/lua/tokyonight/groups/mini_indentscope.lua , size = 0.301 KB
[01:00:07.649][info] [#0:script/workspace/loading.lua:100]: Preload file at: file:///home/astor/neovim/nvim/themes/tokyonight/lua/tokyonight/groups/barbar.lua , size = 3.903 KB
[01:00:07.653][info] [#0:script/workspace/loading.lua:100]: Preload file at: file:///home/astor/neovim/nvim/themes/tokyonight/lua/tokyonight/groups/kinds.lua , size = 1.349 KB
[01:00:07.655][info] [#0:script/workspace/loading.lua:100]: Preload file at: file:///home/astor/neovim/nvim/themes/tokyonight/lua/tokyonight/groups/treesitter.lua , size = 6.163 KB
[01:00:07.658][info] [#0:script/workspace/loading.lua:100]: Preload file at: file:///home/astor/neovim/nvim/themes/tokyonight/lua/tokyonight/groups/nvim-tree.lua , size = 0.934 KB
[01:00:07.659][info] [#0:script/workspace/loading.lua:100]: Preload file at: file:///home/astor/neovim/nvim/themes/tokyonight/lua/tokyonight/groups/neogit.lua , size = 0.671 KB
[01:00:07.660][info] [#0:script/workspace/loading.lua:100]: Preload file at: file:///home/astor/neovim/nvim/themes/tokyonight/lua/tokyonight/groups/mini_statusline.lua , size = 0.896 KB
[01:00:07.661][info] [#0:script/workspace/loading.lua:100]: Preload file at: file:///home/astor/neovim/nvim/themes/tokyonight/lua/tokyonight/groups/mini_pick.lua , size = 0.770 KB
[01:00:07.662][info] [#0:script/workspace/loading.lua:100]: Preload file at: file:///home/astor/neovim/nvim/themes/tokyonight/lua/tokyonight/groups/mini_hipatterns.lua , size = 0.445 KB
[01:00:07.664][info] [#0:script/workspace/loading.lua:100]: Preload file at: file:///home/astor/neovim/nvim/themes/tokyonight/lua/tokyonight/groups/lazy.lua , size = 0.274 KB
[01:00:07.665][info] [#0:script/workspace/loading.lua:100]: Preload file at: file:///home/astor/neovim/nvim/themes/tokyonight/lua/tokyonight/groups/codeium.lua , size = 0.238 KB
[01:00:07.666][info] [#0:script/workspace/loading.lua:100]: Preload file at: file:///home/astor/neovim/nvim/themes/tokyonight/lua/tokyonight/groups/scrollbar.lua , size = 0.974 KB
[01:00:07.667][info] [#0:script/workspace/loading.lua:100]: Preload file at: file:///home/astor/neovim/nvim/themes/tokyonight/lua/tokyonight/groups/mini_completion.lua , size = 0.225 KB
[01:00:07.668][info] [#0:script/workspace/loading.lua:100]: Preload file at: file:///home/astor/neovim/nvim/themes/tokyonight/lua/tokyonight/groups/grug-far.lua , size = 0.715 KB
[01:00:07.669][info] [#0:script/workspace/loading.lua:100]: Preload file at: file:///home/astor/neovim/nvim/themes/tokyonight/lua/tokyonight/groups/aerial.lua , size = 0.367 KB
[01:00:07.670][info] [#0:script/workspace/loading.lua:100]: Preload file at: file:///home/astor/neovim/nvim/themes/tokyonight/lua/tokyonight/groups/mini_animate.lua , size = 0.273 KB
[01:00:07.670][info] [#0:script/workspace/loading.lua:100]: Preload file at: file:///home/astor/neovim/nvim/themes/tokyonight/lua/tokyonight/groups/treesitter-context.lua , size = 0.284 KB
[01:00:07.671][info] [#0:script/workspace/loading.lua:100]: Preload file at: file:///home/astor/neovim/nvim/themes/tokyonight/lua/tokyonight/groups/alpha.lua , size = 0.365 KB
[01:00:07.672][info] [#0:script/workspace/loading.lua:100]: Preload file at: file:///home/astor/neovim/nvim/themes/tokyonight/lua/tokyonight/groups/leap.lua , size = 0.332 KB
[01:00:07.672][info] [#0:script/workspace/loading.lua:100]: Preload file at: file:///home/astor/neovim/nvim/themes/tokyonight/lua/tokyonight/groups/illuminate.lua , size = 0.401 KB
[01:00:07.673][info] [#0:script/workspace/loading.lua:100]: Preload file at: file:///home/astor/neovim/nvim/themes/tokyonight/lua/tokyonight/groups/mini_map.lua , size = 0.306 KB
[01:00:07.674][info] [#0:script/workspace/loading.lua:100]: Preload file at: file:///home/astor/neovim/nvim/themes/tokyonight/lua/tokyonight/groups/blink.lua , size = 1.390 KB
[01:00:07.675][info] [#0:script/workspace/loading.lua:100]: Preload file at: file:///home/astor/neovim/nvim/themes/tokyonight/lua/tokyonight/groups/copilot.lua , size = 0.286 KB
[01:00:07.676][info] [#0:script/workspace/loading.lua:100]: Preload file at: file:///home/astor/neovim/nvim/themes/tokyonight/lua/tokyonight/groups/supermaven.lua , size = 0.247 KB
[01:00:07.677][info] [#0:script/workspace/loading.lua:100]: Preload file at: file:///home/astor/neovim/nvim/themes/tokyonight/lua/tokyonight/groups/dap.lua , size = 0.312 KB
[01:00:07.678][info] [#0:script/workspace/loading.lua:100]: Preload file at: file:///home/astor/neovim/nvim/themes/tokyonight/lua/tokyonight/groups/mini_icons.lua , size = 0.510 KB
[01:00:07.679][info] [#0:script/workspace/loading.lua:100]: Preload file at: file:///home/astor/neovim/nvim/themes/tokyonight/lua/tokyonight/groups/yanky.lua , size = 0.222 KB
[01:00:07.680][info] [#0:script/workspace/loading.lua:100]: Preload file at: file:///home/astor/neovim/nvim/themes/tokyonight/lua/tokyonight/groups/fzf.lua , size = 0.845 KB
[01:00:07.681][info] [#0:script/workspace/loading.lua:100]: Preload file at: file:///home/astor/neovim/nvim/themes/tokyonight/lua/tokyonight/groups/mini_deps.lua , size = 0.615 KB
[01:00:07.682][info] [#0:script/workspace/loading.lua:100]: Preload file at: file:///home/astor/neovim/nvim/themes/tokyonight/lua/tokyonight/groups/gitgutter.lua , size = 0.571 KB
[01:00:07.683][info] [#0:script/workspace/loading.lua:100]: Preload file at: file:///home/astor/neovim/nvim/themes/tokyonight/lua/tokyonight/groups/which-key.lua , size = 0.421 KB
[01:00:07.684][info] [#0:script/workspace/loading.lua:100]: Preload file at: file:///home/astor/neovim/nvim/themes/tokyonight/lua/tokyonight/groups/semantic_tokens.lua , size = 2.925 KB
[01:00:07.685][info] [#0:script/workspace/loading.lua:100]: Preload file at: file:///home/astor/neovim/nvim/themes/tokyonight/lua/tokyonight/groups/cmp.lua , size = 1.041 KB
[01:00:07.687][info] [#0:script/workspace/loading.lua:100]: Preload file at: file:///home/astor/neovim/nvim/themes/tokyonight/lua/tokyonight/groups/sidekick.lua , size = 0.438 KB
[01:00:07.687][info] [#0:script/workspace/loading.lua:100]: Preload file at: file:///home/astor/neovim/nvim/themes/tokyonight/lua/tokyonight/groups/neotest.lua , size = 0.871 KB
[01:00:07.688][info] [#0:script/workspace/loading.lua:100]: Preload file at: file:///home/astor/neovim/nvim/themes/tokyonight/lua/tokyonight/groups/octo.lua , size = 0.812 KB
[01:00:07.689][info] [#0:script/workspace/loading.lua:100]: Preload file at: file:///home/astor/neovim/nvim/themes/tokyonight/lua/tokyonight/groups/glyph-palette.lua , size = 0.425 KB
[01:00:07.690][info] [#0:script/workspace/loading.lua:100]: Preload file at: file:///home/astor/neovim/nvim/themes/tokyonight/lua/tokyonight/groups/base.lua , size = 13.474 KB
[01:00:07.698][info] [#0:script/workspace/loading.lua:100]: Preload file at: file:///home/astor/neovim/nvim/themes/tokyonight/lua/tokyonight/groups/hop.lua , size = 0.392 KB
[01:00:07.698][info] [#0:script/workspace/loading.lua:100]: Preload file at: file:///home/astor/neovim/nvim/themes/tokyonight/lua/tokyonight/groups/gitsigns.lua , size = 0.405 KB
[01:00:07.699][info] [#0:script/workspace/loading.lua:100]: Preload file at: file:///home/astor/neovim/nvim/themes/tokyonight/lua/tokyonight/groups/indentmini.lua , size = 0.309 KB
[01:00:07.700][info] [#0:script/workspace/loading.lua:100]: Preload file at: file:///home/astor/neovim/nvim/themes/tokyonight/lua/tokyonight/groups/rainbow.lua , size = 0.523 KB
[01:00:07.701][info] [#0:script/workspace/loading.lua:100]: Preload file at: file:///home/astor/neovim/nvim/themes/tokyonight/lua/tokyonight/groups/mini_surround.lua , size = 0.217 KB
[01:00:07.702][info] [#0:script/workspace/loading.lua:100]: Preload file at: file:///home/astor/neovim/nvim/themes/tokyonight/lua/tokyonight/groups/noice.lua , size = 0.644 KB
[01:00:07.703][info] [#0:script/workspace/loading.lua:100]: Preload file at: file:///home/astor/neovim/nvim/themes/tokyonight/lua/tokyonight/groups/mini_notify.lua , size = 0.273 KB
[01:00:07.704][info] [#0:script/workspace/loading.lua:100]: Preload file at: file:///home/astor/neovim/nvim/themes/tokyonight/lua/tokyonight/groups/vimwiki.lua , size = 0.589 KB
[01:00:07.705][info] [#0:script/workspace/loading.lua:100]: Preload file at: file:///home/astor/neovim/nvim/themes/tokyonight/lua/tokyonight/groups/mini_jump.lua , size = 0.490 KB
[01:00:07.706][info] [#0:script/workspace/loading.lua:100]: Preload file at: file:///home/astor/neovim/nvim/themes/tokyonight/lua/tokyonight/groups/headlines.lua , size = 0.401 KB
[01:00:07.707][info] [#0:script/workspace/loading.lua:100]: Preload file at: file:///home/astor/neovim/nvim/themes/tokyonight/lua/tokyonight/groups/mini_diff.lua , size = 0.454 KB
[01:00:07.708][info] [#0:script/workspace/loading.lua:100]: Preload file at: file:///home/astor/neovim/nvim/themes/tokyonight/lua/tokyonight/groups/indent-blankline.lua , size = 0.459 KB
[01:00:07.709][info] [#0:script/workspace/loading.lua:100]: Preload file at: file:///home/astor/neovim/nvim/themes/tokyonight/lua/tokyonight/groups/mini_starter.lua , size = 0.675 KB
[01:00:07.710][info] [#0:script/workspace/loading.lua:100]: Preload file at: file:///home/astor/neovim/nvim/themes/tokyonight/lua/tokyonight/groups/telescope.lua , size = 0.486 KB
[01:00:07.711][info] [#0:script/workspace/loading.lua:100]: Preload file at: file:///home/astor/neovim/nvim/themes/tokyonight/lua/tokyonight/groups/navic.lua , size = 0.342 KB
[01:00:07.712][info] [#0:script/workspace/loading.lua:100]: Preload file at: file:///home/astor/neovim/nvim/themes/tokyonight/lua/tokyonight/groups/mini_cursorword.lua , size = 0.266 KB
[01:00:07.712][info] [#0:script/workspace/loading.lua:100]: Preload file at: file:///home/astor/neovim/nvim/themes/tokyonight/lua/tokyonight/groups/sneak.lua , size = 0.260 KB
[01:00:07.713][info] [#0:script/workspace/loading.lua:100]: Preload file at: file:///home/astor/neovim/nvim/themes/tokyonight/lua/tokyonight/groups/dashboard.lua , size = 0.854 KB
[01:00:07.714][info] [#0:script/workspace/loading.lua:100]: Preload file at: file:///home/astor/neovim/nvim/themes/tokyonight/lua/tokyonight/groups/render-markdown.lua , size = 0.761 KB
[01:00:07.715][info] [#0:script/workspace/loading.lua:100]: Preload file at: file:///home/astor/neovim/nvim/themes/tokyonight/lua/tokyonight/groups/mini_test.lua , size = 0.297 KB
[01:00:07.718][info] [#0:script/workspace/loading.lua:100]: Preload file at: file:///home/astor/neovim/nvim/themes/tokyonight/lua/tokyonight/groups/mini_operators.lua , size = 0.211 KB
[01:00:07.719][info] [#0:script/workspace/loading.lua:100]: Preload file at: file:///home/astor/neovim/nvim/themes/tokyonight/lua/tokyonight/groups/bufferline.lua , size = 0.226 KB
[01:00:07.719][info] [#0:script/workspace/loading.lua:100]: Preload file at: file:///home/astor/neovim/nvim/themes/tokyonight/lua/tokyonight/groups/lspsaga.lua , size = 1.076 KB
[01:00:07.720][info] [#0:script/workspace/loading.lua:100]: Preload file at: file:///home/astor/neovim/nvim/themes/tokyonight/lua/tokyonight/groups/trouble.lua , size = 0.313 KB
[01:00:07.722][info] [#0:script/workspace/loading.lua:100]: Preload file at: file:///home/astor/neovim/nvim/themes/tokyonight/lua/tokyonight/groups/init.lua , size = 5.649 KB
[01:00:07.725][info] [#0:script/workspace/loading.lua:100]: Preload file at: file:///home/astor/neovim/nvim/themes/tokyonight/lua/tokyonight/groups/snacks.lua , size = 3.438 KB
[01:00:07.728][info] [#0:script/workspace/loading.lua:100]: Preload file at: file:///home/astor/neovim/nvim/themes/tokyonight/lua/tokyonight/groups/flash.lua , size = 0.264 KB
[01:00:07.728][info] [#0:script/workspace/loading.lua:100]: Preload file at: file:///home/astor/neovim/nvim/themes/tokyonight/lua/tokyonight/config.lua , size = 2.785 KB
[01:00:07.731][info] [#0:script/workspace/loading.lua:100]: Preload file at: file:///home/astor/neovim/nvim/themes/tokyonight/lua/tokyonight/util.lua , size = 4.407 KB
[01:00:07.737][info] [#0:script/workspace/loading.lua:100]: Preload file at: file:///home/astor/neovim/nvim/themes/tokyonight/lua/tokyonight/hsluv.lua , size = 8.512 KB
[01:00:07.744][info] [#0:script/workspace/loading.lua:100]: Preload file at: file:///home/astor/neovim/nvim/themes/tokyonight/lua/tokyonight/colors/moon.lua , size = 0.751 KB
[01:00:07.745][info] [#0:script/workspace/loading.lua:100]: Preload file at: file:///home/astor/neovim/nvim/themes/tokyonight/lua/tokyonight/colors/night.lua , size = 0.186 KB
[01:00:07.746][info] [#0:script/workspace/loading.lua:100]: Preload file at: file:///home/astor/neovim/nvim/themes/tokyonight/lua/tokyonight/colors/day.lua , size = 0.451 KB
[01:00:07.747][info] [#0:script/workspace/loading.lua:100]: Preload file at: file:///home/astor/neovim/nvim/themes/tokyonight/lua/tokyonight/colors/storm.lua , size = 0.768 KB
[01:00:07.748][info] [#0:script/workspace/loading.lua:100]: Preload file at: file:///home/astor/neovim/nvim/themes/tokyonight/lua/tokyonight/colors/init.lua , size = 2.737 KB
[01:00:07.751][info] [#0:script/workspace/loading.lua:100]: Preload file at: file:///home/astor/neovim/nvim/themes/tokyonight/lua/tokyonight/extra/qterminal.lua , size = 1.517 KB
[01:00:07.753][info] [#0:script/workspace/loading.lua:100]: Preload file at: file:///home/astor/neovim/nvim/themes/tokyonight/lua/tokyonight/extra/terminator.lua , size = 0.447 KB
[01:00:07.753][info] [#0:script/workspace/loading.lua:100]: Preload file at: file:///home/astor/neovim/nvim/themes/tokyonight/lua/tokyonight/extra/sublime.lua , size = 45.259 KB
[01:00:07.761][info] [#0:script/workspace/loading.lua:100]: Preload file at: file:///home/astor/neovim/nvim/themes/tokyonight/lua/tokyonight/extra/vim.lua , size = 2.306 KB
[01:00:07.764][info] [#0:script/workspace/loading.lua:100]: Preload file at: file:///home/astor/neovim/nvim/themes/tokyonight/lua/tokyonight/extra/tilix.lua , size = 0.683 KB
[01:00:07.764][info] [#0:script/workspace/loading.lua:100]: Preload file at: file:///home/astor/neovim/nvim/themes/tokyonight/lua/tokyonight/extra/gitui.lua , size = 0.914 KB
[01:00:07.766][info] [#0:script/workspace/loading.lua:100]: Preload file at: file:///home/astor/neovim/nvim/themes/tokyonight/lua/tokyonight/extra/iterm.lua , size = 8.414 KB
[01:00:07.768][info] [#0:script/workspace/loading.lua:100]: Preload file at: file:///home/astor/neovim/nvim/themes/tokyonight/lua/tokyonight/extra/ghostty.lua , size = 0.844 KB
[01:00:07.769][info] [#0:script/workspace/loading.lua:100]: Preload file at: file:///home/astor/neovim/nvim/themes/tokyonight/lua/tokyonight/extra/opencode.lua , size = 5.361 KB
[01:00:07.771][info] [#0:script/workspace/loading.lua:100]: Preload file at: file:///home/astor/neovim/nvim/themes/tokyonight/lua/tokyonight/extra/helix.lua , size = 10.255 KB
[01:00:07.779][info] [#0:script/workspace/loading.lua:100]: Preload file at: file:///home/astor/neovim/nvim/themes/tokyonight/lua/tokyonight/extra/konsole.lua , size = 1.463 KB
[01:00:07.780][info] [#0:script/workspace/loading.lua:100]: Preload file at: file:///home/astor/neovim/nvim/themes/tokyonight/lua/tokyonight/extra/discord.lua , size = 13.823 KB
[01:00:07.783][info] [#0:script/workspace/loading.lua:100]: Preload file at: file:///home/astor/neovim/nvim/themes/tokyonight/lua/tokyonight/extra/wezterm.lua , size = 1.383 KB
[01:00:07.784][info] [#0:script/workspace/loading.lua:100]: Preload file at: file:///home/astor/neovim/nvim/themes/tokyonight/lua/tokyonight/extra/dunst.lua , size = 0.612 KB
[01:00:07.785][info] [#0:script/workspace/loading.lua:100]: Preload file at: file:///home/astor/neovim/nvim/themes/tokyonight/lua/tokyonight/extra/kitty.lua , size = 1.221 KB
[01:00:07.786][info] [#0:script/workspace/loading.lua:100]: Preload file at: file:///home/astor/neovim/nvim/themes/tokyonight/lua/tokyonight/extra/eza.lua , size = 3.476 KB
[01:00:07.787][info] [#0:script/workspace/loading.lua:100]: Preload file at: file:///home/astor/neovim/nvim/themes/tokyonight/lua/tokyonight/extra/prism.lua , size = 1.349 KB
[01:00:07.788][info] [#0:script/workspace/loading.lua:100]: Preload file at: file:///home/astor/neovim/nvim/themes/tokyonight/lua/tokyonight/extra/gnome_terminal.lua , size = 1.404 KB
[01:00:07.789][info] [#0:script/workspace/loading.lua:100]: Preload file at: file:///home/astor/neovim/nvim/themes/tokyonight/lua/tokyonight/extra/tailwindv4.lua , size = 5.237 KB
[01:00:07.791][info] [#0:script/workspace/loading.lua:100]: Preload file at: file:///home/astor/neovim/nvim/themes/tokyonight/lua/tokyonight/extra/zathura.lua , size = 1.260 KB
[01:00:07.791][info] [#0:script/workspace/loading.lua:100]: Preload file at: file:///home/astor/neovim/nvim/themes/tokyonight/lua/tokyonight/extra/aider.lua , size = 0.798 KB
[01:00:07.792][info] [#0:script/workspace/loading.lua:100]: Preload file at: file:///home/astor/neovim/nvim/themes/tokyonight/lua/tokyonight/extra/lua.lua , size = 0.339 KB
[01:00:07.793][info] [#0:script/workspace/loading.lua:100]: Preload file at: file:///home/astor/neovim/nvim/themes/tokyonight/lua/tokyonight/extra/aerc.lua , size = 2.153 KB
[01:00:07.794][info] [#0:script/workspace/loading.lua:100]: Preload file at: file:///home/astor/neovim/nvim/themes/tokyonight/lua/tokyonight/extra/process_compose.lua , size = 1.097 KB
[01:00:07.795][info] [#0:script/workspace/loading.lua:100]: Preload file at: file:///home/astor/neovim/nvim/themes/tokyonight/lua/tokyonight/extra/zellij.lua , size = 0.796 KB
[01:00:07.796][info] [#0:script/workspace/loading.lua:100]: Preload file at: file:///home/astor/neovim/nvim/themes/tokyonight/lua/tokyonight/extra/fuzzel.lua , size = 0.559 KB
[01:00:07.797][info] [#0:script/workspace/loading.lua:100]: Preload file at: file:///home/astor/neovim/nvim/themes/tokyonight/lua/tokyonight/extra/fish.lua , size = 1.413 KB
[01:00:07.798][info] [#0:script/workspace/loading.lua:100]: Preload file at: file:///home/astor/neovim/nvim/themes/tokyonight/lua/tokyonight/extra/fish_themes.lua , size = 1.058 KB
[01:00:07.801][info] [#0:script/workspace/loading.lua:100]: Preload file at: file:///home/astor/neovim/nvim/themes/tokyonight/lua/tokyonight/extra/vivaldi.lua , size = 2.076 KB
[01:00:07.803][info] [#0:script/workspace/loading.lua:100]: Preload file at: file:///home/astor/neovim/nvim/themes/tokyonight/lua/tokyonight/extra/alacritty.lua , size = 1.070 KB
[01:00:07.804][info] [#0:script/workspace/loading.lua:100]: Preload file at: file:///home/astor/neovim/nvim/themes/tokyonight/lua/tokyonight/extra/lazygit.lua , size = 0.768 KB
[01:00:07.804][info] [#0:script/workspace/loading.lua:100]: Preload file at: file:///home/astor/neovim/nvim/themes/tokyonight/lua/tokyonight/extra/fzf.lua , size = 2.297 KB
[01:00:07.807][info] [#0:script/workspace/loading.lua:100]: Preload file at: file:///home/astor/neovim/nvim/themes/tokyonight/lua/tokyonight/extra/tmux.lua , size = 2.452 KB
[01:00:07.808][info] [#0:script/workspace/loading.lua:100]: Preload file at: file:///home/astor/neovim/nvim/themes/tokyonight/lua/tokyonight/extra/termux.lua , size = 1.003 KB
[01:00:07.809][info] [#0:script/workspace/loading.lua:100]: Preload file at: file:///home/astor/neovim/nvim/themes/tokyonight/lua/tokyonight/extra/iSH.lua , size = 0.856 KB
[01:00:07.809][info] [#0:script/workspace/loading.lua:100]: Preload file at: file:///home/astor/neovim/nvim/themes/tokyonight/lua/tokyonight/extra/spotify_player.lua , size = 0.653 KB
[01:00:07.810][info] [#0:script/workspace/loading.lua:100]: Preload file at: file:///home/astor/neovim/nvim/themes/tokyonight/lua/tokyonight/extra/xfceterm.lua , size = 0.485 KB
[01:00:07.811][info] [#0:script/workspace/loading.lua:100]: Preload file at: file:///home/astor/neovim/nvim/themes/tokyonight/lua/tokyonight/extra/btop.lua , size = 1.859 KB
[01:00:07.812][info] [#0:script/workspace/loading.lua:100]: Preload file at: file:///home/astor/neovim/nvim/themes/tokyonight/lua/tokyonight/extra/foot.lua , size = 0.790 KB
[01:00:07.813][info] [#0:script/workspace/loading.lua:100]: Preload file at: file:///home/astor/neovim/nvim/themes/tokyonight/lua/tokyonight/extra/delta.lua , size = 0.901 KB
[01:00:07.813][info] [#0:script/workspace/loading.lua:100]: Preload file at: file:///home/astor/neovim/nvim/themes/tokyonight/lua/tokyonight/extra/vimium.lua , size = 2.788 KB
[01:00:07.814][info] [#0:script/workspace/loading.lua:100]: Preload file at: file:///home/astor/neovim/nvim/themes/tokyonight/lua/tokyonight/extra/slack.lua , size = 0.206 KB
[01:00:07.815][info] [#0:script/workspace/loading.lua:100]: Preload file at: file:///home/astor/neovim/nvim/themes/tokyonight/lua/tokyonight/extra/windows_terminal.lua , size = 0.988 KB
[01:00:07.816][info] [#0:script/workspace/loading.lua:100]: Preload file at: file:///home/astor/neovim/nvim/themes/tokyonight/lua/tokyonight/extra/xresources.lua , size = 0.558 KB
[01:00:07.817][info] [#0:script/workspace/loading.lua:100]: Preload file at: file:///home/astor/neovim/nvim/themes/tokyonight/lua/tokyonight/extra/init.lua , size = 5.957 KB
[01:00:07.821][info] [#0:script/workspace/loading.lua:100]: Preload file at: file:///home/astor/neovim/nvim/themes/tokyonight/lua/tokyonight/theme.lua , size = 1.634 KB
[01:00:07.823][info] [#0:script/workspace/loading.lua:100]: Preload file at: file:///home/astor/neovim/nvim/themes/tokyonight/lua/tokyonight/extra/yazi.lua , size = 4.086 KB
[01:00:07.824][info] [#0:script/workspace/loading.lua:100]: Preload file at: file:///home/astor/neovim/nvim/themes/tokyonight/lua/tokyonight/init.lua , size = 0.661 KB
[01:00:07.825][info] [#0:script/workspace/loading.lua:100]: Preload file at: file:///home/astor/neovim/nvim/init.lua , size = 0.646 KB
[01:00:07.826][info] [#0:script/workspace/loading.lua:100]: Preload file at: file:///home/astor/neovim/.local/share/nvim/site/pack/packer/start/rosepine/colors/rose-pine.lua , size = 0.075 KB
[01:00:07.827][info] [#0:script/workspace/loading.lua:100]: Preload file at: file:///home/astor/neovim/.local/share/nvim/site/pack/packer/start/rosepine/colors/rose-pine-main.lua , size = 0.081 KB
[01:00:07.827][info] [#0:script/workspace/loading.lua:100]: Preload file at: file:///home/astor/neovim/.local/share/nvim/site/pack/packer/start/rosepine/colors/rose-pine-dawn.lua , size = 0.081 KB
[01:00:07.828][info] [#0:script/workspace/loading.lua:100]: Preload file at: file:///home/astor/neovim/.local/share/nvim/site/pack/packer/start/rosepine/colors/rose-pine-moon.lua , size = 0.081 KB
[01:00:07.828][info] [#0:script/workspace/loading.lua:100]: Preload file at: file:///home/astor/neovim/.local/share/nvim/site/pack/packer/start/rosepine/lua/lualine/themes/rose-pine-alt.lua , size = 0.772 KB
[01:00:07.829][info] [#0:script/workspace/loading.lua:100]: Preload file at: file:///home/astor/neovim/.local/share/nvim/site/pack/packer/start/rosepine/lua/lualine/themes/rose-pine.lua , size = 1.020 KB
[01:00:07.831][info] [#0:script/workspace/loading.lua:100]: Preload file at: file:///home/astor/neovim/.local/share/nvim/site/pack/packer/start/rosepine/lua/rose-pine.lua , size = 52.594 KB
[01:00:08.799][warn] [#0:script/files.lua:704]: Compile [file:///home/astor/neovim/.local/share/nvim/site/pack/packer/start/rosepine/lua/rose-pine.lua] takes [0.968] sec, size [53.856] kb.
[01:00:08.813][info] [#0:script/workspace/loading.lua:100]: Preload file at: file:///home/astor/neovim/.local/share/nvim/site/pack/packer/start/rosepine/lua/rose-pine/config.lua , size = 5.843 KB
[01:00:08.852][info] [#0:script/workspace/loading.lua:100]: Preload file at: file:///home/astor/neovim/.local/share/nvim/site/pack/packer/start/rosepine/lua/rose-pine/plugins/toggleterm.lua , size = 0.446 KB
[01:00:08.854][info] [#0:script/workspace/loading.lua:100]: Preload file at: file:///home/astor/neovim/.local/share/nvim/site/pack/packer/start/rosepine/lua/rose-pine/plugins/markid.lua , size = 0.307 KB
[01:00:08.855][info] [#0:script/workspace/loading.lua:100]: Preload file at: file:///home/astor/neovim/.local/share/nvim/site/pack/packer/start/rosepine/lua/rose-pine/plugins/obsidian.lua , size = 0.400 KB
[01:00:08.855][info] [#0:script/workspace/loading.lua:100]: Preload file at: file:///home/astor/neovim/.local/share/nvim/site/pack/packer/start/rosepine/lua/rose-pine/plugins/galaxyline.lua , size = 0.379 KB
[01:00:08.856][info] [#0:script/workspace/loading.lua:100]: Preload file at: file:///home/astor/neovim/.local/share/nvim/site/pack/packer/start/rosepine/lua/rose-pine/plugins/bufferline.lua , size = 5.034 KB
[01:00:08.859][info] [#0:script/workspace/loading.lua:100]: Preload file at: file:///home/astor/neovim/.local/share/nvim/site/pack/packer/start/rosepine/lua/rose-pine/utilities.lua , size = 1.542 KB
[01:00:08.861][info] [#0:script/workspace/loading.lua:100]: Preload file at: file:///home/astor/neovim/.local/share/nvim/site/pack/packer/start/rosepine/lua/rose-pine/palette.lua , size = 1.739 KB
[01:00:08.863][info] [#0:script/workspace/loading.lua:100]: Preload file at: file:///home/astor/neovim/.local/share/nvim/site/pack/packer/start/header.nvim/tests/header/update_date_spec.lua , size = 2.779 KB
[01:00:08.865][info] [#0:script/workspace/loading.lua:100]: Preload file at: file:///home/astor/neovim/.local/share/nvim/site/pack/packer/start/header.nvim/tests/header/license_spec.lua , size = 2.114 KB
[01:00:08.867][info] [#0:script/workspace/loading.lua:100]: Preload file at: file:///home/astor/neovim/.local/share/nvim/site/pack/packer/start/header.nvim/tests/header/add_headers_spec.lua , size = 12.183 KB
[01:00:08.875][info] [#0:script/workspace/loading.lua:100]: Preload file at: file:///home/astor/neovim/.local/share/nvim/site/pack/packer/start/header.nvim/tests/header/setup_spec.lua , size = 1.410 KB
[01:00:08.876][info] [#0:script/workspace/loading.lua:100]: Preload file at: file:///home/astor/neovim/.local/share/nvim/site/pack/packer/start/header.nvim/tests/minimal_init.lua , size = 0.471 KB
[01:00:08.877][info] [#0:script/workspace/loading.lua:100]: Preload file at: file:///home/astor/neovim/.local/share/nvim/site/pack/packer/start/header.nvim/lua/header/core.lua , size = 5.699 KB
[01:00:08.882][info] [#0:script/workspace/loading.lua:100]: Preload file at: file:///home/astor/neovim/.local/share/nvim/site/pack/packer/start/header.nvim/lua/header/config.lua , size = 0.843 KB
[01:00:08.883][info] [#0:script/workspace/loading.lua:100]: Preload file at: file:///home/astor/neovim/.local/share/nvim/site/pack/packer/start/header.nvim/lua/header/util.lua , size = 0.926 KB
[01:00:08.884][info] [#0:script/workspace/loading.lua:100]: Preload file at: file:///home/astor/neovim/.local/share/nvim/site/pack/packer/start/header.nvim/lua/header/comments.lua , size = 1.728 KB
[01:00:08.886][info] [#0:script/workspace/loading.lua:100]: Preload file at: file:///home/astor/neovim/.local/share/nvim/site/pack/packer/start/header.nvim/lua/header/commands.lua , size = 0.709 KB
[01:00:08.887][info] [#0:script/workspace/loading.lua:100]: Preload file at: file:///home/astor/neovim/.local/share/nvim/site/pack/packer/start/header.nvim/lua/header/licenses/apache.lua , size = 0.585 KB
[01:00:08.888][info] [#0:script/workspace/loading.lua:100]: Preload file at: file:///home/astor/neovim/.local/share/nvim/site/pack/packer/start/header.nvim/lua/header/licenses/wtfpl.lua , size = 0.306 KB
[01:00:08.888][info] [#0:script/workspace/loading.lua:100]: Preload file at: file:///home/astor/neovim/.local/share/nvim/site/pack/packer/start/header.nvim/lua/header/licenses/mit.lua , size = 1.080 KB
[01:00:08.889][info] [#0:script/workspace/loading.lua:100]: Preload file at: file:///home/astor/neovim/.local/share/nvim/site/pack/packer/start/header.nvim/lua/header/licenses/isc.lua , size = 0.763 KB
[01:00:08.889][info] [#0:script/workspace/loading.lua:100]: Preload file at: file:///home/astor/neovim/.local/share/nvim/site/pack/packer/start/header.nvim/lua/header/licenses/zlib.lua , size = 0.894 KB
[01:00:08.890][info] [#0:script/workspace/loading.lua:100]: Preload file at: file:///home/astor/neovim/.local/share/nvim/site/pack/packer/start/header.nvim/lua/header/licenses/unlicense.lua , size = 1.220 KB
[01:00:08.891][info] [#0:script/workspace/loading.lua:100]: Preload file at: file:///home/astor/neovim/.local/share/nvim/site/pack/packer/start/header.nvim/lua/header/licenses/gpl3.lua , size = 0.693 KB
[01:00:08.891][info] [#0:script/workspace/loading.lua:100]: Preload file at: file:///home/astor/neovim/.local/share/nvim/site/pack/packer/start/header.nvim/lua/header/licenses/bsd3.lua , size = 1.526 KB
[01:00:08.892][info] [#0:script/workspace/loading.lua:100]: Preload file at: file:///home/astor/neovim/.local/share/nvim/site/pack/packer/start/header.nvim/lua/header/licenses/cc0.lua , size = 0.368 KB
[01:00:08.892][info] [#0:script/workspace/loading.lua:100]: Preload file at: file:///home/astor/neovim/.local/share/nvim/site/pack/packer/start/header.nvim/lua/header/licenses/x11.lua , size = 1.348 KB
[01:00:08.893][info] [#0:script/workspace/loading.lua:100]: Preload file at: file:///home/astor/neovim/.local/share/nvim/site/pack/packer/start/header.nvim/lua/header/licenses/mpl.lua , size = 0.226 KB
[01:00:08.893][info] [#0:script/workspace/loading.lua:100]: Preload file at: file:///home/astor/neovim/.local/share/nvim/site/pack/packer/start/header.nvim/lua/header/licenses/agpl3.lua , size = 0.714 KB
[01:00:08.894][info] [#0:script/workspace/loading.lua:100]: Preload file at: file:///home/astor/neovim/.local/share/nvim/site/pack/packer/start/header.nvim/lua/header/licenses/bsd2.lua , size = 1.333 KB
[01:00:08.895][info] [#0:script/workspace/loading.lua:100]: Preload file at: file:///home/astor/neovim/.local/share/nvim/site/pack/packer/start/header.nvim/lua/header/filetypes.lua , size = 1.061 KB
[01:00:08.896][info] [#0:script/workspace/loading.lua:100]: Preload file at: file:///home/astor/neovim/.local/share/nvim/site/pack/packer/start/header.nvim/lua/header/init.lua , size = 1.243 KB
[01:00:08.897][info] [#0:script/workspace/loading.lua:100]: Preload file at: file:///home/astor/neovim/.local/share/nvim/site/pack/packer/start/header.nvim/lua/header/languages.lua , size = 3.525 KB
[01:00:08.900][info] [#0:script/workspace/loading.lua:100]: Preload file at: file:///home/astor/neovim/.local/share/nvim/site/pack/packer/start/header.nvim/lua/header/license.lua , size = 2.620 KB
[01:00:08.903][info] [#0:script/workspace/loading.lua:100]: Preload file at: file:///home/astor/neovim/.local/share/nvim/site/pack/packer/start/bufferline.nvim/tests/highlights_spec.lua , size = 0.922 KB
[01:00:08.904][info] [#0:script/workspace/loading.lua:100]: Preload file at: file:///home/astor/neovim/.local/share/nvim/site/pack/packer/start/bufferline.nvim/tests/bufferline_spec.lua , size = 8.139 KB
[01:00:08.911][info] [#0:script/workspace/loading.lua:100]: Preload file at: file:///home/astor/neovim/.local/share/nvim/site/pack/packer/start/bufferline.nvim/tests/duplicates_spec.lua , size = 5.333 KB
[01:00:08.915][info] [#0:script/workspace/loading.lua:100]: Preload file at: file:///home/astor/neovim/.local/share/nvim/site/pack/packer/start/bufferline.nvim/tests/custom_area_spec.lua , size = 1.703 KB
[01:00:08.917][info] [#0:script/workspace/loading.lua:100]: Preload file at: file:///home/astor/neovim/.local/share/nvim/site/pack/packer/start/bufferline.nvim/tests/utils.lua , size = 1.460 KB
[01:00:08.920][info] [#0:script/workspace/loading.lua:100]: Preload file at: file:///home/astor/neovim/.local/share/nvim/site/pack/packer/start/bufferline.nvim/tests/colors_spec.lua , size = 1.752 KB
[01:00:08.922][info] [#0:script/workspace/loading.lua:100]: Preload file at: file:///home/astor/neovim/.local/share/nvim/site/pack/packer/start/bufferline.nvim/tests/groups_spec.lua , size = 7.170 KB
[01:00:08.928][info] [#0:script/workspace/loading.lua:100]: Preload file at: file:///home/astor/neovim/.local/share/nvim/site/pack/packer/start/bufferline.nvim/tests/ui_spec.lua , size = 5.229 KB
[01:00:08.932][info] [#0:script/workspace/loading.lua:100]: Preload file at: file:///home/astor/neovim/.local/share/nvim/site/pack/packer/start/bufferline.nvim/tests/utils_spec.lua , size = 1.919 KB
[01:00:08.934][info] [#0:script/workspace/loading.lua:100]: Preload file at: file:///home/astor/neovim/.local/share/nvim/site/pack/packer/start/bufferline.nvim/tests/minimal_init.lua , size = 1.048 KB
[01:00:08.936][info] [#0:script/workspace/loading.lua:100]: Preload file at: file:///home/astor/neovim/.local/share/nvim/site/pack/packer/start/bufferline.nvim/tests/sorters_spec.lua , size = 3.277 KB
[01:00:08.940][info] [#0:script/workspace/loading.lua:100]: Preload file at: file:///home/astor/neovim/.local/share/nvim/site/pack/packer/start/bufferline.nvim/tests/config_spec.lua , size = 4.581 KB
[01:00:08.943][info] [#0:script/workspace/loading.lua:100]: Preload file at: file:///home/astor/neovim/.local/share/nvim/site/pack/packer/start/bufferline.nvim/tests/offset_spec.lua , size = 5.253 KB
[01:00:08.948][info] [#0:script/workspace/loading.lua:100]: Preload file at: file:///home/astor/neovim/.local/share/nvim/site/pack/packer/start/bufferline.nvim/tests/numbers_spec.lua , size = 1.143 KB
[01:00:08.949][info] [#0:script/workspace/loading.lua:100]: Preload file at: file:///home/astor/neovim/.local/share/nvim/site/pack/packer/start/bufferline.nvim/lua/bufferline.lua , size = 7.931 KB
[01:00:08.959][info] [#0:script/workspace/loading.lua:100]: Preload file at: file:///home/astor/neovim/.local/share/nvim/site/pack/packer/start/bufferline.nvim/lua/bufferline/types.lua , size = 9.738 KB
[01:00:08.968][info] [#0:script/workspace/loading.lua:100]: Preload file at: file:///home/astor/neovim/.local/share/nvim/site/pack/packer/start/bufferline.nvim/lua/bufferline/highlights.lua , size = 5.857 KB
[01:00:08.974][info] [#0:script/workspace/loading.lua:100]: Preload file at: file:///home/astor/neovim/.local/share/nvim/site/pack/packer/start/bufferline.nvim/lua/bufferline/duplicates.lua , size = 3.320 KB
[01:00:08.977][info] [#0:script/workspace/loading.lua:100]: Preload file at: file:///home/astor/neovim/.local/share/nvim/site/pack/packer/start/bufferline.nvim/lua/bufferline/buffers.lua , size = 2.873 KB
[01:00:08.980][info] [#0:script/workspace/loading.lua:100]: Preload file at: file:///home/astor/neovim/.local/share/nvim/site/pack/packer/start/bufferline.nvim/lua/bufferline/diagnostics.lua , size = 5.854 KB
[01:00:08.985][info] [#0:script/workspace/loading.lua:100]: Preload file at: file:///home/astor/neovim/.local/share/nvim/site/pack/packer/start/bufferline.nvim/lua/bufferline/constants.lua , size = 0.884 KB
[01:00:08.987][info] [#0:script/workspace/loading.lua:100]: Preload file at: file:///home/astor/neovim/.local/share/nvim/site/pack/packer/start/bufferline.nvim/lua/bufferline/config.lua , size = 23.642 KB
[01:00:09.003][info] [#0:script/workspace/loading.lua:100]: Preload file at: file:///home/astor/neovim/.local/share/nvim/site/pack/packer/start/bufferline.nvim/lua/bufferline/sorters.lua , size = 4.922 KB
[01:00:09.008][info] [#0:script/workspace/loading.lua:100]: Preload file at: file:///home/astor/neovim/.local/share/nvim/site/pack/packer/start/bufferline.nvim/lua/bufferline/state.lua , size = 1.253 KB
[01:00:09.009][info] [#0:script/workspace/loading.lua:100]: Preload file at: file:///home/astor/neovim/.local/share/nvim/site/pack/packer/start/bufferline.nvim/lua/bufferline/models.lua , size = 8.418 KB
[01:00:09.019][info] [#0:script/workspace/loading.lua:100]: Preload file at: file:///home/astor/neovim/.local/share/nvim/site/pack/packer/start/bufferline.nvim/lua/bufferline/lazy.lua , size = 0.435 KB
[01:00:09.020][info] [#0:script/workspace/loading.lua:100]: Preload file at: file:///home/astor/neovim/.local/share/nvim/site/pack/packer/start/bufferline.nvim/lua/bufferline/colors.lua , size = 3.669 KB
[01:00:09.024][info] [#0:script/workspace/loading.lua:100]: Preload file at: file:///home/astor/neovim/.local/share/nvim/site/pack/packer/start/bufferline.nvim/lua/bufferline/commands.lua , size = 9.137 KB
[01:00:09.033][info] [#0:script/workspace/loading.lua:100]: Preload file at: file:///home/astor/neovim/.local/share/nvim/site/pack/packer/start/bufferline.nvim/lua/bufferline/groups.lua , size = 18.482 KB
[01:00:09.048][info] [#0:script/workspace/loading.lua:100]: Preload file at: file:///home/astor/neovim/.local/share/nvim/site/pack/packer/start/bufferline.nvim/lua/bufferline/numbers.lua , size = 2.613 KB
[01:00:09.051][info] [#0:script/workspace/loading.lua:100]: Preload file at: file:///home/astor/neovim/.local/share/nvim/site/pack/packer/start/bufferline.nvim/lua/bufferline/offset.lua , size = 5.934 KB
[01:00:09.056][info] [#0:script/workspace/loading.lua:100]: Preload file at: file:///home/astor/neovim/.local/share/nvim/site/pack/packer/start/bufferline.nvim/lua/bufferline/utils/log.lua , size = 0.546 KB
[01:00:09.057][info] [#0:script/workspace/loading.lua:100]: Preload file at: file:///home/astor/neovim/.local/share/nvim/site/pack/packer/start/bufferline.nvim/lua/bufferline/utils/init.lua , size = 8.783 KB
[01:00:09.067][info] [#0:script/workspace/loading.lua:100]: Preload file at: file:///home/astor/neovim/.local/share/nvim/site/pack/packer/start/bufferline.nvim/lua/bufferline/tabpages.lua , size = 5.425 KB
[01:00:09.073][info] [#0:script/workspace/loading.lua:100]: Preload file at: file:///home/astor/neovim/.local/share/nvim/site/pack/packer/start/bufferline.nvim/lua/bufferline/custom_area.lua , size = 2.317 KB
[01:00:09.076][info] [#0:script/workspace/loading.lua:100]: Preload file at: file:///home/astor/neovim/.local/share/nvim/site/pack/packer/start/bufferline.nvim/lua/bufferline/hover.lua , size = 1.406 KB
[01:00:09.078][info] [#0:script/workspace/loading.lua:100]: Preload file at: file:///home/astor/neovim/.local/share/nvim/site/pack/packer/start/bufferline.nvim/lua/bufferline/ui.lua , size = 25.622 KB
[01:00:09.101][info] [#0:script/workspace/loading.lua:100]: Preload file at: file:///home/astor/neovim/.local/share/nvim/site/pack/packer/start/bufferline.nvim/lua/bufferline/pick.lua , size = 2.034 KB
[01:00:09.103][info] [#0:script/workspace/loading.lua:100]: Preload file at: file:///home/astor/neovim/.local/share/nvim/site/pack/packer/start/plenary.nvim/data/plenary/filetypes/base.lua , size = 23.011 KB
[01:00:09.116][info] [#0:script/workspace/loading.lua:100]: Preload file at: file:///home/astor/neovim/.local/share/nvim/site/pack/packer/start/plenary.nvim/data/plenary/filetypes/builtin.lua , size = 1.677 KB
[01:00:09.118][info] [#0:script/workspace/loading.lua:100]: Preload file at: file:///home/astor/neovim/.local/share/nvim/site/pack/packer/start/plenary.nvim/tests/plenary/enum_spec.lua , size = 1.729 KB
[01:00:09.120][info] [#0:script/workspace/loading.lua:100]: Preload file at: file:///home/astor/neovim/.local/share/nvim/site/pack/packer/start/plenary.nvim/tests/plenary/popup_spec.lua , size = 4.456 KB
[01:00:09.124][info] [#0:script/workspace/loading.lua:100]: Preload file at: file:///home/astor/neovim/.local/share/nvim/site/pack/packer/start/plenary.nvim/tests/plenary/py_list_spec.lua , size = 1.951 KB
[01:00:09.127][info] [#0:script/workspace/loading.lua:100]: Preload file at: file:///home/astor/neovim/.local/share/nvim/site/pack/packer/start/plenary.nvim/tests/plenary/simple_busted_spec.lua , size = 4.219 KB
[01:00:09.132][info] [#0:script/workspace/loading.lua:100]: Preload file at: file:///home/astor/neovim/.local/share/nvim/site/pack/packer/start/plenary.nvim/tests/plenary/job_spec.lua , size = 21.173 KB
[01:00:09.152][info] [#0:script/workspace/loading.lua:100]: Preload file at: file:///home/astor/neovim/.local/share/nvim/site/pack/packer/start/plenary.nvim/tests/plenary/tbl_spec.lua , size = 0.576 KB
[01:00:09.153][info] [#0:script/workspace/loading.lua:100]: Preload file at: file:///home/astor/neovim/.local/share/nvim/site/pack/packer/start/plenary.nvim/tests/plenary/json_spec.lua , size = 4.108 KB
[01:00:09.156][info] [#0:script/workspace/loading.lua:100]: Preload file at: file:///home/astor/neovim/.local/share/nvim/site/pack/packer/start/plenary.nvim/tests/plenary/context_manager_spec.lua , size = 4.554 KB
[01:00:09.160][info] [#0:script/workspace/loading.lua:100]: Preload file at: file:///home/astor/neovim/.local/share/nvim/site/pack/packer/start/plenary.nvim/tests/plenary/popup_requires_spec.lua , size = 1.299 KB
[01:00:09.162][info] [#0:script/workspace/loading.lua:100]: Preload file at: file:///home/astor/neovim/.local/share/nvim/site/pack/packer/start/plenary.nvim/tests/plenary/async/condvar_spec.lua , size = 2.514 KB
[01:00:09.165][info] [#0:script/workspace/loading.lua:100]: Preload file at: file:///home/astor/neovim/.local/share/nvim/site/pack/packer/start/plenary.nvim/tests/plenary/async/test_spec.lua , size = 1.203 KB
[01:00:09.166][info] [#0:script/workspace/loading.lua:100]: Preload file at: file:///home/astor/neovim/.local/share/nvim/site/pack/packer/start/plenary.nvim/tests/plenary/async/util_spec.lua , size = 1.825 KB
[01:00:09.169][info] [#0:script/workspace/loading.lua:100]: Preload file at: file:///home/astor/neovim/.local/share/nvim/site/pack/packer/start/plenary.nvim/tests/plenary/async/channel_spec.lua , size = 4.351 KB
[01:00:09.173][info] [#0:script/workspace/loading.lua:100]: Preload file at: file:///home/astor/neovim/.local/share/nvim/site/pack/packer/start/plenary.nvim/tests/plenary/async/async_spec.lua , size = 1.104 KB
[01:00:09.175][info] [#0:script/workspace/loading.lua:100]: Preload file at: file:///home/astor/neovim/.local/share/nvim/site/pack/packer/start/plenary.nvim/tests/plenary/async/semaphore_spec.lua , size = 1.319 KB
[01:00:09.177][info] [#0:script/workspace/loading.lua:100]: Preload file at: file:///home/astor/neovim/.local/share/nvim/site/pack/packer/start/plenary.nvim/tests/plenary/async/deque_spec.lua , size = 1.383 KB
[01:00:09.179][info] [#0:script/workspace/loading.lua:100]: Preload file at: file:///home/astor/neovim/.local/share/nvim/site/pack/packer/start/plenary.nvim/tests/plenary/scandir_spec.lua , size = 8.685 KB
[01:00:09.186][info] [#0:script/workspace/loading.lua:100]: Preload file at: file:///home/astor/neovim/.local/share/nvim/site/pack/packer/start/plenary.nvim/tests/plenary/filetype_spec.lua , size = 5.496 KB
[01:00:09.190][info] [#0:script/workspace/loading.lua:100]: Preload file at: file:///home/astor/neovim/.local/share/nvim/site/pack/packer/start/plenary.nvim/tests/plenary/curl_spec.lua , size = 6.677 KB
[01:00:09.196][info] [#0:script/workspace/loading.lua:100]: Preload file at: file:///home/astor/neovim/.local/share/nvim/site/pack/packer/start/plenary.nvim/tests/plenary/path_spec.lua , size = 26.904 KB
[01:00:09.220][info] [#0:script/workspace/loading.lua:100]: Preload file at: file:///home/astor/neovim/.local/share/nvim/site/pack/packer/start/plenary.nvim/tests/plenary/async_testing_spec.lua , size = 1.904 KB
[01:00:09.225][info] [#0:script/workspace/loading.lua:100]: Preload file at: file:///home/astor/neovim/.local/share/nvim/site/pack/packer/start/plenary.nvim/tests/plenary/strings_spec.lua , size = 11.450 KB
[01:00:09.235][info] [#0:script/workspace/loading.lua:100]: Preload file at: file:///home/astor/neovim/.local/share/nvim/site/pack/packer/start/plenary.nvim/tests/plenary/iterators_spec.lua , size = 3.832 KB
[01:00:09.240][info] [#0:script/workspace/loading.lua:100]: Preload file at: file:///home/astor/neovim/.local/share/nvim/site/pack/packer/start/plenary.nvim/tests/plenary/job/validation_spec.lua , size = 0.948 KB
[01:00:09.241][info] [#0:script/workspace/loading.lua:100]: Preload file at: file:///home/astor/neovim/.local/share/nvim/site/pack/packer/start/plenary.nvim/tests/plenary/functional_spec.lua , size = 0.632 KB
[01:00:09.242][info] [#0:script/workspace/loading.lua:100]: Preload file at: file:///home/astor/neovim/.local/share/nvim/site/pack/packer/start/plenary.nvim/tests/plenary/uses_nvim_spec.lua , size = 0.113 KB
[01:00:09.243][info] [#0:script/workspace/loading.lua:100]: Preload file at: file:///home/astor/neovim/.local/share/nvim/site/pack/packer/start/plenary.nvim/tests/plenary/rotate_spec.lua , size = 0.836 KB
[01:00:09.245][info] [#0:script/workspace/loading.lua:100]: Preload file at: file:///home/astor/neovim/.local/share/nvim/site/pack/packer/start/plenary.nvim/tests/manual/large_job_spec.lua , size = 0.763 KB
[01:00:09.246][info] [#0:script/workspace/loading.lua:100]: Preload file at: file:///home/astor/neovim/.local/share/nvim/site/pack/packer/start/plenary.nvim/scripts/update_filetypes_from_github.lua , size = 6.680 KB
[01:00:09.250][info] [#0:script/workspace/loading.lua:100]: Preload file at: file:///home/astor/neovim/.local/share/nvim/site/pack/packer/start/plenary.nvim/scripts/vararg/rotate.lua , size = 0.700 KB
[01:00:09.252][info] [#0:script/workspace/loading.lua:100]: Preload file at: file:///home/astor/neovim/.local/share/nvim/site/pack/packer/start/plenary.nvim/scripts/generate_luassert_types.lua , size = 2.114 KB
[01:00:09.254][info] [#0:script/workspace/loading.lua:100]: Preload file at: file:///home/astor/neovim/.local/share/nvim/site/pack/packer/start/plenary.nvim/lua/say.lua , size = 1.314 KB
[01:00:09.256][info] [#0:script/workspace/loading.lua:100]: Preload file at: file:///home/astor/neovim/.local/share/nvim/site/pack/packer/start/plenary.nvim/lua/plenary/compat.lua , size = 0.279 KB
[01:00:09.256][info] [#0:script/workspace/loading.lua:100]: Preload file at: file:///home/astor/neovim/.local/share/nvim/site/pack/packer/start/plenary.nvim/lua/plenary/fun.lua , size = 0.376 KB
[01:00:09.257][info] [#0:script/workspace/loading.lua:100]: Preload file at: file:///home/astor/neovim/.local/share/nvim/site/pack/packer/start/plenary.nvim/lua/plenary/bit.lua , size = 8.881 KB
[01:00:09.264][info] [#0:script/workspace/loading.lua:100]: Preload file at: file:///home/astor/neovim/.local/share/nvim/site/pack/packer/start/plenary.nvim/lua/plenary/class.lua , size = 1.709 KB
[01:00:09.267][info] [#0:script/workspace/loading.lua:100]: Preload file at: file:///home/astor/neovim/.local/share/nvim/site/pack/packer/start/plenary.nvim/lua/plenary/log.lua , size = 6.782 KB
[01:00:09.273][info] [#0:script/workspace/loading.lua:100]: Preload file at: file:///home/astor/neovim/.local/share/nvim/site/pack/packer/start/plenary.nvim/lua/plenary/_meta/_luassert.lua , size = 11.515 KB
[01:00:09.282][info] [#0:script/workspace/loading.lua:100]: Preload file at: file:///home/astor/neovim/.local/share/nvim/site/pack/packer/start/plenary.nvim/lua/plenary/scandir.lua , size = 17.658 KB
[01:00:09.296][info] [#0:script/workspace/loading.lua:100]: Preload file at: file:///home/astor/neovim/.local/share/nvim/site/pack/packer/start/plenary.nvim/lua/plenary/benchmark/init.lua , size = 3.443 KB
[01:00:09.301][info] [#0:script/workspace/loading.lua:100]: Preload file at: file:///home/astor/neovim/.local/share/nvim/site/pack/packer/start/plenary.nvim/lua/plenary/benchmark/stat.lua , size = 1.585 KB
[01:00:09.303][info] [#0:script/workspace/loading.lua:100]: Preload file at: file:///home/astor/neovim/.local/share/nvim/site/pack/packer/start/plenary.nvim/lua/plenary/json.lua , size = 3.680 KB
[01:00:09.306][info] [#0:script/workspace/loading.lua:100]: Preload file at: file:///home/astor/neovim/.local/share/nvim/site/pack/packer/start/plenary.nvim/lua/plenary/debug_utils.lua , size = 0.276 KB
[01:00:09.307][info] [#0:script/workspace/loading.lua:100]: Preload file at: file:///home/astor/neovim/.local/share/nvim/site/pack/packer/start/plenary.nvim/lua/plenary/curl.lua , size = 8.697 KB
[01:00:09.315][info] [#0:script/workspace/loading.lua:100]: Preload file at: file:///home/astor/neovim/.local/share/nvim/site/pack/packer/start/plenary.nvim/lua/plenary/popup/utils.lua , size = 0.495 KB
[01:00:09.316][info] [#0:script/workspace/loading.lua:100]: Preload file at: file:///home/astor/neovim/.local/share/nvim/site/pack/packer/start/plenary.nvim/lua/plenary/popup/init.lua , size = 16.165 KB
[01:00:09.326][info] [#0:script/workspace/loading.lua:100]: Preload file at: file:///home/astor/neovim/.local/share/nvim/site/pack/packer/start/plenary.nvim/lua/plenary/window/float.lua , size = 6.232 KB
[01:00:09.331][info] [#0:script/workspace/loading.lua:100]: Preload file at: file:///home/astor/neovim/.local/share/nvim/site/pack/packer/start/plenary.nvim/lua/plenary/window/border.lua , size = 9.435 KB
[01:00:09.339][info] [#0:script/workspace/loading.lua:100]: Preload file at: file:///home/astor/neovim/.local/share/nvim/site/pack/packer/start/plenary.nvim/lua/plenary/window/init.lua , size = 0.316 KB
[01:00:09.340][info] [#0:script/workspace/loading.lua:100]: Preload file at: file:///home/astor/neovim/.local/share/nvim/site/pack/packer/start/plenary.nvim/lua/plenary/async/api.lua , size = 0.286 KB
[01:00:09.340][info] [#0:script/workspace/loading.lua:100]: Preload file at: file:///home/astor/neovim/.local/share/nvim/site/pack/packer/start/plenary.nvim/lua/plenary/async/async.lua , size = 3.297 KB
[01:00:09.344][info] [#0:script/workspace/loading.lua:100]: Preload file at: file:///home/astor/neovim/.local/share/nvim/site/pack/packer/start/plenary.nvim/lua/plenary/async/lsp.lua , size = 0.366 KB
[01:00:09.344][info] [#0:script/workspace/loading.lua:100]: Preload file at: file:///home/astor/neovim/.local/share/nvim/site/pack/packer/start/plenary.nvim/lua/plenary/async/util.lua , size = 3.267 KB
[01:00:09.348][info] [#0:script/workspace/loading.lua:100]: Preload file at: file:///home/astor/neovim/.local/share/nvim/site/pack/packer/start/plenary.nvim/lua/plenary/async/structs.lua , size = 2.243 KB
[01:00:09.351][info] [#0:script/workspace/loading.lua:100]: Preload file at: file:///home/astor/neovim/.local/share/nvim/site/pack/packer/start/plenary.nvim/lua/plenary/async/tests.lua , size = 0.464 KB
[01:00:09.352][info] [#0:script/workspace/loading.lua:100]: Preload file at: file:///home/astor/neovim/.local/share/nvim/site/pack/packer/start/plenary.nvim/lua/plenary/async/uv_async.lua , size = 1.578 KB
[01:00:09.354][info] [#0:script/workspace/loading.lua:100]: Preload file at: file:///home/astor/neovim/.local/share/nvim/site/pack/packer/start/plenary.nvim/lua/plenary/async/init.lua , size = 1.373 KB
[01:00:09.355][info] [#0:script/workspace/loading.lua:100]: Preload file at: file:///home/astor/neovim/.local/share/nvim/site/pack/packer/start/plenary.nvim/lua/plenary/async/control.lua , size = 4.937 KB
[01:00:09.360][info] [#0:script/workspace/loading.lua:100]: Preload file at: file:///home/astor/neovim/.local/share/nvim/site/pack/packer/start/plenary.nvim/lua/plenary/tbl.lua , size = 0.715 KB
[01:00:09.361][info] [#0:script/workspace/loading.lua:100]: Preload file at: file:///home/astor/neovim/.local/share/nvim/site/pack/packer/start/plenary.nvim/lua/plenary/context_manager.lua , size = 1.446 KB
[01:00:09.363][info] [#0:script/workspace/loading.lua:100]: Preload file at: file:///home/astor/neovim/.local/share/nvim/site/pack/packer/start/plenary.nvim/lua/plenary/async_lib/api.lua , size = 0.329 KB
[01:00:09.364][info] [#0:script/workspace/loading.lua:100]: Preload file at: file:///home/astor/neovim/.local/share/nvim/site/pack/packer/start/plenary.nvim/lua/plenary/async_lib/async.lua , size = 5.573 KB
[01:00:09.369][info] [#0:script/workspace/loading.lua:100]: Preload file at: file:///home/astor/neovim/.local/share/nvim/site/pack/packer/start/plenary.nvim/lua/plenary/async_lib/lsp.lua , size = 0.483 KB
[01:00:09.370][info] [#0:script/workspace/loading.lua:100]: Preload file at: file:///home/astor/neovim/.local/share/nvim/site/pack/packer/start/plenary.nvim/lua/plenary/async_lib/util.lua , size = 7.329 KB
[01:00:09.377][info] [#0:script/workspace/loading.lua:100]: Preload file at: file:///home/astor/neovim/.local/share/nvim/site/pack/packer/start/plenary.nvim/lua/plenary/async_lib/structs.lua , size = 2.237 KB
[01:00:09.379][info] [#0:script/workspace/loading.lua:100]: Preload file at: file:///home/astor/neovim/.local/share/nvim/site/pack/packer/start/plenary.nvim/lua/plenary/async_lib/tests.lua , size = 0.262 KB
[01:00:09.380][info] [#0:script/workspace/loading.lua:100]: Preload file at: file:///home/astor/neovim/.local/share/nvim/site/pack/packer/start/plenary.nvim/lua/plenary/async_lib/uv_async.lua , size = 1.504 KB
[01:00:09.382][info] [#0:script/workspace/loading.lua:100]: Preload file at: file:///home/astor/neovim/.local/share/nvim/site/pack/packer/start/plenary.nvim/lua/plenary/async_lib/init.lua , size = 1.117 KB
[01:00:09.384][info] [#0:script/workspace/loading.lua:100]: Preload file at: file:///home/astor/neovim/.local/share/nvim/site/pack/packer/start/plenary.nvim/lua/plenary/strings.lua , size = 4.998 KB
[01:00:09.388][info] [#0:script/workspace/loading.lua:100]: Preload file at: file:///home/astor/neovim/.local/share/nvim/site/pack/packer/start/plenary.nvim/lua/plenary/operators.lua , size = 2.154 KB
[01:00:09.391][info] [#0:script/workspace/loading.lua:100]: Preload file at: file:///home/astor/neovim/.local/share/nvim/site/pack/packer/start/plenary.nvim/lua/plenary/lsp/override.lua , size = 0.692 KB
[01:00:09.392][info] [#0:script/workspace/loading.lua:100]: Preload file at: file:///home/astor/neovim/.local/share/nvim/site/pack/packer/start/plenary.nvim/lua/plenary/iterators.lua , size = 18.141 KB
[01:00:09.408][info] [#0:script/workspace/loading.lua:100]: Preload file at: file:///home/astor/neovim/.local/share/nvim/site/pack/packer/start/plenary.nvim/lua/plenary/profile/lua_profiler.lua , size = 6.548 KB
[01:00:09.413][info] [#0:script/workspace/loading.lua:100]: Preload file at: file:///home/astor/neovim/.local/share/nvim/site/pack/packer/start/plenary.nvim/lua/plenary/profile/memory_profiler.lua , size = 37.303 KB
[01:00:09.433][info] [#0:script/workspace/loading.lua:100]: Preload file at: file:///home/astor/neovim/.local/share/nvim/site/pack/packer/start/plenary.nvim/lua/plenary/profile/p.lua , size = 9.007 KB
[01:00:09.441][info] [#0:script/workspace/loading.lua:100]: Preload file at: file:///home/astor/neovim/.local/share/nvim/site/pack/packer/start/plenary.nvim/lua/plenary/neorocks/init.lua , size = 0.099 KB
[01:00:09.442][info] [#0:script/workspace/loading.lua:100]: Preload file at: file:///home/astor/neovim/.local/share/nvim/site/pack/packer/start/plenary.nvim/lua/plenary/profile.lua , size = 0.876 KB
[01:00:09.443][info] [#0:script/workspace/loading.lua:100]: Preload file at: file:///home/astor/neovim/.local/share/nvim/site/pack/packer/start/plenary.nvim/lua/plenary/functional.lua , size = 1.212 KB
[01:00:09.445][info] [#0:script/workspace/loading.lua:100]: Preload file at: file:///home/astor/neovim/.local/share/nvim/site/pack/packer/start/plenary.nvim/lua/plenary/reload.lua , size = 0.825 KB
[01:00:09.446][info] [#0:script/workspace/loading.lua:100]: Preload file at: file:///home/astor/neovim/.local/share/nvim/site/pack/packer/start/plenary.nvim/lua/plenary/vararg/rotate.lua , size = 2.047 KB
[01:00:09.449][info] [#0:script/workspace/loading.lua:100]: Preload file at: file:///home/astor/neovim/.local/share/nvim/site/pack/packer/start/plenary.nvim/lua/plenary/vararg/init.lua , size = 0.054 KB
[01:00:09.449][info] [#0:script/workspace/loading.lua:100]: Preload file at: file:///home/astor/neovim/.local/share/nvim/site/pack/packer/start/plenary.nvim/lua/plenary/path.lua , size = 22.705 KB
[01:00:09.471][info] [#0:script/workspace/loading.lua:100]: Preload file at: file:///home/astor/neovim/.local/share/nvim/site/pack/packer/start/plenary.nvim/lua/plenary/test_harness.lua , size = 6.257 KB
[01:00:09.477][info] [#0:script/workspace/loading.lua:100]: Preload file at: file:///home/astor/neovim/.local/share/nvim/site/pack/packer/start/plenary.nvim/lua/plenary/filetype.lua , size = 4.739 KB
[01:00:09.482][info] [#0:script/workspace/loading.lua:100]: Preload file at: file:///home/astor/neovim/.local/share/nvim/site/pack/packer/start/plenary.nvim/lua/plenary/run.lua , size = 0.539 KB
[01:00:09.485][info] [#0:script/workspace/loading.lua:100]: Preload file at: file:///home/astor/neovim/.local/share/nvim/site/pack/packer/start/plenary.nvim/lua/plenary/busted.lua , size = 6.011 KB
[01:00:09.492][info] [#0:script/workspace/loading.lua:100]: Preload file at: file:///home/astor/neovim/.local/share/nvim/site/pack/packer/start/plenary.nvim/lua/plenary/job.lua , size = 16.093 KB
[01:00:09.507][info] [#0:script/workspace/loading.lua:100]: Preload file at: file:///home/astor/neovim/.local/share/nvim/site/pack/packer/start/plenary.nvim/lua/plenary/collections/py_list.lua , size = 9.732 KB
[01:00:09.516][info] [#0:script/workspace/loading.lua:100]: Preload file at: file:///home/astor/neovim/.local/share/nvim/site/pack/packer/start/plenary.nvim/lua/plenary/nvim_meta.lua , size = 0.412 KB
[01:00:09.517][info] [#0:script/workspace/loading.lua:100]: Preload file at: file:///home/astor/neovim/.local/share/nvim/site/pack/packer/start/plenary.nvim/lua/plenary/enum.lua , size = 4.297 KB
[01:00:09.521][info] [#0:script/workspace/loading.lua:100]: Preload file at: file:///home/astor/neovim/.local/share/nvim/site/pack/packer/start/plenary.nvim/lua/plenary/init.lua , size = 0.251 KB
[01:00:09.521][info] [#0:script/workspace/loading.lua:100]: Preload file at: file:///home/astor/neovim/.local/share/nvim/site/pack/packer/start/plenary.nvim/lua/plenary/errors.lua , size = 0.320 KB
[01:00:09.522][info] [#0:script/workspace/loading.lua:100]: Preload file at: file:///home/astor/neovim/.local/share/nvim/site/pack/packer/start/plenary.nvim/lua/luassert/namespaces.lua , size = 0.042 KB
[01:00:09.523][info] [#0:script/workspace/loading.lua:100]: Preload file at: file:///home/astor/neovim/.local/share/nvim/site/pack/packer/start/plenary.nvim/lua/luassert/spy.lua , size = 6.927 KB
[01:00:09.528][info] [#0:script/workspace/loading.lua:100]: Preload file at: file:///home/astor/neovim/.local/share/nvim/site/pack/packer/start/plenary.nvim/lua/luassert/mock.lua , size = 1.573 KB
[01:00:09.529][info] [#0:script/workspace/loading.lua:100]: Preload file at: file:///home/astor/neovim/.local/share/nvim/site/pack/packer/start/plenary.nvim/lua/luassert/util.lua , size = 11.194 KB
[01:00:09.537][info] [#0:script/workspace/loading.lua:100]: Preload file at: file:///home/astor/neovim/.local/share/nvim/site/pack/packer/start/plenary.nvim/lua/luassert/array.lua , size = 2.443 KB
[01:00:09.539][info] [#0:script/workspace/loading.lua:100]: Preload file at: file:///home/astor/neovim/.local/share/nvim/site/pack/packer/start/plenary.nvim/lua/luassert/state.lua , size = 2.978 KB
[01:00:09.542][info] [#0:script/workspace/loading.lua:100]: Preload file at: file:///home/astor/neovim/.local/share/nvim/site/pack/packer/start/plenary.nvim/lua/luassert/stub.lua , size = 2.926 KB
[01:00:09.544][info] [#0:script/workspace/loading.lua:100]: Preload file at: file:///home/astor/neovim/.local/share/nvim/site/pack/packer/start/plenary.nvim/lua/luassert/match.lua , size = 1.870 KB
[01:00:09.546][info] [#0:script/workspace/loading.lua:100]: Preload file at: file:///home/astor/neovim/.local/share/nvim/site/pack/packer/start/plenary.nvim/lua/luassert/assert.lua , size = 4.762 KB
[01:00:09.550][info] [#0:script/workspace/loading.lua:100]: Preload file at: file:///home/astor/neovim/.local/share/nvim/site/pack/packer/start/plenary.nvim/lua/luassert/assertions.lua , size = 14.024 KB
[01:00:09.560][info] [#0:script/workspace/loading.lua:100]: Preload file at: file:///home/astor/neovim/.local/share/nvim/site/pack/packer/start/plenary.nvim/lua/luassert/matchers/core.lua , size = 6.277 KB
[01:00:09.566][info] [#0:script/workspace/loading.lua:100]: Preload file at: file:///home/astor/neovim/.local/share/nvim/site/pack/packer/start/plenary.nvim/lua/luassert/matchers/init.lua , size = 0.093 KB
[01:00:09.566][info] [#0:script/workspace/loading.lua:100]: Preload file at: file:///home/astor/neovim/.local/share/nvim/site/pack/packer/start/plenary.nvim/lua/luassert/matchers/composite.lua , size = 1.782 KB
[01:00:09.568][info] [#0:script/workspace/loading.lua:100]: Preload file at: file:///home/astor/neovim/.local/share/nvim/site/pack/packer/start/plenary.nvim/lua/luassert/compatibility.lua , size = 0.291 KB
[01:00:09.569][info] [#0:script/workspace/loading.lua:100]: Preload file at: file:///home/astor/neovim/.local/share/nvim/site/pack/packer/start/plenary.nvim/lua/luassert/modifiers.lua , size = 0.531 KB
[01:00:09.570][info] [#0:script/workspace/loading.lua:100]: Preload file at: file:///home/astor/neovim/.local/share/nvim/site/pack/packer/start/plenary.nvim/lua/luassert/languages/en.lua , size = 3.159 KB
[01:00:09.571][info] [#0:script/workspace/loading.lua:100]: Preload file at: file:///home/astor/neovim/.local/share/nvim/site/pack/packer/start/plenary.nvim/lua/luassert/formatters/init.lua , size = 6.502 KB
[01:00:09.577][info] [#0:script/workspace/loading.lua:100]: Preload file at: file:///home/astor/neovim/.local/share/nvim/site/pack/packer/start/plenary.nvim/lua/luassert/formatters/binarystring.lua , size = 0.760 KB
[01:00:09.579][info] [#0:script/workspace/loading.lua:100]: Preload file at: file:///home/astor/neovim/.local/share/nvim/site/pack/packer/start/plenary.nvim/lua/luassert/init.lua , size = 0.498 KB
[01:00:09.579][info] [#0:script/workspace/loading.lua:100]: Preload file at: file:///home/astor/neovim/.local/share/nvim/site/pack/packer/start/indent-blankline.nvim/specs/features/virt_text_spec.lua , size = 23.480 KB
[01:00:09.591][info] [#0:script/workspace/loading.lua:100]: Preload file at: file:///home/astor/neovim/.local/share/nvim/site/pack/packer/start/indent-blankline.nvim/specs/features/indent_spec.lua , size = 4.069 KB
[01:00:09.595][info] [#0:script/workspace/loading.lua:100]: Preload file at: file:///home/astor/neovim/.local/share/nvim/site/pack/packer/start/indent-blankline.nvim/specs/features/utils_spec.lua , size = 3.938 KB
[01:00:09.598][info] [#0:script/workspace/loading.lua:100]: Preload file at: file:///home/astor/neovim/.local/share/nvim/site/pack/packer/start/indent-blankline.nvim/specs/features/hooks_spec.lua , size = 2.354 KB
[01:00:09.600][info] [#0:script/workspace/loading.lua:100]: Preload file at: file:///home/astor/neovim/.local/share/nvim/site/pack/packer/start/indent-blankline.nvim/specs/features/config_spec.lua , size = 5.009 KB
[01:00:09.604][info] [#0:script/workspace/loading.lua:100]: Preload file at: file:///home/astor/neovim/.local/share/nvim/site/pack/packer/start/indent-blankline.nvim/specs/spec.lua , size = 0.267 KB
[01:00:09.605][info] [#0:script/workspace/loading.lua:100]: Preload file at: file:///home/astor/neovim/.local/share/nvim/site/pack/packer/start/indent-blankline.nvim/lua/ibl/highlights.lua , size = 3.210 KB
[01:00:09.608][info] [#0:script/workspace/loading.lua:100]: Preload file at: file:///home/astor/neovim/.local/share/nvim/site/pack/packer/start/indent-blankline.nvim/lua/ibl/virt_text.lua , size = 4.368 KB
[01:00:09.612][info] [#0:script/workspace/loading.lua:100]: Preload file at: file:///home/astor/neovim/.local/share/nvim/site/pack/packer/start/indent-blankline.nvim/lua/ibl/hooks.lua , size = 9.536 KB
[01:00:09.619][info] [#0:script/workspace/loading.lua:100]: Preload file at: file:///home/astor/neovim/.local/share/nvim/site/pack/packer/start/indent-blankline.nvim/lua/ibl/utils.lua , size = 14.721 KB
[01:00:09.632][info] [#0:script/workspace/loading.lua:100]: Preload file at: file:///home/astor/neovim/.local/share/nvim/site/pack/packer/start/indent-blankline.nvim/lua/ibl/config.lua , size = 10.410 KB
[01:00:09.639][info] [#0:script/workspace/loading.lua:100]: Preload file at: file:///home/astor/neovim/.local/share/nvim/site/pack/packer/start/indent-blankline.nvim/lua/ibl/autocmds.lua , size = 1.694 KB
[01:00:09.641][info] [#0:script/workspace/loading.lua:100]: Preload file at: file:///home/astor/neovim/.local/share/nvim/site/pack/packer/start/indent-blankline.nvim/lua/ibl/inlay_hints.lua , size = 2.822 KB
[01:00:09.644][info] [#0:script/workspace/loading.lua:100]: Preload file at: file:///home/astor/neovim/.local/share/nvim/site/pack/packer/start/indent-blankline.nvim/lua/ibl/config.types.lua , size = 8.953 KB
[01:00:09.648][info] [#0:script/workspace/loading.lua:100]: Preload file at: file:///home/astor/neovim/.local/share/nvim/site/pack/packer/start/indent-blankline.nvim/lua/ibl/indent.lua , size = 4.078 KB
[01:00:09.651][info] [#0:script/workspace/loading.lua:100]: Preload file at: file:///home/astor/neovim/.local/share/nvim/site/pack/packer/start/indent-blankline.nvim/lua/ibl/init.lua , size = 17.307 KB
[01:00:09.662][info] [#0:script/workspace/loading.lua:100]: Preload file at: file:///home/astor/neovim/.local/share/nvim/site/pack/packer/start/indent-blankline.nvim/lua/ibl/scope_languages.lua , size = 16.354 KB
[01:00:09.669][info] [#0:script/workspace/loading.lua:100]: Preload file at: file:///home/astor/neovim/.local/share/nvim/site/pack/packer/start/indent-blankline.nvim/lua/ibl/scope.lua , size = 2.605 KB
[01:00:09.672][info] [#0:script/workspace/loading.lua:100]: Preload file at: file:///home/astor/neovim/.local/share/nvim/site/pack/packer/start/indent-blankline.nvim/lua/indent_blankline.lua , size = 0.322 KB
[01:00:09.673][info] [#0:script/workspace/loading.lua:100]: Preload file at: file:///home/astor/neovim/.local/share/nvim/site/pack/packer/start/indent-blankline.nvim/after/plugin/commands.lua , size = 1.271 KB
[01:00:09.674][info] [#0:script/workspace/loading.lua:100]: Preload file at: file:///home/astor/neovim/.local/share/nvim/site/pack/packer/start/indent-blankline.nvim/after/ftplugin/c.lua , size = 0.118 KB
[01:00:09.674][info] [#0:script/workspace/loading.lua:100]: Preload file at: file:///home/astor/neovim/.local/share/nvim/site/pack/packer/start/indent-blankline.nvim/after/ftplugin/cpp.lua , size = 0.118 KB
[01:00:09.675][info] [#0:script/workspace/loading.lua:100]: Preload file at: file:///home/astor/neovim/.local/share/nvim/site/pack/packer/start/formatter.nvim/asset/splash.lua , size = 0.090 KB
[01:00:09.675][info] [#0:script/workspace/loading.lua:100]: Preload file at: file:///home/astor/neovim/.local/share/nvim/site/pack/packer/start/formatter.nvim/test/test.lua , size = 0.879 KB
[01:00:09.676][info] [#0:script/workspace/loading.lua:100]: Preload file at: file:///home/astor/neovim/.local/share/nvim/site/pack/packer/start/formatter.nvim/lua/formatter/complete.lua , size = 0.520 KB
[01:00:09.677][info] [#0:script/workspace/loading.lua:100]: Preload file at: file:///home/astor/neovim/.local/share/nvim/site/pack/packer/start/formatter.nvim/lua/formatter/defaults/pint.lua , size = 0.100 KB
[01:00:09.678][info] [#0:script/workspace/loading.lua:100]: Preload file at: file:///home/astor/neovim/.local/share/nvim/site/pack/packer/start/formatter.nvim/lua/formatter/defaults/zigfmt.lua , size = 0.103 KB
[01:00:09.678][info] [#0:script/workspace/loading.lua:100]: Preload file at: file:///home/astor/neovim/.local/share/nvim/site/pack/packer/start/formatter.nvim/lua/formatter/defaults/prettiereslint.lua , size = 0.563 KB
[01:00:09.679][info] [#0:script/workspace/loading.lua:100]: Preload file at: file:///home/astor/neovim/.local/share/nvim/site/pack/packer/start/formatter.nvim/lua/formatter/defaults/fishindent.lua , size = 0.078 KB
[01:00:09.680][info] [#0:script/workspace/loading.lua:100]: Preload file at: file:///home/astor/neovim/.local/share/nvim/site/pack/packer/start/formatter.nvim/lua/formatter/defaults/latexindent.lua , size = 0.128 KB
[01:00:09.680][info] [#0:script/workspace/loading.lua:100]: Preload file at: file:///home/astor/neovim/.local/share/nvim/site/pack/packer/start/formatter.nvim/lua/formatter/defaults/prettydiff.lua , size = 0.438 KB
[01:00:09.681][info] [#0:script/workspace/loading.lua:100]: Preload file at: file:///home/astor/neovim/.local/share/nvim/site/pack/packer/start/formatter.nvim/lua/formatter/defaults/jsbeautify.lua , size = 0.106 KB
[01:00:09.681][info] [#0:script/workspace/loading.lua:100]: Preload file at: file:///home/astor/neovim/.local/share/nvim/site/pack/packer/start/formatter.nvim/lua/formatter/defaults/stylish_haskell.lua , size = 0.082 KB
[01:00:09.682][info] [#0:script/workspace/loading.lua:100]: Preload file at: file:///home/astor/neovim/.local/share/nvim/site/pack/packer/start/formatter.nvim/lua/formatter/defaults/php_cs_fixer.lua , size = 0.140 KB
[01:00:09.682][info] [#0:script/workspace/loading.lua:100]: Preload file at: file:///home/astor/neovim/.local/share/nvim/site/pack/packer/start/formatter.nvim/lua/formatter/defaults/biome.lua , size = 0.231 KB
[01:00:09.683][info] [#0:script/workspace/loading.lua:100]: Preload file at: file:///home/astor/neovim/.local/share/nvim/site/pack/packer/start/formatter.nvim/lua/formatter/defaults/nixpkgs_fmt.lua , size = 0.093 KB
[01:00:09.684][info] [#0:script/workspace/loading.lua:100]: Preload file at: file:///home/astor/neovim/.local/share/nvim/site/pack/packer/start/formatter.nvim/lua/formatter/defaults/semistandard.lua , size = 0.142 KB
[01:00:09.684][info] [#0:script/workspace/loading.lua:100]: Preload file at: file:///home/astor/neovim/.local/share/nvim/site/pack/packer/start/formatter.nvim/lua/formatter/defaults/xmlformat.lua , size = 0.096 KB
[01:00:09.685][info] [#0:script/workspace/loading.lua:100]: Preload file at: file:///home/astor/neovim/.local/share/nvim/site/pack/packer/start/formatter.nvim/lua/formatter/defaults/nixfmt.lua , size = 0.088 KB
[01:00:09.685][info] [#0:script/workspace/loading.lua:100]: Preload file at: file:///home/astor/neovim/.local/share/nvim/site/pack/packer/start/formatter.nvim/lua/formatter/defaults/phpcbf.lua , size = 0.101 KB
[01:00:09.686][info] [#0:script/workspace/loading.lua:100]: Preload file at: file:///home/astor/neovim/.local/share/nvim/site/pack/packer/start/formatter.nvim/lua/formatter/defaults/fourmolu.lua , size = 0.220 KB
[01:00:09.687][info] [#0:script/workspace/loading.lua:100]: Preload file at: file:///home/astor/neovim/.local/share/nvim/site/pack/packer/start/formatter.nvim/lua/formatter/defaults/ktlint.lua , size = 0.152 KB
[01:00:09.687][info] [#0:script/workspace/loading.lua:100]: Preload file at: file:///home/astor/neovim/.local/share/nvim/site/pack/packer/start/formatter.nvim/lua/formatter/defaults/perltidy.lua , size = 0.111 KB
[01:00:09.688][info] [#0:script/workspace/loading.lua:100]: Preload file at: file:///home/astor/neovim/.local/share/nvim/site/pack/packer/start/formatter.nvim/lua/formatter/defaults/mixformat.lua , size = 0.239 KB
[01:00:09.689][info] [#0:script/workspace/loading.lua:100]: Preload file at: file:///home/astor/neovim/.local/share/nvim/site/pack/packer/start/formatter.nvim/lua/formatter/defaults/astyle.lua , size = 0.110 KB
[01:00:09.689][info] [#0:script/workspace/loading.lua:100]: Preload file at: file:///home/astor/neovim/.local/share/nvim/site/pack/packer/start/formatter.nvim/lua/formatter/defaults/prettierd.lua , size = 0.183 KB
[01:00:09.690][info] [#0:script/workspace/loading.lua:100]: Preload file at: file:///home/astor/neovim/.local/share/nvim/site/pack/packer/start/formatter.nvim/lua/formatter/defaults/uncrustify.lua , size = 0.116 KB
[01:00:09.690][info] [#0:script/workspace/loading.lua:100]: Preload file at: file:///home/astor/neovim/.local/share/nvim/site/pack/packer/start/formatter.nvim/lua/formatter/defaults/tsfmt.lua , size = 0.302 KB
[01:00:09.691][info] [#0:script/workspace/loading.lua:100]: Preload file at: file:///home/astor/neovim/.local/share/nvim/site/pack/packer/start/formatter.nvim/lua/formatter/defaults/ocamlformat.lua , size = 0.263 KB
[01:00:09.692][info] [#0:script/workspace/loading.lua:100]: Preload file at: file:///home/astor/neovim/.local/share/nvim/site/pack/packer/start/formatter.nvim/lua/formatter/defaults/standard.lua , size = 0.138 KB
[01:00:09.692][info] [#0:script/workspace/loading.lua:100]: Preload file at: file:///home/astor/neovim/.local/share/nvim/site/pack/packer/start/formatter.nvim/lua/formatter/defaults/htmlbeautifier.lua , size = 0.081 KB
[01:00:09.693][info] [#0:script/workspace/loading.lua:100]: Preload file at: file:///home/astor/neovim/.local/share/nvim/site/pack/packer/start/formatter.nvim/lua/formatter/defaults/denofmt.lua , size = 0.098 KB
[01:00:09.693][info] [#0:script/workspace/loading.lua:100]: Preload file at: file:///home/astor/neovim/.local/share/nvim/site/pack/packer/start/formatter.nvim/lua/formatter/defaults/eslint_d.lua , size = 0.287 KB
[01:00:09.694][info] [#0:script/workspace/loading.lua:100]: Preload file at: file:///home/astor/neovim/.local/share/nvim/site/pack/packer/start/formatter.nvim/lua/formatter/defaults/ormolu.lua , size = 0.218 KB
[01:00:09.695][info] [#0:script/workspace/loading.lua:100]: Preload file at: file:///home/astor/neovim/.local/share/nvim/site/pack/packer/start/formatter.nvim/lua/formatter/defaults/djlint.lua , size = 0.123 KB
[01:00:09.695][info] [#0:script/workspace/loading.lua:100]: Preload file at: file:///home/astor/neovim/.local/share/nvim/site/pack/packer/start/formatter.nvim/lua/formatter/defaults/clangformat.lua , size = 0.250 KB
[01:00:09.696][info] [#0:script/workspace/loading.lua:100]: Preload file at: file:///home/astor/neovim/.local/share/nvim/site/pack/packer/start/formatter.nvim/lua/formatter/defaults/alejandra.lua , size = 0.102 KB
[01:00:09.696][info] [#0:script/workspace/loading.lua:100]: Preload file at: file:///home/astor/neovim/.local/share/nvim/site/pack/packer/start/formatter.nvim/lua/formatter/defaults/esformatter.lua , size = 0.106 KB
[01:00:09.697][info] [#0:script/workspace/loading.lua:100]: Preload file at: file:///home/astor/neovim/.local/share/nvim/site/pack/packer/start/formatter.nvim/lua/formatter/defaults/sed.lua , size = 0.230 KB
[01:00:09.698][info] [#0:script/workspace/loading.lua:100]: Preload file at: file:///home/astor/neovim/.local/share/nvim/site/pack/packer/start/formatter.nvim/lua/formatter/defaults/init.lua , size = 0.714 KB
[01:00:09.699][info] [#0:script/workspace/loading.lua:100]: Preload file at: file:///home/astor/neovim/.local/share/nvim/site/pack/packer/start/formatter.nvim/lua/formatter/defaults/prettier.lua , size = 0.515 KB
[01:00:09.699][info] [#0:script/workspace/loading.lua:100]: Preload file at: file:///home/astor/neovim/.local/share/nvim/site/pack/packer/start/formatter.nvim/lua/formatter/log.lua , size = 1.766 KB
[01:00:09.701][info] [#0:script/workspace/loading.lua:100]: Preload file at: file:///home/astor/neovim/.local/share/nvim/site/pack/packer/start/formatter.nvim/lua/formatter/config.lua , size = 2.411 KB
[01:00:09.704][info] [#0:script/workspace/loading.lua:100]: Preload file at: file:///home/astor/neovim/.local/share/nvim/site/pack/packer/start/formatter.nvim/lua/formatter/util.lua , size = 8.910 KB
[01:00:09.711][info] [#0:script/workspace/loading.lua:100]: Preload file at: file:///home/astor/neovim/.local/share/nvim/site/pack/packer/start/formatter.nvim/lua/formatter/tempfile.lua , size = 1.401 KB
[01:00:09.712][info] [#0:script/workspace/loading.lua:100]: Preload file at: file:///home/astor/neovim/.local/share/nvim/site/pack/packer/start/formatter.nvim/lua/formatter/format.lua , size = 7.350 KB
[01:00:09.718][info] [#0:script/workspace/loading.lua:100]: Preload file at: file:///home/astor/neovim/.local/share/nvim/site/pack/packer/start/formatter.nvim/lua/formatter/filetypes/nim.lua , size = 0.177 KB
[01:00:09.718][info] [#0:script/workspace/loading.lua:100]: Preload file at: file:///home/astor/neovim/.local/share/nvim/site/pack/packer/start/formatter.nvim/lua/formatter/filetypes/vue.lua , size = 0.200 KB
[01:00:09.719][info] [#0:script/workspace/loading.lua:100]: Preload file at: file:///home/astor/neovim/.local/share/nvim/site/pack/packer/start/formatter.nvim/lua/formatter/filetypes/c.lua , size = 0.250 KB
[01:00:09.720][info] [#0:script/workspace/loading.lua:100]: Preload file at: file:///home/astor/neovim/.local/share/nvim/site/pack/packer/start/formatter.nvim/lua/formatter/filetypes/python.lua , size = 1.326 KB
[01:00:09.721][info] [#0:script/workspace/loading.lua:100]: Preload file at: file:///home/astor/neovim/.local/share/nvim/site/pack/packer/start/formatter.nvim/lua/formatter/filetypes/elixir.lua , size = 0.150 KB
[01:00:09.722][info] [#0:script/workspace/loading.lua:100]: Preload file at: file:///home/astor/neovim/.local/share/nvim/site/pack/packer/start/formatter.nvim/lua/formatter/filetypes/perl.lua , size = 0.148 KB
[01:00:09.722][info] [#0:script/workspace/loading.lua:100]: Preload file at: file:///home/astor/neovim/.local/share/nvim/site/pack/packer/start/formatter.nvim/lua/formatter/filetypes/zsh.lua , size = 0.300 KB
[01:00:09.723][info] [#0:script/workspace/loading.lua:100]: Preload file at: file:///home/astor/neovim/.local/share/nvim/site/pack/packer/start/formatter.nvim/lua/formatter/filetypes/twig.lua , size = 0.145 KB
[01:00:09.723][info] [#0:script/workspace/loading.lua:100]: Preload file at: file:///home/astor/neovim/.local/share/nvim/site/pack/packer/start/formatter.nvim/lua/formatter/filetypes/solidity.lua , size = 0.428 KB
[01:00:09.724][info] [#0:script/workspace/loading.lua:100]: Preload file at: file:///home/astor/neovim/.local/share/nvim/site/pack/packer/start/formatter.nvim/lua/formatter/filetypes/terraform.lua , size = 0.235 KB
[01:00:09.725][info] [#0:script/workspace/loading.lua:100]: Preload file at: file:///home/astor/neovim/.local/share/nvim/site/pack/packer/start/formatter.nvim/lua/formatter/filetypes/awk.lua , size = 0.193 KB
[01:00:09.725][info] [#0:script/workspace/loading.lua:100]: Preload file at: file:///home/astor/neovim/.local/share/nvim/site/pack/packer/start/formatter.nvim/lua/formatter/filetypes/php.lua , size = 0.229 KB
[01:00:09.726][info] [#0:script/workspace/loading.lua:100]: Preload file at: file:///home/astor/neovim/.local/share/nvim/site/pack/packer/start/formatter.nvim/lua/formatter/filetypes/java.lua , size = 0.520 KB
[01:00:09.727][info] [#0:script/workspace/loading.lua:100]: Preload file at: file:///home/astor/neovim/.local/share/nvim/site/pack/packer/start/formatter.nvim/lua/formatter/filetypes/templ.lua , size = 0.104 KB
[01:00:09.727][info] [#0:script/workspace/loading.lua:100]: Preload file at: file:///home/astor/neovim/.local/share/nvim/site/pack/packer/start/formatter.nvim/lua/formatter/filetypes/kotlin.lua , size = 0.178 KB
[01:00:09.728][info] [#0:script/workspace/loading.lua:100]: Preload file at: file:///home/astor/neovim/.local/share/nvim/site/pack/packer/start/formatter.nvim/lua/formatter/filetypes/cpp.lua , size = 0.252 KB
[01:00:09.729][info] [#0:script/workspace/loading.lua:100]: Preload file at: file:///home/astor/neovim/.local/share/nvim/site/pack/packer/start/formatter.nvim/lua/formatter/filetypes/r.lua , size = 0.173 KB
[01:00:09.729][info] [#0:script/workspace/loading.lua:100]: Preload file at: file:///home/astor/neovim/.local/share/nvim/site/pack/packer/start/formatter.nvim/lua/formatter/filetypes/nix.lua , size = 0.236 KB
[01:00:09.730][info] [#0:script/workspace/loading.lua:100]: Preload file at: file:///home/astor/neovim/.local/share/nvim/site/pack/packer/start/formatter.nvim/lua/formatter/filetypes/toml.lua , size = 0.292 KB
[01:00:09.730][info] [#0:script/workspace/loading.lua:100]: Preload file at: file:///home/astor/neovim/.local/share/nvim/site/pack/packer/start/formatter.nvim/lua/formatter/filetypes/latex.lua , size = 0.154 KB
[01:00:09.731][info] [#0:script/workspace/loading.lua:100]: Preload file at: file:///home/astor/neovim/.local/share/nvim/site/pack/packer/start/formatter.nvim/lua/formatter/filetypes/proto.lua , size = 0.139 KB
[01:00:09.732][info] [#0:script/workspace/loading.lua:100]: Preload file at: file:///home/astor/neovim/.local/share/nvim/site/pack/packer/start/formatter.nvim/lua/formatter/filetypes/json.lua , size = 0.644 KB
[01:00:09.733][info] [#0:script/workspace/loading.lua:100]: Preload file at: file:///home/astor/neovim/.local/share/nvim/site/pack/packer/start/formatter.nvim/lua/formatter/filetypes/markdown.lua , size = 0.454 KB
[01:00:09.733][info] [#0:script/workspace/loading.lua:100]: Preload file at: file:///home/astor/neovim/.local/share/nvim/site/pack/packer/start/formatter.nvim/lua/formatter/filetypes/css.lua , size = 0.575 KB
[01:00:09.734][info] [#0:script/workspace/loading.lua:100]: Preload file at: file:///home/astor/neovim/.local/share/nvim/site/pack/packer/start/formatter.nvim/lua/formatter/filetypes/graphql.lua , size = 0.193 KB
[01:00:09.735][info] [#0:script/workspace/loading.lua:100]: Preload file at: file:///home/astor/neovim/.local/share/nvim/site/pack/packer/start/formatter.nvim/lua/formatter/filetypes/lua.lua , size = 0.623 KB
[01:00:09.736][info] [#0:script/workspace/loading.lua:100]: Preload file at: file:///home/astor/neovim/.local/share/nvim/site/pack/packer/start/formatter.nvim/lua/formatter/filetypes/cs.lua , size = 0.529 KB
[01:00:09.737][info] [#0:script/workspace/loading.lua:100]: Preload file at: file:///home/astor/neovim/.local/share/nvim/site/pack/packer/start/formatter.nvim/lua/formatter/filetypes/typescript.lua , size = 0.820 KB
[01:00:09.738][info] [#0:script/workspace/loading.lua:100]: Preload file at: file:///home/astor/neovim/.local/share/nvim/site/pack/packer/start/formatter.nvim/lua/formatter/filetypes/sql.lua , size = 0.409 KB
[01:00:09.738][info] [#0:script/workspace/loading.lua:100]: Preload file at: file:///home/astor/neovim/.local/share/nvim/site/pack/packer/start/formatter.nvim/lua/formatter/filetypes/go.lua , size = 0.635 KB
[01:00:09.739][info] [#0:script/workspace/loading.lua:100]: Preload file at: file:///home/astor/neovim/.local/share/nvim/site/pack/packer/start/formatter.nvim/lua/formatter/filetypes/xml.lua , size = 0.572 KB
[01:00:09.740][info] [#0:script/workspace/loading.lua:100]: Preload file at: file:///home/astor/neovim/.local/share/nvim/site/pack/packer/start/formatter.nvim/lua/formatter/filetypes/eruby.lua , size = 0.317 KB
[01:00:09.741][info] [#0:script/workspace/loading.lua:100]: Preload file at: file:///home/astor/neovim/.local/share/nvim/site/pack/packer/start/formatter.nvim/lua/formatter/filetypes/javascriptreact.lua , size = 0.668 KB
[01:00:09.742][info] [#0:script/workspace/loading.lua:100]: Preload file at: file:///home/astor/neovim/.local/share/nvim/site/pack/packer/start/formatter.nvim/lua/formatter/filetypes/dart.lua , size = 0.270 KB
[01:00:09.743][info] [#0:script/workspace/loading.lua:100]: Preload file at: file:///home/astor/neovim/.local/share/nvim/site/pack/packer/start/formatter.nvim/lua/formatter/filetypes/fish.lua , size = 0.152 KB
[01:00:09.743][info] [#0:script/workspace/loading.lua:100]: Preload file at: file:///home/astor/neovim/.local/share/nvim/site/pack/packer/start/formatter.nvim/lua/formatter/filetypes/sh.lua , size = 0.267 KB
[01:00:09.745][info] [#0:script/workspace/loading.lua:100]: Preload file at: file:///home/astor/neovim/.local/share/nvim/site/pack/packer/start/formatter.nvim/lua/formatter/filetypes/xhtml.lua , size = 0.271 KB
[01:00:09.746][info] [#0:script/workspace/loading.lua:100]: Preload file at: file:///home/astor/neovim/.local/share/nvim/site/pack/packer/start/formatter.nvim/lua/formatter/filetypes/any.lua , size = 0.520 KB
[01:00:09.748][info] [#0:script/workspace/loading.lua:100]: Preload file at: file:///home/astor/neovim/.local/share/nvim/site/pack/packer/start/formatter.nvim/lua/formatter/filetypes/cmake.lua , size = 0.129 KB
[01:00:09.748][info] [#0:script/workspace/loading.lua:100]: Preload file at: file:///home/astor/neovim/.local/share/nvim/site/pack/packer/start/formatter.nvim/lua/formatter/filetypes/liquidsoap.lua , size = 0.150 KB
[01:00:09.749][info] [#0:script/workspace/loading.lua:100]: Preload file at: file:///home/astor/neovim/.local/share/nvim/site/pack/packer/start/formatter.nvim/lua/formatter/filetypes/haskell.lua , size = 0.242 KB
[01:00:09.750][info] [#0:script/workspace/loading.lua:100]: Preload file at: file:///home/astor/neovim/.local/share/nvim/site/pack/packer/start/formatter.nvim/lua/formatter/filetypes/javascript.lua , size = 0.668 KB
[01:00:09.751][info] [#0:script/workspace/loading.lua:100]: Preload file at: file:///home/astor/neovim/.local/share/nvim/site/pack/packer/start/formatter.nvim/lua/formatter/filetypes/zig.lua , size = 0.145 KB
[01:00:09.751][info] [#0:script/workspace/loading.lua:100]: Preload file at: file:///home/astor/neovim/.local/share/nvim/site/pack/packer/start/formatter.nvim/lua/formatter/filetypes/typescriptreact.lua , size = 0.820 KB
[01:00:09.752][info] [#0:script/workspace/loading.lua:100]: Preload file at: file:///home/astor/neovim/.local/share/nvim/site/pack/packer/start/formatter.nvim/lua/formatter/filetypes/crystal.lua , size = 0.180 KB
[01:00:09.753][info] [#0:script/workspace/loading.lua:100]: Preload file at: file:///home/astor/neovim/.local/share/nvim/site/pack/packer/start/formatter.nvim/lua/formatter/filetypes/ocaml.lua , size = 0.154 KB
[01:00:09.754][info] [#0:script/workspace/loading.lua:100]: Preload file at: file:///home/astor/neovim/.local/share/nvim/site/pack/packer/start/formatter.nvim/lua/formatter/filetypes/asm.lua , size = 0.099 KB
[01:00:09.754][info] [#0:script/workspace/loading.lua:100]: Preload file at: file:///home/astor/neovim/.local/share/nvim/site/pack/packer/start/formatter.nvim/lua/formatter/filetypes/tex.lua , size = 0.110 KB
[01:00:09.755][info] [#0:script/workspace/loading.lua:100]: Preload file at: file:///home/astor/neovim/.local/share/nvim/site/pack/packer/start/formatter.nvim/lua/formatter/filetypes/rust.lua , size = 0.133 KB
[01:00:09.755][info] [#0:script/workspace/loading.lua:100]: Preload file at: file:///home/astor/neovim/.local/share/nvim/site/pack/packer/start/formatter.nvim/lua/formatter/filetypes/svelte.lua , size = 0.148 KB
[01:00:09.756][info] [#0:script/workspace/loading.lua:100]: Preload file at: file:///home/astor/neovim/.local/share/nvim/site/pack/packer/start/formatter.nvim/lua/formatter/filetypes/html.lua , size = 0.410 KB
[01:00:09.757][info] [#0:script/workspace/loading.lua:100]: Preload file at: file:///home/astor/neovim/.local/share/nvim/site/pack/packer/start/formatter.nvim/lua/formatter/filetypes/init.lua , size = 0.715 KB
[01:00:09.758][info] [#0:script/workspace/loading.lua:100]: Preload file at: file:///home/astor/neovim/.local/share/nvim/site/pack/packer/start/formatter.nvim/lua/formatter/filetypes/yaml.lua , size = 0.406 KB
[01:00:09.758][info] [#0:script/workspace/loading.lua:100]: Preload file at: file:///home/astor/neovim/.local/share/nvim/site/pack/packer/start/formatter.nvim/lua/formatter/filetypes/ruby.lua , size = 0.550 KB
[01:00:09.759][info] [#0:script/workspace/loading.lua:100]: Preload file at: file:///home/astor/neovim/.local/share/nvim/site/pack/packer/start/formatter.nvim/lua/formatter/init.lua , size = 0.355 KB
[01:00:09.760][info] [#0:script/workspace/loading.lua:100]: Preload file at: file:///home/astor/neovim/.local/share/nvim/site/pack/packer/start/neoscroll.nvim/lua/tests/scroll_top_spec.lua , size = 2.206 KB
[01:00:09.762][info] [#0:script/workspace/loading.lua:100]: Preload file at: file:///home/astor/neovim/.local/share/nvim/site/pack/packer/start/neoscroll.nvim/lua/tests/respect_scrolloff_spec.lua , size = 7.920 KB
[01:00:09.768][info] [#0:script/workspace/loading.lua:100]: Preload file at: file:///home/astor/neovim/.local/share/nvim/site/pack/packer/start/neoscroll.nvim/lua/tests/time_tol.lua , size = 0.011 KB
[01:00:09.769][info] [#0:script/workspace/loading.lua:100]: Preload file at: file:///home/astor/neovim/.local/share/nvim/site/pack/packer/start/neoscroll.nvim/lua/tests/scroll_spec.lua , size = 1.529 KB
[01:00:09.771][info] [#0:script/workspace/loading.lua:100]: Preload file at: file:///home/astor/neovim/.local/share/nvim/site/pack/packer/start/neoscroll.nvim/lua/tests/scroll_window_spec.lua , size = 1.542 KB
[01:00:09.772][info] [#0:script/workspace/loading.lua:100]: Preload file at: file:///home/astor/neovim/.local/share/nvim/site/pack/packer/start/neoscroll.nvim/lua/tests/stop_eof_spec.lua , size = 1.234 KB
[01:00:09.774][info] [#0:script/workspace/loading.lua:100]: Preload file at: file:///home/astor/neovim/.local/share/nvim/site/pack/packer/start/neoscroll.nvim/lua/tests/cursor_scrolls_alone_spec.lua , size = 1.416 KB
[01:00:09.775][info] [#0:script/workspace/loading.lua:100]: Preload file at: file:///home/astor/neovim/.local/share/nvim/site/pack/packer/start/neoscroll.nvim/lua/tests/scroll_bottom_spec.lua , size = 2.214 KB
[01:00:09.778][info] [#0:script/workspace/loading.lua:100]: Preload file at: file:///home/astor/neovim/.local/share/nvim/site/pack/packer/start/neoscroll.nvim/lua/neoscroll/config.lua , size = 1.752 KB
[01:00:09.779][info] [#0:script/workspace/loading.lua:100]: Preload file at: file:///home/astor/neovim/.local/share/nvim/site/pack/packer/start/neoscroll.nvim/lua/neoscroll/scroll.lua , size = 6.951 KB
[01:00:09.785][info] [#0:script/workspace/loading.lua:100]: Preload file at: file:///home/astor/neovim/.local/share/nvim/site/pack/packer/start/neoscroll.nvim/lua/neoscroll/window.lua , size = 3.185 KB
[01:00:09.788][info] [#0:script/workspace/loading.lua:100]: Preload file at: file:///home/astor/neovim/.local/share/nvim/site/pack/packer/start/neoscroll.nvim/lua/neoscroll/logic.lua , size = 2.647 KB
[01:00:09.790][info] [#0:script/workspace/loading.lua:100]: Preload file at: file:///home/astor/neovim/.local/share/nvim/site/pack/packer/start/neoscroll.nvim/lua/neoscroll/init.lua , size = 17.136 KB
[01:00:09.802][info] [#0:script/workspace/loading.lua:100]: Preload file at: file:///home/astor/neovim/.local/share/nvim/site/pack/packer/start/nvim-tree.lua/.github/ISSUE_TEMPLATE/nvt-min.lua , size = 1.517 KB
[01:00:09.803][info] [#0:script/workspace/loading.lua:100]: Preload file at: file:///home/astor/neovim/.local/share/nvim/site/pack/packer/start/nvim-tree.lua/lua/nvim-tree/api.lua , size = 14.183 KB
[01:00:09.815][info] [#0:script/workspace/loading.lua:100]: Preload file at: file:///home/astor/neovim/.local/share/nvim/site/pack/packer/start/nvim-tree.lua/lua/nvim-tree/legacy.lua , size = 4.701 KB
[01:00:09.818][info] [#0:script/workspace/loading.lua:100]: Preload file at: file:///home/astor/neovim/.local/share/nvim/site/pack/packer/start/nvim-tree.lua/lua/nvim-tree/buffers.lua , size = 1.396 KB
[01:00:09.820][info] [#0:script/workspace/loading.lua:100]: Preload file at: file:///home/astor/neovim/.local/share/nvim/site/pack/packer/start/nvim-tree.lua/lua/nvim-tree/lib.lua , size = 3.874 KB
[01:00:09.824][info] [#0:script/workspace/loading.lua:100]: Preload file at: file:///home/astor/neovim/.local/share/nvim/site/pack/packer/start/nvim-tree.lua/lua/nvim-tree/log.lua , size = 3.368 KB
[01:00:09.828][info] [#0:script/workspace/loading.lua:100]: Preload file at: file:///home/astor/neovim/.local/share/nvim/site/pack/packer/start/nvim-tree.lua/lua/nvim-tree/notify.lua , size = 1.719 KB
[01:00:09.830][info] [#0:script/workspace/loading.lua:100]: Preload file at: file:///home/astor/neovim/.local/share/nvim/site/pack/packer/start/nvim-tree.lua/lua/nvim-tree/diagnostics.lua , size = 7.271 KB
[01:00:09.835][info] [#0:script/workspace/loading.lua:100]: Preload file at: file:///home/astor/neovim/.local/share/nvim/site/pack/packer/start/nvim-tree.lua/lua/nvim-tree/_meta/api.lua , size = 1.332 KB
[01:00:09.837][info] [#0:script/workspace/loading.lua:100]: Preload file at: file:///home/astor/neovim/.local/share/nvim/site/pack/packer/start/nvim-tree.lua/lua/nvim-tree/_meta/api_decorator.lua , size = 2.153 KB
[01:00:09.838][info] [#0:script/workspace/loading.lua:100]: Preload file at: file:///home/astor/neovim/.local/share/nvim/site/pack/packer/start/nvim-tree.lua/lua/nvim-tree/node/directory.lua , size = 7.884 KB
[01:00:09.846][info] [#0:script/workspace/loading.lua:100]: Preload file at: file:///home/astor/neovim/.local/share/nvim/site/pack/packer/start/nvim-tree.lua/lua/nvim-tree/node/file-link.lua , size = 2.054 KB
[01:00:09.848][info] [#0:script/workspace/loading.lua:100]: Preload file at: file:///home/astor/neovim/.local/share/nvim/site/pack/packer/start/nvim-tree.lua/lua/nvim-tree/node/root.lua , size = 0.827 KB
[01:00:09.850][info] [#0:script/workspace/loading.lua:100]: Preload file at: file:///home/astor/neovim/.local/share/nvim/site/pack/packer/start/nvim-tree.lua/lua/nvim-tree/node/directory-link.lua , size = 2.648 KB
[01:00:09.853][info] [#0:script/workspace/loading.lua:100]: Preload file at: file:///home/astor/neovim/.local/share/nvim/site/pack/packer/start/nvim-tree.lua/lua/nvim-tree/node/file.lua , size = 2.681 KB
[01:00:09.857][info] [#0:script/workspace/loading.lua:100]: Preload file at: file:///home/astor/neovim/.local/share/nvim/site/pack/packer/start/nvim-tree.lua/lua/nvim-tree/node/link.lua , size = 0.443 KB
[01:00:09.858][info] [#0:script/workspace/loading.lua:100]: Preload file at: file:///home/astor/neovim/.local/share/nvim/site/pack/packer/start/nvim-tree.lua/lua/nvim-tree/node/factory.lua , size = 1.362 KB
[01:00:09.859][info] [#0:script/workspace/loading.lua:100]: Preload file at: file:///home/astor/neovim/.local/share/nvim/site/pack/packer/start/nvim-tree.lua/lua/nvim-tree/node/init.lua , size = 3.606 KB
[01:00:09.864][info] [#0:script/workspace/loading.lua:100]: Preload file at: file:///home/astor/neovim/.local/share/nvim/site/pack/packer/start/nvim-tree.lua/lua/nvim-tree/git/utils.lua , size = 5.166 KB
[01:00:09.869][info] [#0:script/workspace/loading.lua:100]: Preload file at: file:///home/astor/neovim/.local/share/nvim/site/pack/packer/start/nvim-tree.lua/lua/nvim-tree/git/init.lua , size = 10.681 KB
[01:00:09.878][info] [#0:script/workspace/loading.lua:100]: Preload file at: file:///home/astor/neovim/.local/share/nvim/site/pack/packer/start/nvim-tree.lua/lua/nvim-tree/git/runner.lua , size = 6.812 KB
[01:00:09.885][info] [#0:script/workspace/loading.lua:100]: Preload file at: file:///home/astor/neovim/.local/share/nvim/site/pack/packer/start/nvim-tree.lua/lua/nvim-tree/renderer/builder.lua , size = 14.335 KB
[01:00:09.901][info] [#0:script/workspace/loading.lua:100]: Preload file at: file:///home/astor/neovim/.local/share/nvim/site/pack/packer/start/nvim-tree.lua/lua/nvim-tree/renderer/decorator/copied.lua , size = 0.829 KB
[01:00:09.902][info] [#0:script/workspace/loading.lua:100]: Preload file at: file:///home/astor/neovim/.local/share/nvim/site/pack/packer/start/nvim-tree.lua/lua/nvim-tree/renderer/decorator/git.lua , size = 6.849 KB
[01:00:09.908][info] [#0:script/workspace/loading.lua:100]: Preload file at: file:///home/astor/neovim/.local/share/nvim/site/pack/packer/start/nvim-tree.lua/lua/nvim-tree/renderer/decorator/diagnostics.lua , size = 3.646 KB
[01:00:09.912][info] [#0:script/workspace/loading.lua:100]: Preload file at: file:///home/astor/neovim/.local/share/nvim/site/pack/packer/start/nvim-tree.lua/lua/nvim-tree/renderer/decorator/modified.lua , size = 1.622 KB
[01:00:09.914][info] [#0:script/workspace/loading.lua:100]: Preload file at: file:///home/astor/neovim/.local/share/nvim/site/pack/packer/start/nvim-tree.lua/lua/nvim-tree/renderer/decorator/user.lua , size = 0.212 KB
[01:00:09.914][info] [#0:script/workspace/loading.lua:100]: Preload file at: file:///home/astor/neovim/.local/share/nvim/site/pack/packer/start/nvim-tree.lua/lua/nvim-tree/renderer/decorator/opened.lua , size = 0.908 KB
[01:00:09.916][info] [#0:script/workspace/loading.lua:100]: Preload file at: file:///home/astor/neovim/.local/share/nvim/site/pack/packer/start/nvim-tree.lua/lua/nvim-tree/renderer/decorator/cut.lua , size = 0.802 KB
[01:00:09.918][info] [#0:script/workspace/loading.lua:100]: Preload file at: file:///home/astor/neovim/.local/share/nvim/site/pack/packer/start/nvim-tree.lua/lua/nvim-tree/renderer/decorator/bookmarks.lua , size = 1.392 KB
[01:00:09.919][info] [#0:script/workspace/loading.lua:100]: Preload file at: file:///home/astor/neovim/.local/share/nvim/site/pack/packer/start/nvim-tree.lua/lua/nvim-tree/renderer/decorator/hidden.lua , size = 1.521 KB
[01:00:09.921][info] [#0:script/workspace/loading.lua:100]: Preload file at: file:///home/astor/neovim/.local/share/nvim/site/pack/packer/start/nvim-tree.lua/lua/nvim-tree/renderer/decorator/init.lua , size = 3.044 KB
[01:00:09.925][info] [#0:script/workspace/loading.lua:100]: Preload file at: file:///home/astor/neovim/.local/share/nvim/site/pack/packer/start/nvim-tree.lua/lua/nvim-tree/renderer/components/devicons.lua , size = 0.915 KB
[01:00:09.927][info] [#0:script/workspace/loading.lua:100]: Preload file at: file:///home/astor/neovim/.local/share/nvim/site/pack/packer/start/nvim-tree.lua/lua/nvim-tree/renderer/components/padding.lua , size = 4.050 KB
[01:00:09.931][info] [#0:script/workspace/loading.lua:100]: Preload file at: file:///home/astor/neovim/.local/share/nvim/site/pack/packer/start/nvim-tree.lua/lua/nvim-tree/renderer/components/full-name.lua , size = 3.807 KB
[01:00:09.935][info] [#0:script/workspace/loading.lua:100]: Preload file at: file:///home/astor/neovim/.local/share/nvim/site/pack/packer/start/nvim-tree.lua/lua/nvim-tree/renderer/components/init.lua , size = 0.309 KB
[01:00:09.935][info] [#0:script/workspace/loading.lua:100]: Preload file at: file:///home/astor/neovim/.local/share/nvim/site/pack/packer/start/nvim-tree.lua/lua/nvim-tree/renderer/init.lua , size = 3.972 KB
[01:00:09.940][info] [#0:script/workspace/loading.lua:100]: Preload file at: file:///home/astor/neovim/.local/share/nvim/site/pack/packer/start/nvim-tree.lua/lua/nvim-tree/core.lua , size = 1.304 KB
[01:00:09.941][info] [#0:script/workspace/loading.lua:100]: Preload file at: file:///home/astor/neovim/.local/share/nvim/site/pack/packer/start/nvim-tree.lua/lua/nvim-tree/explorer/filters.lua , size = 7.625 KB
[01:00:09.949][info] [#0:script/workspace/loading.lua:100]: Preload file at: file:///home/astor/neovim/.local/share/nvim/site/pack/packer/start/nvim-tree.lua/lua/nvim-tree/explorer/watch.lua , size = 2.612 KB
[01:00:09.952][info] [#0:script/workspace/loading.lua:100]: Preload file at: file:///home/astor/neovim/.local/share/nvim/site/pack/packer/start/nvim-tree.lua/lua/nvim-tree/explorer/live-filter.lua , size = 6.261 KB
[01:00:09.958][info] [#0:script/workspace/loading.lua:100]: Preload file at: file:///home/astor/neovim/.local/share/nvim/site/pack/packer/start/nvim-tree.lua/lua/nvim-tree/explorer/sorter.lua , size = 7.720 KB
[01:00:09.966][info] [#0:script/workspace/loading.lua:100]: Preload file at: file:///home/astor/neovim/.local/share/nvim/site/pack/packer/start/nvim-tree.lua/lua/nvim-tree/explorer/init.lua , size = 18.173 KB
[01:00:09.982][info] [#0:script/workspace/loading.lua:100]: Preload file at: file:///home/astor/neovim/.local/share/nvim/site/pack/packer/start/nvim-tree.lua/lua/nvim-tree/watcher.lua , size = 6.576 KB
[01:00:09.989][info] [#0:script/workspace/loading.lua:100]: Preload file at: file:///home/astor/neovim/.local/share/nvim/site/pack/packer/start/nvim-tree.lua/lua/nvim-tree/utils.lua , size = 12.807 KB
[01:00:10.001][info] [#0:script/workspace/loading.lua:100]: Preload file at: file:///home/astor/neovim/.local/share/nvim/site/pack/packer/start/nvim-tree.lua/lua/nvim-tree/events.lua , size = 2.885 KB
[01:00:10.004][info] [#0:script/workspace/loading.lua:100]: Preload file at: file:///home/astor/neovim/.local/share/nvim/site/pack/packer/start/nvim-tree.lua/lua/nvim-tree/keymap.lua , size = 6.830 KB
[01:00:10.013][info] [#0:script/workspace/loading.lua:100]: Preload file at: file:///home/astor/neovim/.local/share/nvim/site/pack/packer/start/nvim-tree.lua/lua/nvim-tree/help.lua , size = 6.904 KB
[01:00:10.022][info] [#0:script/workspace/loading.lua:100]: Preload file at: file:///home/astor/neovim/.local/share/nvim/site/pack/packer/start/nvim-tree.lua/lua/nvim-tree/commands.lua , size = 2.838 KB
[01:00:10.024][info] [#0:script/workspace/loading.lua:100]: Preload file at: file:///home/astor/neovim/.local/share/nvim/site/pack/packer/start/nvim-tree.lua/lua/nvim-tree/iterators/node-iterator.lua , size = 1.680 KB
[01:00:10.027][info] [#0:script/workspace/loading.lua:100]: Preload file at: file:///home/astor/neovim/.local/share/nvim/site/pack/packer/start/nvim-tree.lua/lua/nvim-tree/appearance/hi-test.lua , size = 4.602 KB
[01:00:10.032][info] [#0:script/workspace/loading.lua:100]: Preload file at: file:///home/astor/neovim/.local/share/nvim/site/pack/packer/start/nvim-tree.lua/lua/nvim-tree/appearance/init.lua , size = 9.276 KB
[01:00:10.036][info] [#0:script/workspace/loading.lua:100]: Preload file at: file:///home/astor/neovim/.local/share/nvim/site/pack/packer/start/nvim-tree.lua/lua/nvim-tree/actions/tree/resize.lua , size = 0.968 KB
[01:00:10.037][info] [#0:script/workspace/loading.lua:100]: Preload file at: file:///home/astor/neovim/.local/share/nvim/site/pack/packer/start/nvim-tree.lua/lua/nvim-tree/actions/tree/modifiers/expand.lua , size = 4.127 KB
[01:00:10.041][info] [#0:script/workspace/loading.lua:100]: Preload file at: file:///home/astor/neovim/.local/share/nvim/site/pack/packer/start/nvim-tree.lua/lua/nvim-tree/actions/tree/modifiers/collapse.lua , size = 1.815 KB
[01:00:10.043][info] [#0:script/workspace/loading.lua:100]: Preload file at: file:///home/astor/neovim/.local/share/nvim/site/pack/packer/start/nvim-tree.lua/lua/nvim-tree/actions/tree/modifiers/init.lua , size = 0.198 KB
[01:00:10.044][info] [#0:script/workspace/loading.lua:100]: Preload file at: file:///home/astor/neovim/.local/share/nvim/site/pack/packer/start/nvim-tree.lua/lua/nvim-tree/actions/tree/open.lua , size = 1.176 KB
[01:00:10.046][info] [#0:script/workspace/loading.lua:100]: Preload file at: file:///home/astor/neovim/.local/share/nvim/site/pack/packer/start/nvim-tree.lua/lua/nvim-tree/actions/tree/toggle.lua , size = 1.700 KB
[01:00:10.047][info] [#0:script/workspace/loading.lua:100]: Preload file at: file:///home/astor/neovim/.local/share/nvim/site/pack/packer/start/nvim-tree.lua/lua/nvim-tree/actions/tree/find-file.lua , size = 1.577 KB
[01:00:10.049][info] [#0:script/workspace/loading.lua:100]: Preload file at: file:///home/astor/neovim/.local/share/nvim/site/pack/packer/start/nvim-tree.lua/lua/nvim-tree/actions/tree/init.lua , size = 0.429 KB
[01:00:10.050][info] [#0:script/workspace/loading.lua:100]: Preload file at: file:///home/astor/neovim/.local/share/nvim/site/pack/packer/start/nvim-tree.lua/lua/nvim-tree/actions/fs/remove-file.lua , size = 4.744 KB
[01:00:10.055][info] [#0:script/workspace/loading.lua:100]: Preload file at: file:///home/astor/neovim/.local/share/nvim/site/pack/packer/start/nvim-tree.lua/lua/nvim-tree/actions/fs/clipboard.lua , size = 10.722 KB
[01:00:10.065][info] [#0:script/workspace/loading.lua:100]: Preload file at: file:///home/astor/neovim/.local/share/nvim/site/pack/packer/start/nvim-tree.lua/lua/nvim-tree/actions/fs/trash.lua , size = 3.479 KB
[01:00:10.069][info] [#0:script/workspace/loading.lua:100]: Preload file at: file:///home/astor/neovim/.local/share/nvim/site/pack/packer/start/nvim-tree.lua/lua/nvim-tree/actions/fs/rename-file.lua , size = 4.566 KB
[01:00:10.073][info] [#0:script/workspace/loading.lua:100]: Preload file at: file:///home/astor/neovim/.local/share/nvim/site/pack/packer/start/nvim-tree.lua/lua/nvim-tree/actions/fs/create-file.lua , size = 2.982 KB
[01:00:10.076][info] [#0:script/workspace/loading.lua:100]: Preload file at: file:///home/astor/neovim/.local/share/nvim/site/pack/packer/start/nvim-tree.lua/lua/nvim-tree/actions/fs/init.lua , size = 0.350 KB
[01:00:10.077][info] [#0:script/workspace/loading.lua:100]: Preload file at: file:///home/astor/neovim/.local/share/nvim/site/pack/packer/start/nvim-tree.lua/lua/nvim-tree/actions/finders/search-node.lua , size = 2.973 KB
[01:00:10.080][info] [#0:script/workspace/loading.lua:100]: Preload file at: file:///home/astor/neovim/.local/share/nvim/site/pack/packer/start/nvim-tree.lua/lua/nvim-tree/actions/finders/find-file.lua , size = 2.584 KB
[01:00:10.082][info] [#0:script/workspace/loading.lua:100]: Preload file at: file:///home/astor/neovim/.local/share/nvim/site/pack/packer/start/nvim-tree.lua/lua/nvim-tree/actions/finders/init.lua , size = 0.146 KB
[01:00:10.083][info] [#0:script/workspace/loading.lua:100]: Preload file at: file:///home/astor/neovim/.local/share/nvim/site/pack/packer/start/nvim-tree.lua/lua/nvim-tree/actions/node/file-popup.lua , size = 2.207 KB
[01:00:10.085][info] [#0:script/workspace/loading.lua:100]: Preload file at: file:///home/astor/neovim/.local/share/nvim/site/pack/packer/start/nvim-tree.lua/lua/nvim-tree/actions/node/buffer.lua , size = 1.491 KB
[01:00:10.087][info] [#0:script/workspace/loading.lua:100]: Preload file at: file:///home/astor/neovim/.local/share/nvim/site/pack/packer/start/nvim-tree.lua/lua/nvim-tree/actions/node/open-file.lua , size = 13.535 KB
[01:00:10.098][info] [#0:script/workspace/loading.lua:100]: Preload file at: file:///home/astor/neovim/.local/share/nvim/site/pack/packer/start/nvim-tree.lua/lua/nvim-tree/actions/node/run-command.lua , size = 0.621 KB
[01:00:10.099][info] [#0:script/workspace/loading.lua:100]: Preload file at: file:///home/astor/neovim/.local/share/nvim/site/pack/packer/start/nvim-tree.lua/lua/nvim-tree/actions/node/system-open.lua , size = 2.248 KB
[01:00:10.102][info] [#0:script/workspace/loading.lua:100]: Preload file at: file:///home/astor/neovim/.local/share/nvim/site/pack/packer/start/nvim-tree.lua/lua/nvim-tree/actions/node/init.lua , size = 0.511 KB
[01:00:10.103][info] [#0:script/workspace/loading.lua:100]: Preload file at: file:///home/astor/neovim/.local/share/nvim/site/pack/packer/start/nvim-tree.lua/lua/nvim-tree/actions/root/change-dir.lua , size = 2.693 KB
[01:00:10.106][info] [#0:script/workspace/loading.lua:100]: Preload file at: file:///home/astor/neovim/.local/share/nvim/site/pack/packer/start/nvim-tree.lua/lua/nvim-tree/actions/root/dir-up.lua , size = 0.534 KB
[01:00:10.107][info] [#0:script/workspace/loading.lua:100]: Preload file at: file:///home/astor/neovim/.local/share/nvim/site/pack/packer/start/nvim-tree.lua/lua/nvim-tree/actions/root/init.lua , size = 0.187 KB
[01:00:10.107][info] [#0:script/workspace/loading.lua:100]: Preload file at: file:///home/astor/neovim/.local/share/nvim/site/pack/packer/start/nvim-tree.lua/lua/nvim-tree/actions/moves/sibling.lua , size = 1.257 KB
[01:00:10.109][info] [#0:script/workspace/loading.lua:100]: Preload file at: file:///home/astor/neovim/.local/share/nvim/site/pack/packer/start/nvim-tree.lua/lua/nvim-tree/actions/moves/item.lua , size = 6.581 KB
[01:00:10.114][info] [#0:script/workspace/loading.lua:100]: Preload file at: file:///home/astor/neovim/.local/share/nvim/site/pack/packer/start/nvim-tree.lua/lua/nvim-tree/actions/moves/parent.lua , size = 0.940 KB
[01:00:10.115][info] [#0:script/workspace/loading.lua:100]: Preload file at: file:///home/astor/neovim/.local/share/nvim/site/pack/packer/start/nvim-tree.lua/lua/nvim-tree/actions/moves/init.lua , size = 0.177 KB
[01:00:10.116][info] [#0:script/workspace/loading.lua:100]: Preload file at: file:///home/astor/neovim/.local/share/nvim/site/pack/packer/start/nvim-tree.lua/lua/nvim-tree/actions/init.lua , size = 0.387 KB
[01:00:10.117][info] [#0:script/workspace/loading.lua:100]: Preload file at: file:///home/astor/neovim/.local/share/nvim/site/pack/packer/start/nvim-tree.lua/lua/nvim-tree/marks/init.lua , size = 6.089 KB
[01:00:10.123][info] [#0:script/workspace/loading.lua:100]: Preload file at: file:///home/astor/neovim/.local/share/nvim/site/pack/packer/start/nvim-tree.lua/lua/nvim-tree/classic.lua , size = 1.905 KB
[01:00:10.126][info] [#0:script/workspace/loading.lua:100]: Preload file at: file:///home/astor/neovim/.local/share/nvim/site/pack/packer/start/nvim-tree.lua/lua/nvim-tree/enum.lua , size = 0.200 KB
[01:00:10.126][info] [#0:script/workspace/loading.lua:100]: Preload file at: file:///home/astor/neovim/.local/share/nvim/site/pack/packer/start/nvim-tree.lua/lua/nvim-tree/view.lua , size = 17.401 KB
[01:00:10.142][info] [#0:script/workspace/loading.lua:100]: Preload file at: file:///home/astor/neovim/.local/share/nvim/site/pack/packer/start/nvim-tree.lua/lua/nvim-tree.lua , size = 19.636 KB
[01:00:10.156][info] [#0:script/workspace/loading.lua:100]: Preload file at: file:///home/astor/neovim/.local/share/nvim/site/pack/packer/start/gitsigns.nvim/plugin/gitsigns.lua , size = 0.027 KB
[01:00:10.157][info] [#0:script/workspace/loading.lua:100]: Preload file at: file:///home/astor/neovim/.local/share/nvim/site/pack/packer/start/gitsigns.nvim/gen_help.lua , size = 12.741 KB
[01:00:10.170][info] [#0:script/workspace/loading.lua:100]: Preload file at: file:///home/astor/neovim/.local/share/nvim/site/pack/packer/start/gitsigns.nvim/test/gs_helpers.lua , size = 8.329 KB
[01:00:10.179][info] [#0:script/workspace/loading.lua:100]: Preload file at: file:///home/astor/neovim/.local/share/nvim/site/pack/packer/start/gitsigns.nvim/test/highlights_spec.lua , size = 2.854 KB
[01:00:10.182][info] [#0:script/workspace/loading.lua:100]: Preload file at: file:///home/astor/neovim/.local/share/nvim/site/pack/packer/start/gitsigns.nvim/test/gitsigns_spec.lua , size = 29.272 KB
[01:00:10.199][info] [#0:script/workspace/loading.lua:100]: Preload file at: file:///home/astor/neovim/.local/share/nvim/site/pack/packer/start/gitsigns.nvim/test/actions_spec.lua , size = 9.013 KB
[01:00:10.205][info] [#0:script/workspace/loading.lua:100]: Preload file at: file:///home/astor/neovim/.local/share/nvim/site/pack/packer/start/gitsigns.nvim/test/hunk_spec.lua , size = 2.693 KB
[01:00:10.209][info] [#0:script/workspace/loading.lua:100]: Preload file at: file:///home/astor/neovim/.local/share/nvim/site/pack/packer/start/gitsigns.nvim/test/gitdir_watcher_spec.lua , size = 4.199 KB
[01:00:10.212][info] [#0:script/workspace/loading.lua:100]: Preload file at: file:///home/astor/neovim/.local/share/nvim/site/pack/packer/start/gitsigns.nvim/test/word_diff_spec.lua , size = 4.412 KB
[01:00:10.216][info] [#0:script/workspace/loading.lua:100]: Preload file at: file:///home/astor/neovim/.local/share/nvim/site/pack/packer/start/gitsigns.nvim/lua/gitsigns/async.lua , size = 18.465 KB
[01:00:10.232][info] [#0:script/workspace/loading.lua:100]: Preload file at: file:///home/astor/neovim/.local/share/nvim/site/pack/packer/start/gitsigns.nvim/lua/gitsigns/cli/argparse.lua , size = 2.572 KB
[01:00:10.234][info] [#0:script/workspace/loading.lua:100]: Preload file at: file:///home/astor/neovim/.local/share/nvim/site/pack/packer/start/gitsigns.nvim/lua/gitsigns/diff_ext.lua , size = 2.477 KB
[01:00:10.237][info] [#0:script/workspace/loading.lua:100]: Preload file at: file:///home/astor/neovim/.local/share/nvim/site/pack/packer/start/gitsigns.nvim/lua/gitsigns/manager.lua , size = 14.124 KB
[01:00:10.249][info] [#0:script/workspace/loading.lua:100]: Preload file at: file:///home/astor/neovim/.local/share/nvim/site/pack/packer/start/gitsigns.nvim/lua/gitsigns/test.lua , size = 0.777 KB
[01:00:10.250][info] [#0:script/workspace/loading.lua:100]: Preload file at: file:///home/astor/neovim/.local/share/nvim/site/pack/packer/start/gitsigns.nvim/lua/gitsigns/git.lua , size = 7.445 KB
[01:00:10.258][info] [#0:script/workspace/loading.lua:100]: Preload file at: file:///home/astor/neovim/.local/share/nvim/site/pack/packer/start/gitsigns.nvim/lua/gitsigns/cli.lua , size = 2.739 KB
[01:00:10.261][info] [#0:script/workspace/loading.lua:100]: Preload file at: file:///home/astor/neovim/.local/share/nvim/site/pack/packer/start/gitsigns.nvim/lua/gitsigns/debounce.lua , size = 2.207 KB
[01:00:10.263][info] [#0:script/workspace/loading.lua:100]: Preload file at: file:///home/astor/neovim/.local/share/nvim/site/pack/packer/start/gitsigns.nvim/lua/gitsigns/git/blame.lua , size = 7.462 KB
[01:00:10.270][info] [#0:script/workspace/loading.lua:100]: Preload file at: file:///home/astor/neovim/.local/share/nvim/site/pack/packer/start/gitsigns.nvim/lua/gitsigns/git/repo.lua , size = 17.371 KB
[01:00:10.292][info] [#0:script/workspace/loading.lua:100]: Preload file at: file:///home/astor/neovim/.local/share/nvim/site/pack/packer/start/gitsigns.nvim/lua/gitsigns/git/cmd.lua , size = 1.648 KB
[01:00:10.294][info] [#0:script/workspace/loading.lua:100]: Preload file at: file:///home/astor/neovim/.local/share/nvim/site/pack/packer/start/gitsigns.nvim/lua/gitsigns/git/version.lua , size = 2.472 KB
[01:00:10.297][info] [#0:script/workspace/loading.lua:100]: Preload file at: file:///home/astor/neovim/.local/share/nvim/site/pack/packer/start/gitsigns.nvim/lua/gitsigns/git/errors.lua , size = 0.702 KB
[01:00:10.298][info] [#0:script/workspace/loading.lua:100]: Preload file at: file:///home/astor/neovim/.local/share/nvim/site/pack/packer/start/gitsigns.nvim/lua/gitsigns/diff.lua , size = 0.591 KB
[01:00:10.299][info] [#0:script/workspace/loading.lua:100]: Preload file at: file:///home/astor/neovim/.local/share/nvim/site/pack/packer/start/gitsigns.nvim/lua/gitsigns/gh.lua , size = 2.366 KB
[01:00:10.302][info] [#0:script/workspace/loading.lua:100]: Preload file at: file:///home/astor/neovim/.local/share/nvim/site/pack/packer/start/gitsigns.nvim/lua/gitsigns/attach.lua , size = 11.744 KB
[01:00:10.311][info] [#0:script/workspace/loading.lua:100]: Preload file at: file:///home/astor/neovim/.local/share/nvim/site/pack/packer/start/gitsigns.nvim/lua/gitsigns/config.lua , size = 25.600 KB
[01:00:10.323][info] [#0:script/workspace/loading.lua:100]: Preload file at: file:///home/astor/neovim/.local/share/nvim/site/pack/packer/start/gitsigns.nvim/lua/gitsigns/util.lua , size = 10.756 KB
[01:00:10.335][info] [#0:script/workspace/loading.lua:100]: Preload file at: file:///home/astor/neovim/.local/share/nvim/site/pack/packer/start/gitsigns.nvim/lua/gitsigns/status.lua , size = 1.159 KB
[01:00:10.336][info] [#0:script/workspace/loading.lua:100]: Preload file at: file:///home/astor/neovim/.local/share/nvim/site/pack/packer/start/gitsigns.nvim/lua/gitsigns/popup.lua , size = 8.385 KB
[01:00:10.345][info] [#0:script/workspace/loading.lua:100]: Preload file at: file:///home/astor/neovim/.local/share/nvim/site/pack/packer/start/gitsigns.nvim/lua/gitsigns/system/compat.lua , size = 8.787 KB
[01:00:10.355][info] [#0:script/workspace/loading.lua:100]: Preload file at: file:///home/astor/neovim/.local/share/nvim/site/pack/packer/start/gitsigns.nvim/lua/gitsigns/cache.lua , size = 10.604 KB
[01:00:10.365][info] [#0:script/workspace/loading.lua:100]: Preload file at: file:///home/astor/neovim/.local/share/nvim/site/pack/packer/start/gitsigns.nvim/lua/gitsigns/color.lua , size = 1.905 KB
[01:00:10.368][info] [#0:script/workspace/loading.lua:100]: Preload file at: file:///home/astor/neovim/.local/share/nvim/site/pack/packer/start/gitsigns.nvim/lua/gitsigns/actions/blame_line.lua , size = 5.899 KB
[01:00:10.374][info] [#0:script/workspace/loading.lua:100]: Preload file at: file:///home/astor/neovim/.local/share/nvim/site/pack/packer/start/gitsigns.nvim/lua/gitsigns/actions/preview.lua , size = 7.618 KB
[01:00:10.382][info] [#0:script/workspace/loading.lua:100]: Preload file at: file:///home/astor/neovim/.local/share/nvim/site/pack/packer/start/gitsigns.nvim/lua/gitsigns/actions/show_commit.lua , size = 4.775 KB
[01:00:10.387][info] [#0:script/workspace/loading.lua:100]: Preload file at: file:///home/astor/neovim/.local/share/nvim/site/pack/packer/start/gitsigns.nvim/lua/gitsigns/actions/blame.lua , size = 13.260 KB
[01:00:10.400][info] [#0:script/workspace/loading.lua:100]: Preload file at: file:///home/astor/neovim/.local/share/nvim/site/pack/packer/start/gitsigns.nvim/lua/gitsigns/actions/diffthis.lua , size = 7.615 KB
[01:00:10.407][info] [#0:script/workspace/loading.lua:100]: Preload file at: file:///home/astor/neovim/.local/share/nvim/site/pack/packer/start/gitsigns.nvim/lua/gitsigns/actions/nav.lua , size = 4.169 KB
[01:00:10.412][info] [#0:script/workspace/loading.lua:100]: Preload file at: file:///home/astor/neovim/.local/share/nvim/site/pack/packer/start/gitsigns.nvim/lua/gitsigns/actions/qflist.lua , size = 3.750 KB
[01:00:10.417][info] [#0:script/workspace/loading.lua:100]: Preload file at: file:///home/astor/neovim/.local/share/nvim/site/pack/packer/start/gitsigns.nvim/lua/gitsigns/diff_int.lua , size = 5.571 KB
[01:00:10.423][info] [#0:script/workspace/loading.lua:100]: Preload file at: file:///home/astor/neovim/.local/share/nvim/site/pack/packer/start/gitsigns.nvim/lua/gitsigns/system.lua , size = 0.456 KB
[01:00:10.424][info] [#0:script/workspace/loading.lua:100]: Preload file at: file:///home/astor/neovim/.local/share/nvim/site/pack/packer/start/gitsigns.nvim/lua/gitsigns/highlight.lua , size = 8.805 KB
[01:00:10.432][info] [#0:script/workspace/loading.lua:100]: Preload file at: file:///home/astor/neovim/.local/share/nvim/site/pack/packer/start/gitsigns.nvim/lua/gitsigns/current_line_blame.lua , size = 6.775 KB
[01:00:10.438][info] [#0:script/workspace/loading.lua:100]: Preload file at: file:///home/astor/neovim/.local/share/nvim/site/pack/packer/start/gitsigns.nvim/lua/gitsigns/debug/log.lua , size = 4.943 KB
[01:00:10.444][info] [#0:script/workspace/loading.lua:100]: Preload file at: file:///home/astor/neovim/.local/share/nvim/site/pack/packer/start/gitsigns.nvim/lua/gitsigns/signs.lua , size = 3.996 KB
[01:00:10.450][info] [#0:script/workspace/loading.lua:100]: Preload file at: file:///home/astor/neovim/.local/share/nvim/site/pack/packer/start/gitsigns.nvim/lua/gitsigns/hunks.lua , size = 16.024 KB
[01:00:10.463][info] [#0:script/workspace/loading.lua:100]: Preload file at: file:///home/astor/neovim/.local/share/nvim/site/pack/packer/start/gitsigns.nvim/lua/gitsigns/actions.lua , size = 27.548 KB
[01:00:10.481][info] [#0:script/workspace/loading.lua:100]: Preload file at: file:///home/astor/neovim/.local/share/nvim/site/pack/packer/start/gitsigns.nvim/lua/gitsigns/message.lua , size = 0.548 KB
[01:00:10.483][info] [#0:script/workspace/loading.lua:100]: Preload file at: file:///home/astor/neovim/.local/share/nvim/site/pack/packer/start/gitsigns.nvim/lua/gitsigns/repeat.lua , size = 0.587 KB
[01:00:10.484][info] [#0:script/workspace/loading.lua:100]: Preload file at: file:///home/astor/neovim/.local/share/nvim/site/pack/packer/start/gitsigns.nvim/lua/gitsigns/debug.lua , size = 1.159 KB
[01:00:10.486][info] [#0:script/workspace/loading.lua:100]: Preload file at: file:///home/astor/neovim/.local/share/nvim/site/pack/packer/start/gitsigns.nvim/lua/gitsigns.lua , size = 6.770 KB
[01:00:10.491][info] [#0:script/workspace/loading.lua:100]: Preload file at: file:///home/astor/neovim/.local/share/nvim/site/pack/packer/start/lualine.nvim/tests/spec/utils_spec.lua , size = 6.459 KB
[01:00:10.496][info] [#0:script/workspace/loading.lua:100]: Preload file at: file:///home/astor/neovim/.local/share/nvim/site/pack/packer/start/lualine.nvim/tests/spec/config_spec.lua , size = 6.425 KB
[01:00:10.500][info] [#0:script/workspace/loading.lua:100]: Preload file at: file:///home/astor/neovim/.local/share/nvim/site/pack/packer/start/lualine.nvim/tests/spec/lualine_spec.lua , size = 45.145 KB
[01:00:10.516][info] [#0:script/workspace/loading.lua:100]: Preload file at: file:///home/astor/neovim/.local/share/nvim/site/pack/packer/start/lualine.nvim/tests/spec/component_spec.lua , size = 31.633 KB
[01:00:10.544][info] [#0:script/workspace/loading.lua:100]: Preload file at: file:///home/astor/neovim/.local/share/nvim/site/pack/packer/start/lualine.nvim/tests/helpers.lua , size = 2.438 KB
[01:00:10.548][info] [#0:script/workspace/loading.lua:100]: Preload file at: file:///home/astor/neovim/.local/share/nvim/site/pack/packer/start/lualine.nvim/tests/minimal_init.lua , size = 0.296 KB
[01:00:10.549][info] [#0:script/workspace/loading.lua:100]: Preload file at: file:///home/astor/neovim/.local/share/nvim/site/pack/packer/start/lualine.nvim/tests/statusline.lua , size = 6.810 KB
[01:00:10.554][info] [#0:script/workspace/loading.lua:100]: Preload file at: file:///home/astor/neovim/.local/share/nvim/site/pack/packer/start/lualine.nvim/examples/cosmicink.lua , size = 15.874 KB
[01:00:10.564][info] [#0:script/workspace/loading.lua:100]: Preload file at: file:///home/astor/neovim/.local/share/nvim/site/pack/packer/start/lualine.nvim/examples/slanted-gaps.lua , size = 3.161 KB
[01:00:10.568][info] [#0:script/workspace/loading.lua:100]: Preload file at: file:///home/astor/neovim/.local/share/nvim/site/pack/packer/start/lualine.nvim/examples/evil_lualine.lua , size = 5.116 KB
[01:00:10.572][info] [#0:script/workspace/loading.lua:100]: Preload file at: file:///home/astor/neovim/.local/share/nvim/site/pack/packer/start/lualine.nvim/examples/bubbles.lua , size = 1.544 KB
[01:00:10.574][info] [#0:script/workspace/loading.lua:100]: Preload file at: file:///home/astor/neovim/.local/share/nvim/site/pack/packer/start/lualine.nvim/lua/lualine.lua , size = 25.952 KB
[01:00:10.590][info] [#0:script/workspace/loading.lua:100]: Preload file at: file:///home/astor/neovim/.local/share/nvim/site/pack/packer/start/lualine.nvim/lua/lualine/extensions/mundo.lua , size = 0.317 KB
[01:00:10.591][info] [#0:script/workspace/loading.lua:100]: Preload file at: file:///home/astor/neovim/.local/share/nvim/site/pack/packer/start/lualine.nvim/lua/lualine/extensions/nvim-dap-ui.lua , size = 0.294 KB
[01:00:10.592][info] [#0:script/workspace/loading.lua:100]: Preload file at: file:///home/astor/neovim/.local/share/nvim/site/pack/packer/start/lualine.nvim/lua/lualine/extensions/mason.lua , size = 0.519 KB
[01:00:10.593][info] [#0:script/workspace/loading.lua:100]: Preload file at: file:///home/astor/neovim/.local/share/nvim/site/pack/packer/start/lualine.nvim/lua/lualine/extensions/oil.lua , size = 0.294 KB
[01:00:10.593][info] [#0:script/workspace/loading.lua:100]: Preload file at: file:///home/astor/neovim/.local/share/nvim/site/pack/packer/start/lualine.nvim/lua/lualine/extensions/neo-tree.lua , size = 0.231 KB
[01:00:10.594][info] [#0:script/workspace/loading.lua:100]: Preload file at: file:///home/astor/neovim/.local/share/nvim/site/pack/packer/start/lualine.nvim/lua/lualine/extensions/nvim-tree.lua , size = 0.231 KB
[01:00:10.595][info] [#0:script/workspace/loading.lua:100]: Preload file at: file:///home/astor/neovim/.local/share/nvim/site/pack/packer/start/lualine.nvim/lua/lualine/extensions/avante.lua , size = 1.303 KB
[01:00:10.596][info] [#0:script/workspace/loading.lua:100]: Preload file at: file:///home/astor/neovim/.local/share/nvim/site/pack/packer/start/lualine.nvim/lua/lualine/extensions/fern.lua , size = 0.229 KB
[01:00:10.597][info] [#0:script/workspace/loading.lua:100]: Preload file at: file:///home/astor/neovim/.local/share/nvim/site/pack/packer/start/lualine.nvim/lua/lualine/extensions/lazy.lua , size = 0.476 KB
[01:00:10.598][info] [#0:script/workspace/loading.lua:100]: Preload file at: file:///home/astor/neovim/.local/share/nvim/site/pack/packer/start/lualine.nvim/lua/lualine/extensions/overseer.lua , size = 0.225 KB
[01:00:10.599][info] [#0:script/workspace/loading.lua:100]: Preload file at: file:///home/astor/neovim/.local/share/nvim/site/pack/packer/start/lualine.nvim/lua/lualine/extensions/aerial.lua , size = 0.167 KB
[01:00:10.599][info] [#0:script/workspace/loading.lua:100]: Preload file at: file:///home/astor/neovim/.local/share/nvim/site/pack/packer/start/lualine.nvim/lua/lualine/extensions/man.lua , size = 0.239 KB
[01:00:10.600][info] [#0:script/workspace/loading.lua:100]: Preload file at: file:///home/astor/neovim/.local/share/nvim/site/pack/packer/start/lualine.nvim/lua/lualine/extensions/quickfix.lua , size = 0.672 KB
[01:00:10.601][info] [#0:script/workspace/loading.lua:100]: Preload file at: file:///home/astor/neovim/.local/share/nvim/site/pack/packer/start/lualine.nvim/lua/lualine/extensions/symbols-outline.lua , size = 0.174 KB
[01:00:10.601][info] [#0:script/workspace/loading.lua:100]: Preload file at: file:///home/astor/neovim/.local/share/nvim/site/pack/packer/start/lualine.nvim/lua/lualine/extensions/chadtree.lua , size = 0.231 KB
[01:00:10.602][info] [#0:script/workspace/loading.lua:100]: Preload file at: file:///home/astor/neovim/.local/share/nvim/site/pack/packer/start/lualine.nvim/lua/lualine/extensions/toggleterm.lua , size = 0.280 KB
[01:00:10.603][info] [#0:script/workspace/loading.lua:100]: Preload file at: file:///home/astor/neovim/.local/share/nvim/site/pack/packer/start/lualine.nvim/lua/lualine/extensions/fugitive.lua , size = 0.322 KB
[01:00:10.603][info] [#0:script/workspace/loading.lua:100]: Preload file at: file:///home/astor/neovim/.local/share/nvim/site/pack/packer/start/lualine.nvim/lua/lualine/extensions/fzf.lua , size = 0.824 KB
[01:00:10.605][info] [#0:script/workspace/loading.lua:100]: Preload file at: file:///home/astor/neovim/.local/share/nvim/site/pack/packer/start/lualine.nvim/lua/lualine/extensions/nerdtree.lua , size = 0.266 KB
[01:00:10.605][info] [#0:script/workspace/loading.lua:100]: Preload file at: file:///home/astor/neovim/.local/share/nvim/site/pack/packer/start/lualine.nvim/lua/lualine/extensions/assistant.lua , size = 0.566 KB
[01:00:10.606][info] [#0:script/workspace/loading.lua:100]: Preload file at: file:///home/astor/neovim/.local/share/nvim/site/pack/packer/start/lualine.nvim/lua/lualine/extensions/trouble.lua , size = 0.819 KB
[01:00:10.608][info] [#0:script/workspace/loading.lua:100]: Preload file at: file:///home/astor/neovim/.local/share/nvim/site/pack/packer/start/lualine.nvim/lua/lualine/extensions/ctrlspace.lua , size = 0.359 KB
[01:00:10.608][info] [#0:script/workspace/loading.lua:100]: Preload file at: file:///home/astor/neovim/.local/share/nvim/site/pack/packer/start/lualine.nvim/lua/lualine/config.lua , size = 4.822 KB
[01:00:10.612][info] [#0:script/workspace/loading.lua:100]: Preload file at: file:///home/astor/neovim/.local/share/nvim/site/pack/packer/start/lualine.nvim/lua/lualine/component.lua , size = 9.726 KB
[01:00:10.620][info] [#0:script/workspace/loading.lua:100]: Preload file at: file:///home/astor/neovim/.local/share/nvim/site/pack/packer/start/lualine.nvim/lua/lualine/highlight.lua , size = 18.265 KB
[01:00:10.632][info] [#0:script/workspace/loading.lua:100]: Preload file at: file:///home/astor/neovim/.local/share/nvim/site/pack/packer/start/lualine.nvim/lua/lualine/utils/mode.lua , size = 1.239 KB
[01:00:10.633][info] [#0:script/workspace/loading.lua:100]: Preload file at: file:///home/astor/neovim/.local/share/nvim/site/pack/packer/start/lualine.nvim/lua/lualine/utils/class.lua , size = 0.769 KB
[01:00:10.635][info] [#0:script/workspace/loading.lua:100]: Preload file at: file:///home/astor/neovim/.local/share/nvim/site/pack/packer/start/lualine.nvim/lua/lualine/utils/section.lua , size = 4.507 KB
[01:00:10.637][info] [#0:script/workspace/loading.lua:100]: Preload file at: file:///home/astor/neovim/.local/share/nvim/site/pack/packer/start/lualine.nvim/lua/lualine/utils/utils.lua , size = 6.330 KB
[01:00:10.643][info] [#0:script/workspace/loading.lua:100]: Preload file at: file:///home/astor/neovim/.local/share/nvim/site/pack/packer/start/lualine.nvim/lua/lualine/utils/nvim_opts.lua , size = 5.831 KB
[01:00:10.648][info] [#0:script/workspace/loading.lua:100]: Preload file at: file:///home/astor/neovim/.local/share/nvim/site/pack/packer/start/lualine.nvim/lua/lualine/utils/notices.lua , size = 2.561 KB
[01:00:10.651][info] [#0:script/workspace/loading.lua:100]: Preload file at: file:///home/astor/neovim/.local/share/nvim/site/pack/packer/start/lualine.nvim/lua/lualine/utils/color_utils.lua , size = 9.583 KB
[01:00:10.661][info] [#0:script/workspace/loading.lua:100]: Preload file at: file:///home/astor/neovim/.local/share/nvim/site/pack/packer/start/lualine.nvim/lua/lualine/utils/loader.lua , size = 8.713 KB
[01:00:10.666][info] [#0:script/workspace/loading.lua:100]: Preload file at: file:///home/astor/neovim/.local/share/nvim/site/pack/packer/start/lualine.nvim/lua/lualine/utils/fn_store.lua , size = 0.783 KB
[01:00:10.667][info] [#0:script/workspace/loading.lua:100]: Preload file at: file:///home/astor/neovim/.local/share/nvim/site/pack/packer/start/lualine.nvim/lua/lualine/utils/job.lua , size = 1.456 KB
[01:00:10.669][info] [#0:script/workspace/loading.lua:100]: Preload file at: file:///home/astor/neovim/.local/share/nvim/site/pack/packer/start/lualine.nvim/lua/lualine/components/mode.lua , size = 0.149 KB
[01:00:10.670][info] [#0:script/workspace/loading.lua:100]: Preload file at: file:///home/astor/neovim/.local/share/nvim/site/pack/packer/start/lualine.nvim/lua/lualine/components/filename.lua , size = 3.178 KB
[01:00:10.673][info] [#0:script/workspace/loading.lua:100]: Preload file at: file:///home/astor/neovim/.local/share/nvim/site/pack/packer/start/lualine.nvim/lua/lualine/components/encoding.lua , size = 0.689 KB
[01:00:10.675][info] [#0:script/workspace/loading.lua:100]: Preload file at: file:///home/astor/neovim/.local/share/nvim/site/pack/packer/start/lualine.nvim/lua/lualine/components/diff/git_diff.lua , size = 4.064 KB
[01:00:10.679][info] [#0:script/workspace/loading.lua:100]: Preload file at: file:///home/astor/neovim/.local/share/nvim/site/pack/packer/start/lualine.nvim/lua/lualine/components/diff/init.lua , size = 2.854 KB
[01:00:10.682][info] [#0:script/workspace/loading.lua:100]: Preload file at: file:///home/astor/neovim/.local/share/nvim/site/pack/packer/start/lualine.nvim/lua/lualine/components/fileformat.lua , size = 0.665 KB
[01:00:10.684][info] [#0:script/workspace/loading.lua:100]: Preload file at: file:///home/astor/neovim/.local/share/nvim/site/pack/packer/start/lualine.nvim/lua/lualine/components/progress.lua , size = 0.344 KB
[01:00:10.685][info] [#0:script/workspace/loading.lua:100]: Preload file at: file:///home/astor/neovim/.local/share/nvim/site/pack/packer/start/lualine.nvim/lua/lualine/components/tabs/tab.lua , size = 5.368 KB
[01:00:10.692][info] [#0:script/workspace/loading.lua:100]: Preload file at: file:///home/astor/neovim/.local/share/nvim/site/pack/packer/start/lualine.nvim/lua/lualine/components/tabs/init.lua , size = 5.323 KB
[01:00:10.698][info] [#0:script/workspace/loading.lua:100]: Preload file at: file:///home/astor/neovim/.local/share/nvim/site/pack/packer/start/lualine.nvim/lua/lualine/components/filesize.lua , size = 0.529 KB
[01:00:10.700][info] [#0:script/workspace/loading.lua:100]: Preload file at: file:///home/astor/neovim/.local/share/nvim/site/pack/packer/start/lualine.nvim/lua/lualine/components/searchcount.lua , size = 0.741 KB
[01:00:10.701][info] [#0:script/workspace/loading.lua:100]: Preload file at: file:///home/astor/neovim/.local/share/nvim/site/pack/packer/start/lualine.nvim/lua/lualine/components/buffers/buffer.lua , size = 6.151 KB
[01:00:10.707][info] [#0:script/workspace/loading.lua:100]: Preload file at: file:///home/astor/neovim/.local/share/nvim/site/pack/packer/start/lualine.nvim/lua/lualine/components/buffers/init.lua , size = 6.513 KB
[01:00:10.713][info] [#0:script/workspace/loading.lua:100]: Preload file at: file:///home/astor/neovim/.local/share/nvim/site/pack/packer/start/lualine.nvim/lua/lualine/components/branch/git_branch.lua , size = 4.804 KB
[01:00:10.716][info] [#0:script/workspace/loading.lua:100]: Preload file at: file:///home/astor/neovim/.local/share/nvim/site/pack/packer/start/lualine.nvim/lua/lualine/components/branch/init.lua , size = 0.704 KB
[01:00:10.717][info] [#0:script/workspace/loading.lua:100]: Preload file at: file:///home/astor/neovim/.local/share/nvim/site/pack/packer/start/lualine.nvim/lua/lualine/components/location.lua , size = 0.234 KB
[01:00:10.718][info] [#0:script/workspace/loading.lua:100]: Preload file at: file:///home/astor/neovim/.local/share/nvim/site/pack/packer/start/lualine.nvim/lua/lualine/components/diagnostics/config.lua , size = 1.546 KB
[01:00:10.720][info] [#0:script/workspace/loading.lua:100]: Preload file at: file:///home/astor/neovim/.local/share/nvim/site/pack/packer/start/lualine.nvim/lua/lualine/components/diagnostics/sources.lua , size = 3.594 KB
[01:00:10.724][info] [#0:script/workspace/loading.lua:100]: Preload file at: file:///home/astor/neovim/.local/share/nvim/site/pack/packer/start/lualine.nvim/lua/lualine/components/diagnostics/init.lua , size = 4.185 KB
[01:00:10.728][info] [#0:script/workspace/loading.lua:100]: Preload file at: file:///home/astor/neovim/.local/share/nvim/site/pack/packer/start/lualine.nvim/lua/lualine/components/datetime.lua , size = 0.786 KB
[01:00:10.730][info] [#0:script/workspace/loading.lua:100]: Preload file at: file:///home/astor/neovim/.local/share/nvim/site/pack/packer/start/lualine.nvim/lua/lualine/components/filetype.lua , size = 2.306 KB
[01:00:10.733][info] [#0:script/workspace/loading.lua:100]: Preload file at: file:///home/astor/neovim/.local/share/nvim/site/pack/packer/start/lualine.nvim/lua/lualine/components/special/vim_var_component.lua , size = 1.158 KB
[01:00:10.735][info] [#0:script/workspace/loading.lua:100]: Preload file at: file:///home/astor/neovim/.local/share/nvim/site/pack/packer/start/lualine.nvim/lua/lualine/components/special/function_component.lua , size = 0.504 KB
[01:00:10.736][info] [#0:script/workspace/loading.lua:100]: Preload file at: file:///home/astor/neovim/.local/share/nvim/site/pack/packer/start/lualine.nvim/lua/lualine/components/special/eval_func_component.lua , size = 1.241 KB
[01:00:10.738][info] [#0:script/workspace/loading.lua:100]: Preload file at: file:///home/astor/neovim/.local/share/nvim/site/pack/packer/start/lualine.nvim/lua/lualine/components/lsp_status.lua , size = 3.406 KB
[01:00:10.742][info] [#0:script/workspace/loading.lua:100]: Preload file at: file:///home/astor/neovim/.local/share/nvim/site/pack/packer/start/lualine.nvim/lua/lualine/components/selectioncount.lua , size = 0.544 KB
[01:00:10.744][info] [#0:script/workspace/loading.lua:100]: Preload file at: file:///home/astor/neovim/.local/share/nvim/site/pack/packer/start/lualine.nvim/lua/lualine/components/hostname.lua , size = 0.276 KB
[01:00:10.744][info] [#0:script/workspace/loading.lua:100]: Preload file at: file:///home/astor/neovim/.local/share/nvim/site/pack/packer/start/lualine.nvim/lua/lualine/components/windows/window.lua , size = 0.963 KB
[01:00:10.746][info] [#0:script/workspace/loading.lua:100]: Preload file at: file:///home/astor/neovim/.local/share/nvim/site/pack/packer/start/lualine.nvim/lua/lualine/components/windows/init.lua , size = 2.050 KB
[01:00:10.749][info] [#0:script/workspace/loading.lua:100]: Preload file at: file:///home/astor/neovim/.local/share/nvim/site/pack/packer/start/lualine.nvim/lua/lualine/themes/palenight.lua , size = 1.402 KB
[01:00:10.750][info] [#0:script/workspace/loading.lua:100]: Preload file at: file:///home/astor/neovim/.local/share/nvim/site/pack/packer/start/lualine.nvim/lua/lualine/themes/material.lua , size = 1.107 KB
[01:00:10.752][info] [#0:script/workspace/loading.lua:100]: Preload file at: file:///home/astor/neovim/.local/share/nvim/site/pack/packer/start/lualine.nvim/lua/lualine/themes/OceanicNext.lua , size = 1.363 KB
[01:00:10.753][info] [#0:script/workspace/loading.lua:100]: Preload file at: file:///home/astor/neovim/.local/share/nvim/site/pack/packer/start/lualine.nvim/lua/lualine/themes/solarized.lua , size = 0.237 KB
[01:00:10.754][info] [#0:script/workspace/loading.lua:100]: Preload file at: file:///home/astor/neovim/.local/share/nvim/site/pack/packer/start/lualine.nvim/lua/lualine/themes/pywal.lua , size = 1.709 KB
[01:00:10.757][info] [#0:script/workspace/loading.lua:100]: Preload file at: file:///home/astor/neovim/.local/share/nvim/site/pack/packer/start/lualine.nvim/lua/lualine/themes/gruvbox_light.lua , size = 1.496 KB
[01:00:10.759][info] [#0:script/workspace/loading.lua:100]: Preload file at: file:///home/astor/neovim/.local/share/nvim/site/pack/packer/start/lualine.nvim/lua/lualine/themes/powerline_dark.lua , size = 1.764 KB
[01:00:10.761][info] [#0:script/workspace/loading.lua:100]: Preload file at: file:///home/astor/neovim/.local/share/nvim/site/pack/packer/start/lualine.nvim/lua/lualine/themes/iceberg_light.lua , size = 1.216 KB
[01:00:10.762][info] [#0:script/workspace/loading.lua:100]: Preload file at: file:///home/astor/neovim/.local/share/nvim/site/pack/packer/start/lualine.nvim/lua/lualine/themes/everforest.lua , size = 1.512 KB
[01:00:10.764][info] [#0:script/workspace/loading.lua:100]: Preload file at: file:///home/astor/neovim/.local/share/nvim/site/pack/packer/start/lualine.nvim/lua/lualine/themes/jellybeans.lua , size = 1.238 KB
[01:00:10.765][info] [#0:script/workspace/loading.lua:100]: Preload file at: file:///home/astor/neovim/.local/share/nvim/site/pack/packer/start/lualine.nvim/lua/lualine/themes/PaperColor.lua , size = 0.215 KB
[01:00:10.765][info] [#0:script/workspace/loading.lua:100]: Preload file at: file:///home/astor/neovim/.local/share/nvim/site/pack/packer/start/lualine.nvim/lua/lualine/themes/iceberg_dark.lua , size = 1.265 KB
[01:00:10.767][info] [#0:script/workspace/loading.lua:100]: Preload file at: file:///home/astor/neovim/.local/share/nvim/site/pack/packer/start/lualine.nvim/lua/lualine/themes/ayu_dark.lua , size = 1.213 KB
[01:00:10.768][info] [#0:script/workspace/loading.lua:100]: Preload file at: file:///home/astor/neovim/.local/share/nvim/site/pack/packer/start/lualine.nvim/lua/lualine/themes/molokai.lua , size = 0.930 KB
[01:00:10.769][info] [#0:script/workspace/loading.lua:100]: Preload file at: file:///home/astor/neovim/.local/share/nvim/site/pack/packer/start/lualine.nvim/lua/lualine/themes/auto.lua , size = 5.893 KB
[01:00:10.774][info] [#0:script/workspace/loading.lua:100]: Preload file at: file:///home/astor/neovim/.local/share/nvim/site/pack/packer/start/lualine.nvim/lua/lualine/themes/papercolor_dark.lua , size = 1.580 KB
[01:00:10.775][info] [#0:script/workspace/loading.lua:100]: Preload file at: file:///home/astor/neovim/.local/share/nvim/site/pack/packer/start/lualine.nvim/lua/lualine/themes/modus-vivendi.lua , size = 1.515 KB
[01:00:10.777][info] [#0:script/workspace/loading.lua:100]: Preload file at: file:///home/astor/neovim/.local/share/nvim/site/pack/packer/start/lualine.nvim/lua/lualine/themes/wombat.lua , size = 1.110 KB
[01:00:10.778][info] [#0:script/workspace/loading.lua:100]: Preload file at: file:///home/astor/neovim/.local/share/nvim/site/pack/packer/start/lualine.nvim/lua/lualine/themes/solarized_dark.lua , size = 1.124 KB
[01:00:10.779][info] [#0:script/workspace/loading.lua:100]: Preload file at: file:///home/astor/neovim/.local/share/nvim/site/pack/packer/start/lualine.nvim/lua/lualine/themes/Tomorrow.lua , size = 1.283 KB
[01:00:10.780][info] [#0:script/workspace/loading.lua:100]: Preload file at: file:///home/astor/neovim/.local/share/nvim/site/pack/packer/start/lualine.nvim/lua/lualine/themes/solarized_light.lua , size = 1.124 KB
[01:00:10.782][info] [#0:script/workspace/loading.lua:100]: Preload file at: file:///home/astor/neovim/.local/share/nvim/site/pack/packer/start/lualine.nvim/lua/lualine/themes/seoul256.lua , size = 1.237 KB
[01:00:10.783][info] [#0:script/workspace/loading.lua:100]: Preload file at: file:///home/astor/neovim/.local/share/nvim/site/pack/packer/start/lualine.nvim/lua/lualine/themes/base16.lua , size = 3.618 KB
[01:00:10.786][info] [#0:script/workspace/loading.lua:100]: Preload file at: file:///home/astor/neovim/.local/share/nvim/site/pack/packer/start/lualine.nvim/lua/lualine/themes/gruvbox_dark.lua , size = 1.513 KB
[01:00:10.787][info] [#0:script/workspace/loading.lua:100]: Preload file at: file:///home/astor/neovim/.local/share/nvim/site/pack/packer/start/lualine.nvim/lua/lualine/themes/ayu_mirage.lua , size = 1.213 KB
[01:00:10.788][info] [#0:script/workspace/loading.lua:100]: Preload file at: file:///home/astor/neovim/.local/share/nvim/site/pack/packer/start/lualine.nvim/lua/lualine/themes/gruvbox-material.lua , size = 0.947 KB
[01:00:10.790][info] [#0:script/workspace/loading.lua:100]: Preload file at: file:///home/astor/neovim/.local/share/nvim/site/pack/packer/start/lualine.nvim/lua/lualine/themes/onedark.lua , size = 1.123 KB
[01:00:10.791][info] [#0:script/workspace/loading.lua:100]: Preload file at: file:///home/astor/neovim/.local/share/nvim/site/pack/packer/start/lualine.nvim/lua/lualine/themes/iceberg.lua , size = 0.235 KB
[01:00:10.792][info] [#0:script/workspace/loading.lua:100]: Preload file at: file:///home/astor/neovim/.local/share/nvim/site/pack/packer/start/lualine.nvim/lua/lualine/themes/ayu_light.lua , size = 1.213 KB
[01:00:10.793][info] [#0:script/workspace/loading.lua:100]: Preload file at: file:///home/astor/neovim/.local/share/nvim/site/pack/packer/start/lualine.nvim/lua/lualine/themes/papercolor_light.lua , size = 1.508 KB
[01:00:10.794][info] [#0:script/workspace/loading.lua:100]: Preload file at: file:///home/astor/neovim/.local/share/nvim/site/pack/packer/start/lualine.nvim/lua/lualine/themes/gruvbox.lua , size = 0.235 KB
[01:00:10.795][info] [#0:script/workspace/loading.lua:100]: Preload file at: file:///home/astor/neovim/.local/share/nvim/site/pack/packer/start/lualine.nvim/lua/lualine/themes/onelight.lua , size = 1.030 KB
[01:00:10.796][info] [#0:script/workspace/loading.lua:100]: Preload file at: file:///home/astor/neovim/.local/share/nvim/site/pack/packer/start/lualine.nvim/lua/lualine/themes/codedark.lua , size = 1.086 KB
[01:00:10.797][info] [#0:script/workspace/loading.lua:100]: Preload file at: file:///home/astor/neovim/.local/share/nvim/site/pack/packer/start/lualine.nvim/lua/lualine/themes/nord.lua , size = 0.861 KB
[01:00:10.799][info] [#0:script/workspace/loading.lua:100]: Preload file at: file:///home/astor/neovim/.local/share/nvim/site/pack/packer/start/lualine.nvim/lua/lualine/themes/dracula.lua , size = 1.485 KB
[01:00:10.802][info] [#0:script/workspace/loading.lua:100]: Preload file at: file:///home/astor/neovim/.local/share/nvim/site/pack/packer/start/lualine.nvim/lua/lualine/themes/moonfly.lua , size = 1.120 KB
[01:00:10.804][info] [#0:script/workspace/loading.lua:100]: Preload file at: file:///home/astor/neovim/.local/share/nvim/site/pack/packer/start/lualine.nvim/lua/lualine/themes/tomorrow_night.lua , size = 0.976 KB
[01:00:10.807][info] [#0:script/workspace/loading.lua:100]: Preload file at: file:///home/astor/neovim/.local/share/nvim/site/pack/packer/start/lualine.nvim/lua/lualine/themes/powerline.lua , size = 1.343 KB
[01:00:10.810][info] [#0:script/workspace/loading.lua:100]: Preload file at: file:///home/astor/neovim/.local/share/nvim/site/pack/packer/start/lualine.nvim/lua/lualine/themes/nightfly.lua , size = 1.064 KB
[01:00:10.811][info] [#0:script/workspace/loading.lua:100]: Preload file at: file:///home/astor/neovim/.local/share/nvim/site/pack/packer/start/lualine.nvim/lua/lualine/themes/ayu.lua , size = 0.334 KB
[01:00:10.812][info] [#0:script/workspace/loading.lua:100]: Preload file at: file:///home/astor/neovim/.local/share/nvim/site/pack/packer/start/lualine.nvim/lua/lualine/themes/horizon.lua , size = 1.527 KB
[01:00:10.814][info] [#0:script/workspace/loading.lua:100]: Preload file at: file:///home/astor/neovim/.local/share/nvim/site/pack/packer/start/lualine.nvim/lua/lualine/themes/16color.lua , size = 1.104 KB
[01:00:10.815][info] [#0:script/workspace/loading.lua:100]: Preload file at: file:///home/astor/neovim/.local/share/nvim/site/pack/packer/start/lualine.nvim/lua/lualine_require.lua , size = 3.219 KB
[01:00:10.818][info] [#0:script/workspace/loading.lua:100]: Preload file at: file:///home/astor/neovim/.local/share/nvim/site/pack/packer/start/neogen/tests/neogen/lua_emmylua_spec.lua , size = 0.632 KB
[01:00:10.820][info] [#0:script/workspace/loading.lua:100]: Preload file at: file:///home/astor/neovim/.local/share/nvim/site/pack/packer/start/neogen/tests/neogen/java_javadoc_spec.lua , size = 0.816 KB
[01:00:10.821][info] [#0:script/workspace/loading.lua:100]: Preload file at: file:///home/astor/neovim/.local/share/nvim/site/pack/packer/start/neogen/tests/neogen/julia_julia_spec.lua , size = 4.854 KB
[01:00:10.824][info] [#0:script/workspace/loading.lua:100]: Preload file at: file:///home/astor/neovim/.local/share/nvim/site/pack/packer/start/neogen/tests/neogen/python_google_spec.lua , size = 22.144 KB
[01:00:10.831][info] [#0:script/workspace/loading.lua:100]: Preload file at: file:///home/astor/neovim/.local/share/nvim/site/pack/packer/start/neogen/tests/utils/specs.lua , size = 1.732 KB
[01:00:10.832][info] [#0:script/workspace/loading.lua:100]: Preload file at: file:///home/astor/neovim/.local/share/nvim/site/pack/packer/start/neogen/tests/utils/textmate.lua , size = 1.797 KB
[01:00:10.834][info] [#0:script/workspace/loading.lua:100]: Preload file at: file:///home/astor/neovim/.local/share/nvim/site/pack/packer/start/neogen/tests/minimal_init.lua , size = 0.787 KB
[01:00:10.836][info] [#0:script/workspace/loading.lua:100]: Preload file at: file:///home/astor/neovim/.local/share/nvim/site/pack/packer/start/neogen/scripts/minidoc.lua , size = 0.190 KB
[01:00:10.836][info] [#0:script/workspace/loading.lua:100]: Preload file at: file:///home/astor/neovim/.local/share/nvim/site/pack/packer/start/neogen/scripts/get_version.lua , size = 0.032 KB
[01:00:10.837][info] [#0:script/workspace/loading.lua:100]: Preload file at: file:///home/astor/neovim/.local/share/nvim/site/pack/packer/start/neogen/lua/neogen/configurations/vue.lua , size = 0.050 KB
[01:00:10.838][info] [#0:script/workspace/loading.lua:100]: Preload file at: file:///home/astor/neovim/.local/share/nvim/site/pack/packer/start/neogen/lua/neogen/configurations/c.lua , size = 5.635 KB
[01:00:10.841][info] [#0:script/workspace/loading.lua:100]: Preload file at: file:///home/astor/neovim/.local/share/nvim/site/pack/packer/start/neogen/lua/neogen/configurations/python.lua , size = 21.250 KB
[01:00:10.850][info] [#0:script/workspace/loading.lua:100]: Preload file at: file:///home/astor/neovim/.local/share/nvim/site/pack/packer/start/neogen/lua/neogen/configurations/php.lua , size = 3.755 KB
[01:00:10.852][info] [#0:script/workspace/loading.lua:100]: Preload file at: file:///home/astor/neovim/.local/share/nvim/site/pack/packer/start/neogen/lua/neogen/configurations/java.lua , size = 5.425 KB
[01:00:10.855][info] [#0:script/workspace/loading.lua:100]: Preload file at: file:///home/astor/neovim/.local/share/nvim/site/pack/packer/start/neogen/lua/neogen/configurations/julia.lua , size = 10.041 KB
[01:00:10.859][info] [#0:script/workspace/loading.lua:100]: Preload file at: file:///home/astor/neovim/.local/share/nvim/site/pack/packer/start/neogen/lua/neogen/configurations/kotlin.lua , size = 3.323 KB
[01:00:10.861][info] [#0:script/workspace/loading.lua:100]: Preload file at: file:///home/astor/neovim/.local/share/nvim/site/pack/packer/start/neogen/lua/neogen/configurations/cpp.lua , size = 0.983 KB
[01:00:10.862][info] [#0:script/workspace/loading.lua:100]: Preload file at: file:///home/astor/neovim/.local/share/nvim/site/pack/packer/start/neogen/lua/neogen/configurations/lua.lua , size = 4.832 KB
[01:00:10.865][info] [#0:script/workspace/loading.lua:100]: Preload file at: file:///home/astor/neovim/.local/share/nvim/site/pack/packer/start/neogen/lua/neogen/configurations/cs.lua , size = 6.271 KB
[01:00:10.867][info] [#0:script/workspace/loading.lua:100]: Preload file at: file:///home/astor/neovim/.local/share/nvim/site/pack/packer/start/neogen/lua/neogen/configurations/typescript.lua , size = 7.979 KB
[01:00:10.871][info] [#0:script/workspace/loading.lua:100]: Preload file at: file:///home/astor/neovim/.local/share/nvim/site/pack/packer/start/neogen/lua/neogen/configurations/go.lua , size = 3.795 KB
[01:00:10.873][info] [#0:script/workspace/loading.lua:100]: Preload file at: file:///home/astor/neovim/.local/share/nvim/site/pack/packer/start/neogen/lua/neogen/configurations/javascriptreact.lua , size = 0.050 KB
[01:00:10.873][info] [#0:script/workspace/loading.lua:100]: Preload file at: file:///home/astor/neovim/.local/share/nvim/site/pack/packer/start/neogen/lua/neogen/configurations/sh.lua , size = 2.002 KB
[01:00:10.874][info] [#0:script/workspace/loading.lua:100]: Preload file at: file:///home/astor/neovim/.local/share/nvim/site/pack/packer/start/neogen/lua/neogen/configurations/javascript.lua , size = 5.258 KB
[01:00:10.878][info] [#0:script/workspace/loading.lua:100]: Preload file at: file:///home/astor/neovim/.local/share/nvim/site/pack/packer/start/neogen/lua/neogen/configurations/typescriptreact.lua , size = 0.050 KB
[01:00:10.878][info] [#0:script/workspace/loading.lua:100]: Preload file at: file:///home/astor/neovim/.local/share/nvim/site/pack/packer/start/neogen/lua/neogen/configurations/rust.lua , size = 3.790 KB
[01:00:10.879][info] [#0:script/workspace/loading.lua:100]: Preload file at: file:///home/astor/neovim/.local/share/nvim/site/pack/packer/start/neogen/lua/neogen/configurations/ruby.lua , size = 2.183 KB
[01:00:10.881][info] [#0:script/workspace/loading.lua:100]: Preload file at: file:///home/astor/neovim/.local/share/nvim/site/pack/packer/start/neogen/lua/neogen/types/template.lua , size = 0.681 KB
[01:00:10.882][info] [#0:script/workspace/loading.lua:100]: Preload file at: file:///home/astor/neovim/.local/share/nvim/site/pack/packer/start/neogen/lua/neogen/generator.lua , size = 13.312 KB
[01:00:10.891][info] [#0:script/workspace/loading.lua:100]: Preload file at: file:///home/astor/neovim/.local/share/nvim/site/pack/packer/start/neogen/lua/neogen/config.lua , size = 0.836 KB
[01:00:10.892][info] [#0:script/workspace/loading.lua:100]: Preload file at: file:///home/astor/neovim/.local/share/nvim/site/pack/packer/start/neogen/lua/neogen/templates/julia.lua , size = 1.045 KB
[01:00:10.893][info] [#0:script/workspace/loading.lua:100]: Preload file at: file:///home/astor/neovim/.local/share/nvim/site/pack/packer/start/neogen/lua/neogen/templates/javadoc.lua , size = 0.528 KB
[01:00:10.894][info] [#0:script/workspace/loading.lua:100]: Preload file at: file:///home/astor/neovim/.local/share/nvim/site/pack/packer/start/neogen/lua/neogen/templates/yard.lua , size = 0.301 KB
[01:00:10.894][info] [#0:script/workspace/loading.lua:100]: Preload file at: file:///home/astor/neovim/.local/share/nvim/site/pack/packer/start/neogen/lua/neogen/templates/rust_alternative.lua , size = 0.469 KB
[01:00:10.895][info] [#0:script/workspace/loading.lua:100]: Preload file at: file:///home/astor/neovim/.local/share/nvim/site/pack/packer/start/neogen/lua/neogen/templates/tomdoc.lua , size = 0.327 KB
[01:00:10.896][info] [#0:script/workspace/loading.lua:100]: Preload file at: file:///home/astor/neovim/.local/share/nvim/site/pack/packer/start/neogen/lua/neogen/templates/doxygen.lua , size = 0.890 KB
[01:00:10.897][info] [#0:script/workspace/loading.lua:100]: Preload file at: file:///home/astor/neovim/.local/share/nvim/site/pack/packer/start/neogen/lua/neogen/templates/google_bash.lua , size = 0.840 KB
[01:00:10.898][info] [#0:script/workspace/loading.lua:100]: Preload file at: file:///home/astor/neovim/.local/share/nvim/site/pack/packer/start/neogen/lua/neogen/templates/numpydoc.lua , size = 1.575 KB
[01:00:10.900][info] [#0:script/workspace/loading.lua:100]: Preload file at: file:///home/astor/neovim/.local/share/nvim/site/pack/packer/start/neogen/lua/neogen/templates/emmylua.lua , size = 0.724 KB
[01:00:10.901][info] [#0:script/workspace/loading.lua:100]: Preload file at: file:///home/astor/neovim/.local/share/nvim/site/pack/packer/start/neogen/lua/neogen/templates/xmldoc.lua , size = 0.555 KB
[01:00:10.902][info] [#0:script/workspace/loading.lua:100]: Preload file at: file:///home/astor/neovim/.local/share/nvim/site/pack/packer/start/neogen/lua/neogen/templates/godoc.lua , size = 0.222 KB
[01:00:10.903][info] [#0:script/workspace/loading.lua:100]: Preload file at: file:///home/astor/neovim/.local/share/nvim/site/pack/packer/start/neogen/lua/neogen/templates/kdoc.lua , size = 0.042 KB
[01:00:10.903][info] [#0:script/workspace/loading.lua:100]: Preload file at: file:///home/astor/neovim/.local/share/nvim/site/pack/packer/start/neogen/lua/neogen/templates/google_docstrings.lua , size = 1.446 KB
[01:00:10.905][info] [#0:script/workspace/loading.lua:100]: Preload file at: file:///home/astor/neovim/.local/share/nvim/site/pack/packer/start/neogen/lua/neogen/templates/jsdoc.lua , size = 1.065 KB
[01:00:10.906][info] [#0:script/workspace/loading.lua:100]: Preload file at: file:///home/astor/neovim/.local/share/nvim/site/pack/packer/start/neogen/lua/neogen/templates/reST.lua , size = 1.062 KB
[01:00:10.907][info] [#0:script/workspace/loading.lua:100]: Preload file at: file:///home/astor/neovim/.local/share/nvim/site/pack/packer/start/neogen/lua/neogen/templates/tsdoc.lua , size = 1.093 KB
[01:00:10.908][info] [#0:script/workspace/loading.lua:100]: Preload file at: file:///home/astor/neovim/.local/share/nvim/site/pack/packer/start/neogen/lua/neogen/templates/rustdoc.lua , size = 0.253 KB
[01:00:10.909][info] [#0:script/workspace/loading.lua:100]: Preload file at: file:///home/astor/neovim/.local/share/nvim/site/pack/packer/start/neogen/lua/neogen/templates/phpdoc.lua , size = 0.699 KB
[01:00:10.910][info] [#0:script/workspace/loading.lua:100]: Preload file at: file:///home/astor/neovim/.local/share/nvim/site/pack/packer/start/neogen/lua/neogen/templates/ldoc.lua , size = 0.262 KB
[01:00:10.911][info] [#0:script/workspace/loading.lua:100]: Preload file at: file:///home/astor/neovim/.local/share/nvim/site/pack/packer/start/neogen/lua/neogen/templates/rdoc.lua , size = 0.471 KB
[01:00:10.912][info] [#0:script/workspace/loading.lua:100]: Preload file at: file:///home/astor/neovim/.local/share/nvim/site/pack/packer/start/neogen/lua/neogen/mark.lua , size = 4.325 KB
[01:00:10.917][info] [#0:script/workspace/loading.lua:100]: Preload file at: file:///home/astor/neovim/.local/share/nvim/site/pack/packer/start/neogen/lua/neogen/utilities/autocmd.lua , size = 1.838 KB
[01:00:10.918][info] [#0:script/workspace/loading.lua:100]: Preload file at: file:///home/astor/neovim/.local/share/nvim/site/pack/packer/start/neogen/lua/neogen/utilities/helpers.lua , size = 2.021 KB
[01:00:10.921][info] [#0:script/workspace/loading.lua:100]: Preload file at: file:///home/astor/neovim/.local/share/nvim/site/pack/packer/start/neogen/lua/neogen/utilities/nodes.lua , size = 3.827 KB
[01:00:10.924][info] [#0:script/workspace/loading.lua:100]: Preload file at: file:///home/astor/neovim/.local/share/nvim/site/pack/packer/start/neogen/lua/neogen/utilities/extractors.lua , size = 0.963 KB
[01:00:10.925][info] [#0:script/workspace/loading.lua:100]: Preload file at: file:///home/astor/neovim/.local/share/nvim/site/pack/packer/start/neogen/lua/neogen/granulator.lua , size = 1.488 KB
[01:00:10.926][info] [#0:script/workspace/loading.lua:100]: Preload file at: file:///home/astor/neovim/.local/share/nvim/site/pack/packer/start/neogen/lua/neogen/snippet.lua , size = 5.870 KB
[01:00:10.932][info] [#0:script/workspace/loading.lua:100]: Preload file at: file:///home/astor/neovim/.local/share/nvim/site/pack/packer/start/neogen/lua/neogen/template.lua , size = 8.020 KB
[01:00:10.935][info] [#0:script/workspace/loading.lua:100]: Preload file at: file:///home/astor/neovim/.local/share/nvim/site/pack/packer/start/neogen/lua/neogen/locators/lua.lua , size = 1.024 KB
[01:00:10.937][info] [#0:script/workspace/loading.lua:100]: Preload file at: file:///home/astor/neovim/.local/share/nvim/site/pack/packer/start/neogen/lua/neogen/locators/typescript.lua , size = 0.753 KB
[01:00:10.938][info] [#0:script/workspace/loading.lua:100]: Preload file at: file:///home/astor/neovim/.local/share/nvim/site/pack/packer/start/neogen/lua/neogen/locators/default.lua , size = 1.129 KB
[01:00:10.939][info] [#0:script/workspace/loading.lua:100]: Preload file at: file:///home/astor/neovim/.local/share/nvim/site/pack/packer/start/neogen/lua/neogen/init.lua , size = 11.647 KB
[01:00:10.944][info] [#0:script/workspace/loading.lua:100]: Preload file at: file:///home/astor/neovim/.local/share/nvim/site/pack/packer/start/nvim-web-devicons/scripts/generate.lua , size = 4.682 KB
[01:00:10.948][info] [#0:script/workspace/loading.lua:100]: Preload file at: file:///home/astor/neovim/.local/share/nvim/site/pack/packer/start/nvim-web-devicons/scripts/sort_filetypes.lua , size = 0.381 KB
[01:00:10.949][info] [#0:script/workspace/loading.lua:100]: Preload file at: file:///home/astor/neovim/.local/share/nvim/site/pack/packer/start/nvim-web-devicons/scripts/align.lua , size = 1.153 KB
[01:00:10.951][info] [#0:script/workspace/loading.lua:100]: Preload file at: file:///home/astor/neovim/.local/share/nvim/site/pack/packer/start/nvim-web-devicons/lua/nvim-web-devicons.lua , size = 12.511 KB
[01:00:10.960][info] [#0:script/workspace/loading.lua:100]: Preload file at: file:///home/astor/neovim/.local/share/nvim/site/pack/packer/start/nvim-web-devicons/lua/nvim-web-devicons/light/icons_by_filename.lua , size = 26.458 KB
[01:00:10.973][info] [#0:script/workspace/loading.lua:100]: Preload file at: file:///home/astor/neovim/.local/share/nvim/site/pack/packer/start/nvim-web-devicons/lua/nvim-web-devicons/light/icons_by_window_manager.lua , size = 1.365 KB
[01:00:10.974][info] [#0:script/workspace/loading.lua:100]: Preload file at: file:///home/astor/neovim/.local/share/nvim/site/pack/packer/start/nvim-web-devicons/lua/nvim-web-devicons/light/icons_by_operating_system.lua , size = 6.715 KB
[01:00:10.978][info] [#0:script/workspace/loading.lua:100]: Preload file at: file:///home/astor/neovim/.local/share/nvim/site/pack/packer/start/nvim-web-devicons/lua/nvim-web-devicons/light/icons_by_file_extension.lua , size = 56.010 KB
[01:00:11.003][info] [#0:script/workspace/loading.lua:100]: Preload file at: file:///home/astor/neovim/.local/share/nvim/site/pack/packer/start/nvim-web-devicons/lua/nvim-web-devicons/light/icons_by_desktop_environment.lua , size = 0.894 KB
[01:00:11.005][info] [#0:script/workspace/loading.lua:100]: Preload file at: file:///home/astor/neovim/.local/share/nvim/site/pack/packer/start/nvim-web-devicons/lua/nvim-web-devicons/filetypes.lua , size = 4.984 KB
[01:00:11.008][info] [#0:script/workspace/loading.lua:100]: Preload file at: file:///home/astor/neovim/.local/share/nvim/site/pack/packer/start/nvim-web-devicons/lua/nvim-web-devicons/default/icons_by_filename.lua , size = 26.357 KB
[01:00:11.020][info] [#0:script/workspace/loading.lua:100]: Preload file at: file:///home/astor/neovim/.local/share/nvim/site/pack/packer/start/nvim-web-devicons/lua/nvim-web-devicons/default/icons_by_window_manager.lua , size = 1.259 KB
[01:00:11.022][info] [#0:script/workspace/loading.lua:100]: Preload file at: file:///home/astor/neovim/.local/share/nvim/site/pack/packer/start/nvim-web-devicons/lua/nvim-web-devicons/default/icons_by_operating_system.lua , size = 6.606 KB
[01:00:11.025][info] [#0:script/workspace/loading.lua:100]: Preload file at: file:///home/astor/neovim/.local/share/nvim/site/pack/packer/start/nvim-web-devicons/lua/nvim-web-devicons/default/icons_by_file_extension.lua , size = 55.903 KB
[01:00:11.054][info] [#0:script/workspace/loading.lua:100]: Preload file at: file:///home/astor/neovim/.local/share/nvim/site/pack/packer/start/nvim-web-devicons/lua/nvim-web-devicons/default/icons_by_desktop_environment.lua , size = 0.782 KB
[01:00:11.056][info] [#0:script/workspace/loading.lua:100]: Preload file at: file:///home/astor/neovim/.local/share/nvim/site/pack/packer/start/nvim-web-devicons/lua/nvim-web-devicons/hi-test.lua , size = 4.874 KB
[01:00:11.060][info] [#0:script/workspace/loading.lua:100]: Preload file at: file:///home/astor/neovim/.local/share/nvim/site/pack/packer/start/nvim-web-devicons/lua/nvim-web-devicons/icons-default.lua , size = 0.447 KB
[01:00:11.061][info] [#0:script/workspace/loading.lua:100]: Preload file at: file:///home/astor/neovim/.local/share/nvim/site/pack/packer/start/nvim-web-devicons/lua/nvim-web-devicons/icons-light.lua , size = 0.438 KB
[01:00:11.062][info] [#0:script/workspace/loading.lua:100]: Preload file at: file:///home/astor/neovim/.local/share/nvim/site/pack/packer/start/marks.nvim/lua/marks/bookmark.lua , size = 9.111 KB
[01:00:11.074][info] [#0:script/workspace/loading.lua:100]: Preload file at: file:///home/astor/neovim/.local/share/nvim/site/pack/packer/start/marks.nvim/lua/marks/utils.lua , size = 2.253 KB
[01:00:11.077][info] [#0:script/workspace/loading.lua:100]: Preload file at: file:///home/astor/neovim/.local/share/nvim/site/pack/packer/start/marks.nvim/lua/marks/mark.lua , size = 10.057 KB
[01:00:11.088][info] [#0:script/workspace/loading.lua:100]: Preload file at: file:///home/astor/neovim/.local/share/nvim/site/pack/packer/start/marks.nvim/lua/marks/init.lua , size = 6.522 KB
[01:00:11.094][info] [#0:script/workspace/loading.lua:100]: Preload file at: file:///home/astor/neovim/.local/share/nvim/site/pack/packer/start/coc.nvim/doc/coc-example-config.lua , size = 7.513 KB
[01:00:11.099][info] [#0:script/workspace/loading.lua:100]: Preload file at: file:///home/astor/neovim/.local/share/nvim/site/pack/packer/start/coc.nvim/plugin/coc.lua , size = 0.318 KB
[01:00:11.100][info] [#0:script/workspace/loading.lua:100]: Preload file at: file:///home/astor/neovim/.local/share/nvim/site/pack/packer/start/coc.nvim/lua/coc/diagnostic.lua , size = 0.972 KB
[01:00:11.101][info] [#0:script/workspace/loading.lua:100]: Preload file at: file:///home/astor/neovim/.local/share/nvim/site/pack/packer/start/coc.nvim/lua/coc/vtext.lua , size = 3.663 KB
[01:00:11.105][info] [#0:script/workspace/loading.lua:100]: Preload file at: file:///home/astor/neovim/.local/share/nvim/site/pack/packer/start/coc.nvim/lua/coc/util.lua , size = 1.025 KB
[01:00:11.107][info] [#0:script/workspace/loading.lua:100]: Preload file at: file:///home/astor/neovim/.local/share/nvim/site/pack/packer/start/coc.nvim/lua/coc/highlight.lua , size = 14.115 KB
[01:00:11.119][info] [#0:script/workspace/loading.lua:100]: Preload file at: file:///home/astor/neovim/.local/share/nvim/site/pack/packer/start/coc.nvim/lua/coc/text.lua , size = 12.111 KB
[01:00:11.131][info] [#0:script/workspace/loading.lua:100]: Preload file at: file:///home/astor/neovim/.local/share/nvim/site/pack/packer/start/kanagawa/extras/wezterm/kanagawa-dragon.lua , size = 0.574 KB
[01:00:11.132][info] [#0:script/workspace/loading.lua:100]: Preload file at: file:///home/astor/neovim/.local/share/nvim/site/pack/packer/start/kanagawa/extras/wezterm/kanagawa.lua , size = 0.550 KB
[01:00:11.133][info] [#0:script/workspace/loading.lua:100]: Preload file at: file:///home/astor/neovim/.local/share/nvim/site/pack/packer/start/kanagawa/lua/lualine/themes/kanagawa.lua , size = 1.056 KB
[01:00:11.134][info] [#0:script/workspace/loading.lua:100]: Preload file at: file:///home/astor/neovim/.local/share/nvim/site/pack/packer/start/kanagawa/lua/kanagawa/utils.lua , size = 1.751 KB
[01:00:11.136][info] [#0:script/workspace/loading.lua:100]: Preload file at: file:///home/astor/neovim/.local/share/nvim/site/pack/packer/start/kanagawa/lua/kanagawa/colors.lua , size = 4.717 KB
[01:00:11.139][info] [#0:script/workspace/loading.lua:100]: Preload file at: file:///home/astor/neovim/.local/share/nvim/site/pack/packer/start/kanagawa/lua/kanagawa/lib/hsluv.lua , size = 9.211 KB
[01:00:11.147][info] [#0:script/workspace/loading.lua:100]: Preload file at: file:///home/astor/neovim/.local/share/nvim/site/pack/packer/start/kanagawa/lua/kanagawa/lib/color.lua , size = 2.018 KB
[01:00:11.150][info] [#0:script/workspace/loading.lua:100]: Preload file at: file:///home/astor/neovim/.local/share/nvim/site/pack/packer/start/kanagawa/lua/kanagawa/highlights/treesitter.lua , size = 9.018 KB
[01:00:11.153][info] [#0:script/workspace/loading.lua:100]: Preload file at: file:///home/astor/neovim/.local/share/nvim/site/pack/packer/start/kanagawa/lua/kanagawa/highlights/lsp.lua , size = 2.815 KB
[01:00:11.155][info] [#0:script/workspace/loading.lua:100]: Preload file at: file:///home/astor/neovim/.local/share/nvim/site/pack/packer/start/kanagawa/lua/kanagawa/highlights/syntax.lua , size = 3.761 KB
[01:00:11.157][info] [#0:script/workspace/loading.lua:100]: Preload file at: file:///home/astor/neovim/.local/share/nvim/site/pack/packer/start/kanagawa/lua/kanagawa/highlights/editor.lua , size = 12.509 KB
[01:00:11.164][info] [#0:script/workspace/loading.lua:100]: Preload file at: file:///home/astor/neovim/.local/share/nvim/site/pack/packer/start/kanagawa/lua/kanagawa/highlights/plugins.lua , size = 23.450 KB
[01:00:11.176][info] [#0:script/workspace/loading.lua:100]: Preload file at: file:///home/astor/neovim/.local/share/nvim/site/pack/packer/start/kanagawa/lua/kanagawa/highlights/init.lua , size = 1.004 KB
[01:00:11.177][info] [#0:script/workspace/loading.lua:100]: Preload file at: file:///home/astor/neovim/.local/share/nvim/site/pack/packer/start/kanagawa/lua/kanagawa/themes.lua , size = 14.676 KB
[01:00:11.184][info] [#0:script/workspace/loading.lua:100]: Preload file at: file:///home/astor/neovim/.local/share/nvim/site/pack/packer/start/kanagawa/lua/kanagawa/init.lua , size = 2.921 KB
[01:00:11.187][info] [#0:script/workspace/loading.lua:100]: Preload file at: file:///home/astor/neovim/.local/share/nvim/site/pack/packer/start/gruvbox/tests/gruvbox/gruvbox_spec.lua , size = 5.338 KB
[01:00:11.191][info] [#0:script/workspace/loading.lua:100]: Preload file at: file:///home/astor/neovim/.local/share/nvim/site/pack/packer/start/gruvbox/tests/minimal_init.lua , size = 0.369 KB
[01:00:11.192][info] [#0:script/workspace/loading.lua:100]: Preload file at: file:///home/astor/neovim/.local/share/nvim/site/pack/packer/start/gruvbox/colors/gruvbox.lua , size = 0.025 KB
[01:00:11.192][info] [#0:script/workspace/loading.lua:100]: Preload file at: file:///home/astor/neovim/.local/share/nvim/site/pack/packer/start/catppuccin/tests/palette_spec.lua , size = 0.584 KB
[01:00:11.193][info] [#0:script/workspace/loading.lua:100]: Preload file at: file:///home/astor/neovim/.local/share/nvim/site/pack/packer/start/gruvbox/lua/gruvbox.lua , size = 60.738 KB
[01:00:11.225][info] [#0:script/workspace/loading.lua:100]: Preload file at: file:///home/astor/neovim/.local/share/nvim/site/pack/packer/start/catppuccin/tests/pattern_spec.lua , size = 0.840 KB
[01:00:11.226][info] [#0:script/workspace/loading.lua:100]: Preload file at: file:///home/astor/neovim/.local/share/nvim/site/pack/packer/start/catppuccin/tests/flavour_spec.lua , size = 3.023 KB
[01:00:11.229][info] [#0:script/workspace/loading.lua:100]: Preload file at: file:///home/astor/neovim/.local/share/nvim/site/pack/packer/start/catppuccin/tests/init.lua , size = 0.753 KB
[01:00:11.230][info] [#0:script/workspace/loading.lua:100]: Preload file at: file:///home/astor/neovim/.local/share/nvim/site/pack/packer/start/catppuccin/tests/hash_spec.lua , size = 0.885 KB
[01:00:11.231][info] [#0:script/workspace/loading.lua:100]: Preload file at: file:///home/astor/neovim/.local/share/nvim/site/pack/packer/start/catppuccin/scripts/generate_integration_mappings_table.lua , size = 1.682 KB
[01:00:11.233][info] [#0:script/workspace/loading.lua:100]: Preload file at: file:///home/astor/neovim/.local/share/nvim/site/pack/packer/start/catppuccin/lua/reactive/presets/catppuccin-macchiato-cursorline.lua , size = 0.429 KB
[01:00:11.234][info] [#0:script/workspace/loading.lua:100]: Preload file at: file:///home/astor/neovim/.local/share/nvim/site/pack/packer/start/catppuccin/lua/reactive/presets/catppuccin-latte-cursorline.lua , size = 1.695 KB
[01:00:11.236][info] [#0:script/workspace/loading.lua:100]: Preload file at: file:///home/astor/neovim/.local/share/nvim/site/pack/packer/start/catppuccin/lua/reactive/presets/catppuccin-frappe-cursorline.lua , size = 1.709 KB
[01:00:11.238][info] [#0:script/workspace/loading.lua:100]: Preload file at: file:///home/astor/neovim/.local/share/nvim/site/pack/packer/start/catppuccin/lua/reactive/presets/catppuccin-macchiato-cursor.lua , size = 0.182 KB
[01:00:11.239][info] [#0:script/workspace/loading.lua:100]: Preload file at: file:///home/astor/neovim/.local/share/nvim/site/pack/packer/start/catppuccin/lua/reactive/presets/catppuccin-mocha-cursorline.lua , size = 0.182 KB
[01:00:11.239][info] [#0:script/workspace/loading.lua:100]: Preload file at: file:///home/astor/neovim/.local/share/nvim/site/pack/packer/start/catppuccin/lua/reactive/presets/catppuccin-latte-cursor.lua , size = 0.257 KB
[01:00:11.240][info] [#0:script/workspace/loading.lua:100]: Preload file at: file:///home/astor/neovim/.local/share/nvim/site/pack/packer/start/catppuccin/lua/reactive/presets/catppuccin-mocha-cursor.lua , size = 0.174 KB
[01:00:11.240][info] [#0:script/workspace/loading.lua:100]: Preload file at: file:///home/astor/neovim/.local/share/nvim/site/pack/packer/start/catppuccin/lua/reactive/presets/catppuccin-frappe-cursor.lua , size = 0.176 KB
[01:00:11.241][info] [#0:script/workspace/loading.lua:100]: Preload file at: file:///home/astor/neovim/.local/share/nvim/site/pack/packer/start/catppuccin/lua/lualine/themes/catppuccin.lua , size = 0.043 KB
[01:00:11.241][info] [#0:script/workspace/loading.lua:100]: Preload file at: file:///home/astor/neovim/.local/share/nvim/site/pack/packer/start/catppuccin/lua/lualine/themes/catppuccin-latte.lua , size = 0.049 KB
[01:00:11.242][info] [#0:script/workspace/loading.lua:100]: Preload file at: file:///home/astor/neovim/.local/share/nvim/site/pack/packer/start/catppuccin/lua/lualine/themes/catppuccin-mocha.lua , size = 0.049 KB
[01:00:11.242][info] [#0:script/workspace/loading.lua:100]: Preload file at: file:///home/astor/neovim/.local/share/nvim/site/pack/packer/start/catppuccin/lua/lualine/themes/catppuccin-macchiato.lua , size = 0.053 KB
[01:00:11.243][info] [#0:script/workspace/loading.lua:100]: Preload file at: file:///home/astor/neovim/.local/share/nvim/site/pack/packer/start/catppuccin/lua/lualine/themes/catppuccin-frappe.lua , size = 0.050 KB
[01:00:11.243][info] [#0:script/workspace/loading.lua:100]: Preload file at: file:///home/astor/neovim/.local/share/nvim/site/pack/packer/start/catppuccin/lua/catppuccin/types.lua , size = 11.467 KB
[01:00:11.250][info] [#0:script/workspace/loading.lua:100]: Preload file at: file:///home/astor/neovim/.local/share/nvim/site/pack/packer/start/catppuccin/lua/catppuccin/palettes/mocha.lua , size = 0.549 KB
[01:00:11.251][info] [#0:script/workspace/loading.lua:100]: Preload file at: file:///home/astor/neovim/.local/share/nvim/site/pack/packer/start/catppuccin/lua/catppuccin/palettes/frappe.lua , size = 0.549 KB
[01:00:11.252][info] [#0:script/workspace/loading.lua:100]: Preload file at: file:///home/astor/neovim/.local/share/nvim/site/pack/packer/start/catppuccin/lua/catppuccin/palettes/macchiato.lua , size = 0.549 KB
[01:00:11.252][info] [#0:script/workspace/loading.lua:100]: Preload file at: file:///home/astor/neovim/.local/share/nvim/site/pack/packer/start/catppuccin/lua/catppuccin/palettes/latte.lua , size = 0.549 KB
[01:00:11.253][info] [#0:script/workspace/loading.lua:100]: Preload file at: file:///home/astor/neovim/.local/share/nvim/site/pack/packer/start/catppuccin/lua/catppuccin/palettes/init.lua , size = 1.131 KB
[01:00:11.254][info] [#0:script/workspace/loading.lua:100]: Preload file at: file:///home/astor/neovim/.local/share/nvim/site/pack/packer/start/catppuccin/lua/catppuccin/groups/treesitter.lua , size = 13.235 KB
[01:00:11.262][info] [#0:script/workspace/loading.lua:100]: Preload file at: file:///home/astor/neovim/.local/share/nvim/site/pack/packer/start/catppuccin/lua/catppuccin/groups/lsp.lua , size = 7.177 KB
[01:00:11.266][info] [#0:script/workspace/loading.lua:100]: Preload file at: file:///home/astor/neovim/.local/share/nvim/site/pack/packer/start/catppuccin/lua/catppuccin/groups/syntax.lua , size = 5.686 KB
[01:00:11.271][info] [#0:script/workspace/loading.lua:100]: Preload file at: file:///home/astor/neovim/.local/share/nvim/site/pack/packer/start/catppuccin/lua/catppuccin/groups/editor.lua , size = 8.142 KB
[01:00:11.277][info] [#0:script/workspace/loading.lua:100]: Preload file at: file:///home/astor/neovim/.local/share/nvim/site/pack/packer/start/catppuccin/lua/catppuccin/groups/integrations/window_picker.lua , size = 0.354 KB
[01:00:11.277][info] [#0:script/workspace/loading.lua:100]: Preload file at: file:///home/astor/neovim/.local/share/nvim/site/pack/packer/start/catppuccin/lua/catppuccin/groups/integrations/beacon.lua , size = 0.140 KB
[01:00:11.278][info] [#0:script/workspace/loading.lua:100]: Preload file at: file:///home/astor/neovim/.local/share/nvim/site/pack/packer/start/catppuccin/lua/catppuccin/groups/integrations/lsp_trouble.lua , size = 0.312 KB
[01:00:11.279][info] [#0:script/workspace/loading.lua:100]: Preload file at: file:///home/astor/neovim/.local/share/nvim/site/pack/packer/start/catppuccin/lua/catppuccin/groups/integrations/pounce.lua , size = 0.398 KB
[01:00:11.280][info] [#0:script/workspace/loading.lua:100]: Preload file at: file:///home/astor/neovim/.local/share/nvim/site/pack/packer/start/catppuccin/lua/catppuccin/groups/integrations/mini.lua , size = 6.581 KB
[01:00:11.284][info] [#0:script/workspace/loading.lua:100]: Preload file at: file:///home/astor/neovim/.local/share/nvim/site/pack/packer/start/catppuccin/lua/catppuccin/groups/integrations/notify.lua , size = 0.892 KB
[01:00:11.286][info] [#0:script/workspace/loading.lua:100]: Preload file at: file:///home/astor/neovim/.local/share/nvim/site/pack/packer/start/catppuccin/lua/catppuccin/groups/integrations/nvimtree.lua , size = 0.941 KB
[01:00:11.287][info] [#0:script/workspace/loading.lua:100]: Preload file at: file:///home/astor/neovim/.local/share/nvim/site/pack/packer/start/catppuccin/lua/catppuccin/groups/integrations/mason.lua , size = 1.323 KB
[01:00:11.288][info] [#0:script/workspace/loading.lua:100]: Preload file at: file:///home/astor/neovim/.local/share/nvim/site/pack/packer/start/catppuccin/lua/catppuccin/groups/integrations/lightspeed.lua , size = 0.853 KB
[01:00:11.289][info] [#0:script/workspace/loading.lua:100]: Preload file at: file:///home/astor/neovim/.local/share/nvim/site/pack/packer/start/catppuccin/lua/catppuccin/groups/integrations/barbar.lua , size = 1.014 KB
[01:00:11.291][info] [#0:script/workspace/loading.lua:100]: Preload file at: file:///home/astor/neovim/.local/share/nvim/site/pack/packer/start/catppuccin/lua/catppuccin/groups/integrations/neogit.lua , size = 4.357 KB
[01:00:11.296][info] [#0:script/workspace/loading.lua:100]: Preload file at: file:///home/astor/neovim/.local/share/nvim/site/pack/packer/start/catppuccin/lua/catppuccin/groups/integrations/avante.lua , size = 1.806 KB
[01:00:11.299][info] [#0:script/workspace/loading.lua:100]: Preload file at: file:///home/astor/neovim/.local/share/nvim/site/pack/packer/start/catppuccin/lua/catppuccin/groups/integrations/fern.lua , size = 0.142 KB
[01:00:11.300][info] [#0:script/workspace/loading.lua:100]: Preload file at: file:///home/astor/neovim/.local/share/nvim/site/pack/packer/start/catppuccin/lua/catppuccin/groups/integrations/telekasten.lua , size = 0.201 KB
[01:00:11.301][info] [#0:script/workspace/loading.lua:100]: Preload file at: file:///home/astor/neovim/.local/share/nvim/site/pack/packer/start/catppuccin/lua/catppuccin/groups/integrations/overseer.lua , size = 0.478 KB
[01:00:11.302][info] [#0:script/workspace/loading.lua:100]: Preload file at: file:///home/astor/neovim/.local/share/nvim/site/pack/packer/start/catppuccin/lua/catppuccin/groups/integrations/aerial.lua , size = 1.310 KB
[01:00:11.304][info] [#0:script/workspace/loading.lua:100]: Preload file at: file:///home/astor/neovim/.local/share/nvim/site/pack/packer/start/catppuccin/lua/catppuccin/groups/integrations/which_key.lua , size = 0.337 KB
[01:00:11.305][info] [#0:script/workspace/loading.lua:100]: Preload file at: file:///home/astor/neovim/.local/share/nvim/site/pack/packer/start/catppuccin/lua/catppuccin/groups/integrations/markview.lua , size = 1.726 KB
[01:00:11.308][info] [#0:script/workspace/loading.lua:100]: Preload file at: file:///home/astor/neovim/.local/share/nvim/site/pack/packer/start/catppuccin/lua/catppuccin/groups/integrations/copilot_vim.lua , size = 0.185 KB
[01:00:11.309][info] [#0:script/workspace/loading.lua:100]: Preload file at: file:///home/astor/neovim/.local/share/nvim/site/pack/packer/start/catppuccin/lua/catppuccin/groups/integrations/fidget.lua , size = 0.229 KB
[01:00:11.309][info] [#0:script/workspace/loading.lua:100]: Preload file at: file:///home/astor/neovim/.local/share/nvim/site/pack/packer/start/catppuccin/lua/catppuccin/groups/integrations/alpha.lua , size = 0.303 KB
[01:00:11.310][info] [#0:script/workspace/loading.lua:100]: Preload file at: file:///home/astor/neovim/.local/share/nvim/site/pack/packer/start/catppuccin/lua/catppuccin/groups/integrations/leap.lua , size = 0.695 KB
[01:00:11.312][info] [#0:script/workspace/loading.lua:100]: Preload file at: file:///home/astor/neovim/.local/share/nvim/site/pack/packer/start/catppuccin/lua/catppuccin/groups/integrations/illuminate.lua , size = 0.379 KB
[01:00:11.313][info] [#0:script/workspace/loading.lua:100]: Preload file at: file:///home/astor/neovim/.local/share/nvim/site/pack/packer/start/catppuccin/lua/catppuccin/groups/integrations/symbols_outline.lua , size = 0.308 KB
[01:00:11.314][info] [#0:script/workspace/loading.lua:100]: Preload file at: file:///home/astor/neovim/.local/share/nvim/site/pack/packer/start/catppuccin/lua/catppuccin/groups/integrations/lir.lua , size = 0.948 KB
[01:00:11.315][info] [#0:script/workspace/loading.lua:100]: Preload file at: file:///home/astor/neovim/.local/share/nvim/site/pack/packer/start/catppuccin/lua/catppuccin/groups/integrations/ufo.lua , size = 0.197 KB
[01:00:11.316][info] [#0:script/workspace/loading.lua:100]: Preload file at: file:///home/astor/neovim/.local/share/nvim/site/pack/packer/start/catppuccin/lua/catppuccin/groups/integrations/nvim_surround.lua , size = 0.176 KB
[01:00:11.316][info] [#0:script/workspace/loading.lua:100]: Preload file at: file:///home/astor/neovim/.local/share/nvim/site/pack/packer/start/catppuccin/lua/catppuccin/groups/integrations/dap_ui.lua , size = 1.506 KB
[01:00:11.318][info] [#0:script/workspace/loading.lua:100]: Preload file at: file:///home/astor/neovim/.local/share/nvim/site/pack/packer/start/catppuccin/lua/catppuccin/groups/integrations/dap.lua , size = 0.293 KB
[01:00:11.319][info] [#0:script/workspace/loading.lua:100]: Preload file at: file:///home/astor/neovim/.local/share/nvim/site/pack/packer/start/catppuccin/lua/catppuccin/groups/integrations/grug_far.lua , size = 0.156 KB
[01:00:11.319][info] [#0:script/workspace/loading.lua:100]: Preload file at: file:///home/astor/neovim/.local/share/nvim/site/pack/packer/start/catppuccin/lua/catppuccin/groups/integrations/notifier.lua , size = 0.288 KB
[01:00:11.320][info] [#0:script/workspace/loading.lua:100]: Preload file at: file:///home/astor/neovim/.local/share/nvim/site/pack/packer/start/catppuccin/lua/catppuccin/groups/integrations/fzf.lua , size = 0.740 KB
[01:00:11.321][info] [#0:script/workspace/loading.lua:100]: Preload file at: file:///home/astor/neovim/.local/share/nvim/site/pack/packer/start/catppuccin/lua/catppuccin/groups/integrations/gitgutter.lua , size = 0.341 KB
[01:00:11.322][info] [#0:script/workspace/loading.lua:100]: Preload file at: file:///home/astor/neovim/.local/share/nvim/site/pack/packer/start/catppuccin/lua/catppuccin/groups/integrations/render_markdown.lua , size = 1.069 KB
[01:00:11.323][info] [#0:script/workspace/loading.lua:100]: Preload file at: file:///home/astor/neovim/.local/share/nvim/site/pack/packer/start/catppuccin/lua/catppuccin/groups/integrations/coc_nvim.lua , size = 0.401 KB
[01:00:11.324][info] [#0:script/workspace/loading.lua:100]: Preload file at: file:///home/astor/neovim/.local/share/nvim/site/pack/packer/start/catppuccin/lua/catppuccin/groups/integrations/harpoon.lua , size = 0.226 KB
[01:00:11.325][info] [#0:script/workspace/loading.lua:100]: Preload file at: file:///home/astor/neovim/.local/share/nvim/site/pack/packer/start/catppuccin/lua/catppuccin/groups/integrations/cmp.lua , size = 1.437 KB
[01:00:11.327][info] [#0:script/workspace/loading.lua:100]: Preload file at: file:///home/astor/neovim/.local/share/nvim/site/pack/packer/start/catppuccin/lua/catppuccin/groups/integrations/neotest.lua , size = 0.738 KB
[01:00:11.329][info] [#0:script/workspace/loading.lua:100]: Preload file at: file:///home/astor/neovim/.local/share/nvim/site/pack/packer/start/catppuccin/lua/catppuccin/groups/integrations/octo.lua , size = 3.252 KB
[01:00:11.334][info] [#0:script/workspace/loading.lua:100]: Preload file at: file:///home/astor/neovim/.local/share/nvim/site/pack/packer/start/catppuccin/lua/catppuccin/groups/integrations/indent_blankline.lua , size = 0.694 KB
[01:00:11.336][info] [#0:script/workspace/loading.lua:100]: Preload file at: file:///home/astor/neovim/.local/share/nvim/site/pack/packer/start/catppuccin/lua/catppuccin/groups/integrations/hop.lua , size = 0.412 KB
[01:00:11.337][info] [#0:script/workspace/loading.lua:100]: Preload file at: file:///home/astor/neovim/.local/share/nvim/site/pack/packer/start/catppuccin/lua/catppuccin/groups/integrations/gitsigns.lua , size = 1.620 KB
[01:00:11.339][info] [#0:script/workspace/loading.lua:100]: Preload file at: file:///home/astor/neovim/.local/share/nvim/site/pack/packer/start/catppuccin/lua/catppuccin/groups/integrations/diffview.lua , size = 1.626 KB
[01:00:11.341][info] [#0:script/workspace/loading.lua:100]: Preload file at: file:///home/astor/neovim/.local/share/nvim/site/pack/packer/start/catppuccin/lua/catppuccin/groups/integrations/neotree.lua , size = 1.774 KB
[01:00:11.343][info] [#0:script/workspace/loading.lua:100]: Preload file at: file:///home/astor/neovim/.local/share/nvim/site/pack/packer/start/catppuccin/lua/catppuccin/groups/integrations/noice.lua , size = 0.868 KB
[01:00:11.344][info] [#0:script/workspace/loading.lua:100]: Preload file at: file:///home/astor/neovim/.local/share/nvim/site/pack/packer/start/catppuccin/lua/catppuccin/groups/integrations/dropbar.lua , size = 5.330 KB
[01:00:11.348][info] [#0:script/workspace/loading.lua:100]: Preload file at: file:///home/astor/neovim/.local/share/nvim/site/pack/packer/start/catppuccin/lua/catppuccin/groups/integrations/vimwiki.lua , size = 0.792 KB
[01:00:11.349][info] [#0:script/workspace/loading.lua:100]: Preload file at: file:///home/astor/neovim/.local/share/nvim/site/pack/packer/start/catppuccin/lua/catppuccin/groups/integrations/headlines.lua , size = 0.562 KB
[01:00:11.350][info] [#0:script/workspace/loading.lua:100]: Preload file at: file:///home/astor/neovim/.local/share/nvim/site/pack/packer/start/catppuccin/lua/catppuccin/groups/integrations/lsp_saga.lua , size = 4.459 KB
[01:00:11.353][info] [#0:script/workspace/loading.lua:100]: Preload file at: file:///home/astor/neovim/.local/share/nvim/site/pack/packer/start/catppuccin/lua/catppuccin/groups/integrations/telescope.lua , size = 0.938 KB
[01:00:11.355][info] [#0:script/workspace/loading.lua:100]: Preload file at: file:///home/astor/neovim/.local/share/nvim/site/pack/packer/start/catppuccin/lua/catppuccin/groups/integrations/navic.lua , size = 1.864 KB
[01:00:11.357][info] [#0:script/workspace/loading.lua:100]: Preload file at: file:///home/astor/neovim/.local/share/nvim/site/pack/packer/start/catppuccin/lua/catppuccin/groups/integrations/colorful_winsep.lua , size = 0.287 KB
[01:00:11.358][info] [#0:script/workspace/loading.lua:100]: Preload file at: file:///home/astor/neovim/.local/share/nvim/site/pack/packer/start/catppuccin/lua/catppuccin/groups/integrations/dashboard.lua , size = 0.512 KB
[01:00:11.359][info] [#0:script/workspace/loading.lua:100]: Preload file at: file:///home/astor/neovim/.local/share/nvim/site/pack/packer/start/catppuccin/lua/catppuccin/groups/integrations/gitgraph.lua , size = 0.522 KB
[01:00:11.359][info] [#0:script/workspace/loading.lua:100]: Preload file at: file:///home/astor/neovim/.local/share/nvim/site/pack/packer/start/catppuccin/lua/catppuccin/groups/integrations/ts_rainbow2.lua , size = 0.359 KB
[01:00:11.360][info] [#0:script/workspace/loading.lua:100]: Preload file at: file:///home/astor/neovim/.local/share/nvim/site/pack/packer/start/catppuccin/lua/catppuccin/groups/integrations/ts_rainbow.lua , size = 0.341 KB
[01:00:11.361][info] [#0:script/workspace/loading.lua:100]: Preload file at: file:///home/astor/neovim/.local/share/nvim/site/pack/packer/start/catppuccin/lua/catppuccin/groups/integrations/blink_cmp.lua , size = 2.188 KB
[01:00:11.363][info] [#0:script/workspace/loading.lua:100]: Preload file at: file:///home/astor/neovim/.local/share/nvim/site/pack/packer/start/catppuccin/lua/catppuccin/groups/integrations/buffon.lua , size = 0.274 KB
[01:00:11.364][info] [#0:script/workspace/loading.lua:100]: Preload file at: file:///home/astor/neovim/.local/share/nvim/site/pack/packer/start/catppuccin/lua/catppuccin/groups/integrations/signify.lua , size = 0.217 KB
[01:00:11.365][info] [#0:script/workspace/loading.lua:100]: Preload file at: file:///home/astor/neovim/.local/share/nvim/site/pack/packer/start/catppuccin/lua/catppuccin/groups/integrations/snacks.lua , size = 3.097 KB
[01:00:11.368][info] [#0:script/workspace/loading.lua:100]: Preload file at: file:///home/astor/neovim/.local/share/nvim/site/pack/packer/start/catppuccin/lua/catppuccin/groups/integrations/dadbod_ui.lua , size = 0.274 KB
[01:00:11.369][info] [#0:script/workspace/loading.lua:100]: Preload file at: file:///home/astor/neovim/.local/share/nvim/site/pack/packer/start/catppuccin/lua/catppuccin/groups/integrations/vim_sneak.lua , size = 0.179 KB
[01:00:11.369][info] [#0:script/workspace/loading.lua:100]: Preload file at: file:///home/astor/neovim/.local/share/nvim/site/pack/packer/start/catppuccin/lua/catppuccin/groups/integrations/sandwich.lua , size = 0.326 KB
[01:00:11.370][info] [#0:script/workspace/loading.lua:100]: Preload file at: file:///home/astor/neovim/.local/share/nvim/site/pack/packer/start/catppuccin/lua/catppuccin/groups/integrations/treesitter_context.lua , size = 0.457 KB
[01:00:11.371][info] [#0:script/workspace/loading.lua:100]: Preload file at: file:///home/astor/neovim/.local/share/nvim/site/pack/packer/start/catppuccin/lua/catppuccin/groups/integrations/rainbow_delimiters.lua , size = 0.414 KB
[01:00:11.372][info] [#0:script/workspace/loading.lua:100]: Preload file at: file:///home/astor/neovim/.local/share/nvim/site/pack/packer/start/catppuccin/lua/catppuccin/groups/integrations/flash.lua , size = 0.386 KB
[01:00:11.373][info] [#0:script/workspace/loading.lua:100]: Preload file at: file:///home/astor/neovim/.local/share/nvim/site/pack/packer/start/catppuccin/lua/catppuccin/groups/semantic_tokens.lua , size = 1.168 KB
[01:00:11.374][info] [#0:script/workspace/loading.lua:100]: Preload file at: file:///home/astor/neovim/.local/share/nvim/site/pack/packer/start/catppuccin/lua/catppuccin/groups/terminal.lua , size = 0.532 KB
[01:00:11.375][info] [#0:script/workspace/loading.lua:100]: Preload file at: file:///home/astor/neovim/.local/share/nvim/site/pack/packer/start/catppuccin/lua/catppuccin/lib/mapper.lua , size = 2.709 KB
[01:00:11.378][info] [#0:script/workspace/loading.lua:100]: Preload file at: file:///home/astor/neovim/.local/share/nvim/site/pack/packer/start/catppuccin/lua/catppuccin/lib/vim/bit.lua , size = 1.583 KB
[01:00:11.380][info] [#0:script/workspace/loading.lua:100]: Preload file at: file:///home/astor/neovim/.local/share/nvim/site/pack/packer/start/catppuccin/lua/catppuccin/lib/vim/compiler.lua , size = 2.828 KB
[01:00:11.384][info] [#0:script/workspace/loading.lua:100]: Preload file at: file:///home/astor/neovim/.local/share/nvim/site/pack/packer/start/catppuccin/lua/catppuccin/lib/vim/init.lua , size = 2.347 KB
[01:00:11.386][info] [#0:script/workspace/loading.lua:100]: Preload file at: file:///home/astor/neovim/.local/share/nvim/site/pack/packer/start/catppuccin/lua/catppuccin/lib/hsluv.lua , size = 8.214 KB
[01:00:11.394][info] [#0:script/workspace/loading.lua:100]: Preload file at: file:///home/astor/neovim/.local/share/nvim/site/pack/packer/start/catppuccin/lua/catppuccin/lib/highlighter.lua , size = 0.327 KB
[01:00:11.395][info] [#0:script/workspace/loading.lua:100]: Preload file at: file:///home/astor/neovim/.local/share/nvim/site/pack/packer/start/catppuccin/lua/catppuccin/lib/compiler.lua , size = 2.951 KB
[01:00:11.398][info] [#0:script/workspace/loading.lua:100]: Preload file at: file:///home/astor/neovim/.local/share/nvim/site/pack/packer/start/catppuccin/lua/catppuccin/lib/hashing.lua , size = 0.617 KB
[01:00:11.400][info] [#0:script/workspace/loading.lua:100]: Preload file at: file:///home/astor/neovim/.local/share/nvim/site/pack/packer/start/catppuccin/lua/catppuccin/lib/detect_integrations.lua , size = 1.911 KB
[01:00:11.402][info] [#0:script/workspace/loading.lua:100]: Preload file at: file:///home/astor/neovim/.local/share/nvim/site/pack/packer/start/catppuccin/lua/catppuccin/utils/lualine.lua , size = 1.162 KB
[01:00:11.403][info] [#0:script/workspace/loading.lua:100]: Preload file at: file:///home/astor/neovim/.local/share/nvim/site/pack/packer/start/catppuccin/lua/catppuccin/utils/barbecue.lua , size = 1.795 KB
[01:00:11.405][info] [#0:script/workspace/loading.lua:100]: Preload file at: file:///home/astor/neovim/.local/share/nvim/site/pack/packer/start/catppuccin/lua/catppuccin/utils/colors.lua , size = 4.638 KB
[01:00:11.411][info] [#0:script/workspace/loading.lua:100]: Preload file at: file:///home/astor/neovim/.local/share/nvim/site/pack/packer/start/catppuccin/lua/catppuccin/utils/integration_mappings.lua , size = 2.060 KB
[01:00:11.412][info] [#0:script/workspace/loading.lua:100]: Preload file at: file:///home/astor/neovim/.local/share/nvim/site/pack/packer/start/catppuccin/lua/catppuccin/utils/reactive.lua , size = 2.699 KB
[01:00:11.415][info] [#0:script/workspace/loading.lua:100]: Preload file at: file:///home/astor/neovim/.local/share/nvim/site/pack/packer/start/catppuccin/lua/catppuccin/special/bufferline.lua , size = 4.781 KB
[01:00:11.419][info] [#0:script/workspace/loading.lua:100]: Preload file at: file:///home/astor/neovim/.local/share/nvim/site/pack/packer/start/catppuccin/lua/catppuccin/special/feline.lua , size = 11.724 KB
[01:00:11.430][info] [#0:script/workspace/loading.lua:100]: Preload file at: file:///home/astor/neovim/.local/share/nvim/site/pack/packer/start/catppuccin/lua/catppuccin/init.lua , size = 6.595 KB
[01:00:11.435][info] [#0:script/workspace/loading.lua:100]: Preload file at: file:///home/astor/neovim/.local/share/nvim/site/pack/packer/start/catppuccin/lua/barbecue/theme/catppuccin.lua , size = 0.044 KB
[01:00:11.436][info] [#0:script/workspace/loading.lua:100]: Preload file at: file:///home/astor/neovim/.local/share/nvim/site/pack/packer/start/catppuccin/lua/barbecue/theme/catppuccin-latte.lua , size = 0.050 KB
[01:00:11.437][info] [#0:script/workspace/loading.lua:100]: Preload file at: file:///home/astor/neovim/.local/share/nvim/site/pack/packer/start/catppuccin/lua/barbecue/theme/catppuccin-mocha.lua , size = 0.050 KB
[01:00:11.438][info] [#0:script/workspace/loading.lua:100]: Preload file at: file:///home/astor/neovim/.local/share/nvim/site/pack/packer/start/catppuccin/lua/barbecue/theme/catppuccin-macchiato.lua , size = 0.054 KB
[01:00:11.438][info] [#0:script/workspace/loading.lua:100]: Preload file at: file:///home/astor/neovim/.local/share/nvim/site/pack/packer/start/catppuccin/lua/barbecue/theme/catppuccin-frappe.lua , size = 0.051 KB
[01:00:11.438][info] [#0:script/workspace/loading.lua:100]: Preload file at: file:///home/astor/neovim/.local/share/nvim/site/pack/packer/start/telescope.nvim/plugin/telescope.lua , size = 6.448 KB
[01:00:11.442][info] [#0:script/workspace/loading.lua:100]: Preload file at: file:///home/astor/neovim/.local/share/nvim/site/pack/packer/start/telescope.nvim/scripts/gendocs.lua , size = 1.347 KB
[01:00:11.443][info] [#0:script/workspace/loading.lua:100]: Preload file at: file:///home/astor/neovim/.local/share/nvim/site/pack/packer/start/telescope.nvim/ftplugin/TelescopePrompt.lua , size = 0.344 KB
[01:00:11.444][info] [#0:script/workspace/loading.lua:100]: Preload file at: file:///home/astor/neovim/.local/share/nvim/site/pack/packer/start/telescope.nvim/ftplugin/TelescopeResults.lua , size = 0.139 KB
[01:00:11.445][info] [#0:script/workspace/loading.lua:100]: Preload file at: file:///home/astor/neovim/.local/share/nvim/site/pack/packer/start/telescope.nvim/lua/tests/automated/command_spec.lua , size = 3.155 KB
[01:00:11.447][info] [#0:script/workspace/loading.lua:100]: Preload file at: file:///home/astor/neovim/.local/share/nvim/site/pack/packer/start/telescope.nvim/lua/tests/automated/linked_list_spec.lua , size = 2.893 KB
[01:00:11.450][info] [#0:script/workspace/loading.lua:100]: Preload file at: file:///home/astor/neovim/.local/share/nvim/site/pack/packer/start/telescope.nvim/lua/tests/automated/entry_manager_spec.lua , size = 5.007 KB
[01:00:11.454][info] [#0:script/workspace/loading.lua:100]: Preload file at: file:///home/astor/neovim/.local/share/nvim/site/pack/packer/start/telescope.nvim/lua/tests/automated/layout_strategies_spec.lua , size = 3.916 KB
[01:00:11.457][info] [#0:script/workspace/loading.lua:100]: Preload file at: file:///home/astor/neovim/.local/share/nvim/site/pack/packer/start/telescope.nvim/lua/tests/automated/pickers/live_grep_spec.lua , size = 1.212 KB
[01:00:11.458][info] [#0:script/workspace/loading.lua:100]: Preload file at: file:///home/astor/neovim/.local/share/nvim/site/pack/packer/start/telescope.nvim/lua/tests/automated/pickers/find_files_spec.lua , size = 3.845 KB
[01:00:11.460][info] [#0:script/workspace/loading.lua:100]: Preload file at: file:///home/astor/neovim/.local/share/nvim/site/pack/packer/start/telescope.nvim/lua/tests/automated/entry_display_spec.lua , size = 1.850 KB
[01:00:11.461][info] [#0:script/workspace/loading.lua:100]: Preload file at: file:///home/astor/neovim/.local/share/nvim/site/pack/packer/start/telescope.nvim/lua/tests/automated/resolver_spec.lua , size = 7.146 KB
[01:00:11.468][info] [#0:script/workspace/loading.lua:100]: Preload file at: file:///home/astor/neovim/.local/share/nvim/site/pack/packer/start/telescope.nvim/lua/tests/automated/utils_spec.lua , size = 11.372 KB
[01:00:11.476][info] [#0:script/workspace/loading.lua:100]: Preload file at: file:///home/astor/neovim/.local/share/nvim/site/pack/packer/start/telescope.nvim/lua/tests/automated/action_spec.lua , size = 9.890 KB
[01:00:11.483][info] [#0:script/workspace/loading.lua:100]: Preload file at: file:///home/astor/neovim/.local/share/nvim/site/pack/packer/start/telescope.nvim/lua/tests/automated/sorters_spec.lua , size = 2.583 KB
[01:00:11.486][info] [#0:script/workspace/loading.lua:100]: Preload file at: file:///home/astor/neovim/.local/share/nvim/site/pack/packer/start/telescope.nvim/lua/tests/automated/telescope_spec.lua , size = 7.896 KB
[01:00:11.492][info] [#0:script/workspace/loading.lua:100]: Preload file at: file:///home/astor/neovim/.local/share/nvim/site/pack/packer/start/telescope.nvim/lua/tests/automated/scroller_spec.lua , size = 4.629 KB
[01:00:11.497][info] [#0:script/workspace/loading.lua:100]: Preload file at: file:///home/astor/neovim/.local/share/nvim/site/pack/packer/start/telescope.nvim/lua/tests/helpers.lua , size = 2.022 KB
[01:00:11.499][info] [#0:script/workspace/loading.lua:100]: Preload file at: file:///home/astor/neovim/.local/share/nvim/site/pack/packer/start/telescope.nvim/lua/tests/pickers/find_files__readme.lua , size = 0.211 KB
[01:00:11.500][info] [#0:script/workspace/loading.lua:100]: Preload file at: file:///home/astor/neovim/.local/share/nvim/site/pack/packer/start/telescope.nvim/lua/tests/pickers/find_files__scrolling_descending_cycle.lua , size = 0.352 KB
[01:00:11.500][info] [#0:script/workspace/loading.lua:100]: Preload file at: file:///home/astor/neovim/.local/share/nvim/site/pack/packer/start/telescope.nvim/lua/telescope/mappings.lua , size = 10.852 KB
[01:00:11.507][info] [#0:script/workspace/loading.lua:100]: Preload file at: file:///home/astor/neovim/.local/share/nvim/site/pack/packer/start/telescope.nvim/lua/telescope/entry_manager.lua , size = 4.259 KB
[01:00:11.511][info] [#0:script/workspace/loading.lua:100]: Preload file at: file:///home/astor/neovim/.local/share/nvim/site/pack/packer/start/telescope.nvim/lua/telescope/finders/async_oneshot_finder.lua , size = 2.382 KB
[01:00:11.513][info] [#0:script/workspace/loading.lua:100]: Preload file at: file:///home/astor/neovim/.local/share/nvim/site/pack/packer/start/telescope.nvim/lua/telescope/finders/async_static_finder.lua , size = 0.907 KB
[01:00:11.514][info] [#0:script/workspace/loading.lua:100]: Preload file at: file:///home/astor/neovim/.local/share/nvim/site/pack/packer/start/telescope.nvim/lua/telescope/finders/async_job_finder.lua , size = 1.770 KB
[01:00:11.517][info] [#0:script/workspace/loading.lua:100]: Preload file at: file:///home/astor/neovim/.local/share/nvim/site/pack/packer/start/telescope.nvim/lua/telescope/pickers.lua , size = 56.917 KB
[01:00:11.567][info] [#0:script/workspace/loading.lua:100]: Preload file at: file:///home/astor/neovim/.local/share/nvim/site/pack/packer/start/telescope.nvim/lua/telescope/log.lua , size = 0.078 KB
[01:00:11.568][info] [#0:script/workspace/loading.lua:100]: Preload file at: file:///home/astor/neovim/.local/share/nvim/site/pack/packer/start/telescope.nvim/lua/telescope/debounce.lua , size = 4.711 KB
[01:00:11.572][info] [#0:script/workspace/loading.lua:100]: Preload file at: file:///home/astor/neovim/.local/share/nvim/site/pack/packer/start/telescope.nvim/lua/telescope/testharness/helpers.lua , size = 1.636 KB
[01:00:11.574][info] [#0:script/workspace/loading.lua:100]: Preload file at: file:///home/astor/neovim/.local/share/nvim/site/pack/packer/start/telescope.nvim/lua/telescope/testharness/init.lua , size = 2.910 KB
[01:00:11.576][info] [#0:script/workspace/loading.lua:100]: Preload file at: file:///home/astor/neovim/.local/share/nvim/site/pack/packer/start/telescope.nvim/lua/telescope/testharness/runner.lua , size = 3.100 KB
[01:00:11.579][info] [#0:script/workspace/loading.lua:100]: Preload file at: file:///home/astor/neovim/.local/share/nvim/site/pack/packer/start/telescope.nvim/lua/telescope/utils.lua , size = 22.295 KB
[01:00:11.601][info] [#0:script/workspace/loading.lua:100]: Preload file at: file:///home/astor/neovim/.local/share/nvim/site/pack/packer/start/telescope.nvim/lua/telescope/make_entry.lua , size = 35.789 KB
[01:00:11.628][info] [#0:script/workspace/loading.lua:100]: Preload file at: file:///home/astor/neovim/.local/share/nvim/site/pack/packer/start/telescope.nvim/lua/telescope/config.lua , size = 29.931 KB
[01:00:11.637][info] [#0:script/workspace/loading.lua:100]: Preload file at: file:///home/astor/neovim/.local/share/nvim/site/pack/packer/start/telescope.nvim/lua/telescope/sorters.lua , size = 16.251 KB
[01:00:11.648][info] [#0:script/workspace/loading.lua:100]: Preload file at: file:///home/astor/neovim/.local/share/nvim/site/pack/packer/start/telescope.nvim/lua/telescope/command.lua , size = 6.891 KB
[01:00:11.653][info] [#0:script/workspace/loading.lua:100]: Preload file at: file:///home/astor/neovim/.local/share/nvim/site/pack/packer/start/telescope.nvim/lua/telescope/state.lua , size = 0.860 KB
[01:00:11.654][info] [#0:script/workspace/loading.lua:100]: Preload file at: file:///home/astor/neovim/.local/share/nvim/site/pack/packer/start/telescope.nvim/lua/telescope/pickers/highlights.lua , size = 3.708 KB
[01:00:11.657][info] [#0:script/workspace/loading.lua:100]: Preload file at: file:///home/astor/neovim/.local/share/nvim/site/pack/packer/start/telescope.nvim/lua/telescope/pickers/scroller.lua , size = 2.926 KB
[01:00:11.659][info] [#0:script/workspace/loading.lua:100]: Preload file at: file:///home/astor/neovim/.local/share/nvim/site/pack/packer/start/telescope.nvim/lua/telescope/pickers/window.lua , size = 1.193 KB
[01:00:11.660][info] [#0:script/workspace/loading.lua:100]: Preload file at: file:///home/astor/neovim/.local/share/nvim/site/pack/packer/start/telescope.nvim/lua/telescope/pickers/multi.lua , size = 0.960 KB
[01:00:11.662][info] [#0:script/workspace/loading.lua:100]: Preload file at: file:///home/astor/neovim/.local/share/nvim/site/pack/packer/start/telescope.nvim/lua/telescope/pickers/entry_display.lua , size = 5.587 KB
[01:00:11.665][info] [#0:script/workspace/loading.lua:100]: Preload file at: file:///home/astor/neovim/.local/share/nvim/site/pack/packer/start/telescope.nvim/lua/telescope/pickers/layout.lua , size = 5.325 KB
[01:00:11.669][info] [#0:script/workspace/loading.lua:100]: Preload file at: file:///home/astor/neovim/.local/share/nvim/site/pack/packer/start/telescope.nvim/lua/telescope/pickers/layout_strategies.lua , size = 37.550 KB
[01:00:11.690][info] [#0:script/workspace/loading.lua:100]: Preload file at: file:///home/astor/neovim/.local/share/nvim/site/pack/packer/start/telescope.nvim/lua/telescope/builtin/__git.lua , size = 15.844 KB
[01:00:11.702][info] [#0:script/workspace/loading.lua:100]: Preload file at: file:///home/astor/neovim/.local/share/nvim/site/pack/packer/start/telescope.nvim/lua/telescope/builtin/__diagnostics.lua , size = 5.183 KB
[01:00:11.706][info] [#0:script/workspace/loading.lua:100]: Preload file at: file:///home/astor/neovim/.local/share/nvim/site/pack/packer/start/telescope.nvim/lua/telescope/builtin/__files.lua , size = 18.673 KB
[01:00:11.721][info] [#0:script/workspace/loading.lua:100]: Preload file at: file:///home/astor/neovim/.local/share/nvim/site/pack/packer/start/telescope.nvim/lua/telescope/builtin/__lsp.lua , size = 16.856 KB
[01:00:11.734][info] [#0:script/workspace/loading.lua:100]: Preload file at: file:///home/astor/neovim/.local/share/nvim/site/pack/packer/start/telescope.nvim/lua/telescope/builtin/__internal.lua , size = 45.010 KB
[01:00:11.768][info] [#0:script/workspace/loading.lua:100]: Preload file at: file:///home/astor/neovim/.local/share/nvim/site/pack/packer/start/telescope.nvim/lua/telescope/builtin/init.lua , size = 35.345 KB
[01:00:11.786][info] [#0:script/workspace/loading.lua:100]: Preload file at: file:///home/astor/neovim/.local/share/nvim/site/pack/packer/start/telescope.nvim/lua/telescope/config/resolve.lua , size = 8.496 KB
[01:00:11.792][info] [#0:script/workspace/loading.lua:100]: Preload file at: file:///home/astor/neovim/.local/share/nvim/site/pack/packer/start/telescope.nvim/lua/telescope/algos/fzy.lua , size = 4.909 KB
[01:00:11.797][info] [#0:script/workspace/loading.lua:100]: Preload file at: file:///home/astor/neovim/.local/share/nvim/site/pack/packer/start/telescope.nvim/lua/telescope/algos/linked_list.lua , size = 5.003 KB
[01:00:11.802][info] [#0:script/workspace/loading.lua:100]: Preload file at: file:///home/astor/neovim/.local/share/nvim/site/pack/packer/start/telescope.nvim/lua/telescope/algos/string_distance.lua , size = 0.910 KB
[01:00:11.804][info] [#0:script/workspace/loading.lua:100]: Preload file at: file:///home/astor/neovim/.local/share/nvim/site/pack/packer/start/telescope.nvim/lua/telescope/actions/mt.lua , size = 5.731 KB
[01:00:11.809][info] [#0:script/workspace/loading.lua:100]: Preload file at: file:///home/astor/neovim/.local/share/nvim/site/pack/packer/start/telescope.nvim/lua/telescope/actions/utils.lua , size = 5.302 KB
[01:00:11.813][info] [#0:script/workspace/loading.lua:100]: Preload file at: file:///home/astor/neovim/.local/share/nvim/site/pack/packer/start/telescope.nvim/lua/telescope/actions/state.lua , size = 1.551 KB
[01:00:11.815][info] [#0:script/workspace/loading.lua:100]: Preload file at: file:///home/astor/neovim/.local/share/nvim/site/pack/packer/start/telescope.nvim/lua/telescope/actions/generate.lua , size = 5.041 KB
[01:00:11.818][info] [#0:script/workspace/loading.lua:100]: Preload file at: file:///home/astor/neovim/.local/share/nvim/site/pack/packer/start/telescope.nvim/lua/telescope/actions/history.lua , size = 6.497 KB
[01:00:11.824][info] [#0:script/workspace/loading.lua:100]: Preload file at: file:///home/astor/neovim/.local/share/nvim/site/pack/packer/start/telescope.nvim/lua/telescope/actions/layout.lua , size = 6.235 KB
[01:00:11.828][info] [#0:script/workspace/loading.lua:100]: Preload file at: file:///home/astor/neovim/.local/share/nvim/site/pack/packer/start/telescope.nvim/lua/telescope/actions/set.lua , size = 10.779 KB
[01:00:11.836][info] [#0:script/workspace/loading.lua:100]: Preload file at: file:///home/astor/neovim/.local/share/nvim/site/pack/packer/start/telescope.nvim/lua/telescope/actions/init.lua , size = 54.469 KB
[01:00:11.874][info] [#0:script/workspace/loading.lua:100]: Preload file at: file:///home/astor/neovim/.local/share/nvim/site/pack/packer/start/telescope.nvim/lua/telescope/operators.lua , size = 0.783 KB
[01:00:11.876][info] [#0:script/workspace/loading.lua:100]: Preload file at: file:///home/astor/neovim/.local/share/nvim/site/pack/packer/start/telescope.nvim/lua/telescope/finders.lua , size = 5.570 KB
[01:00:11.881][info] [#0:script/workspace/loading.lua:100]: Preload file at: file:///home/astor/neovim/.local/share/nvim/site/pack/packer/start/telescope.nvim/lua/telescope/themes.lua , size = 3.802 KB
[01:00:11.884][info] [#0:script/workspace/loading.lua:100]: Preload file at: file:///home/astor/neovim/.local/share/nvim/site/pack/packer/start/telescope.nvim/lua/telescope/deprecated.lua , size = 0.320 KB
[01:00:11.885][info] [#0:script/workspace/loading.lua:100]: Preload file at: file:///home/astor/neovim/.local/share/nvim/site/pack/packer/start/telescope.nvim/lua/telescope/from_entry.lua , size = 1.348 KB
[01:00:11.886][info] [#0:script/workspace/loading.lua:100]: Preload file at: file:///home/astor/neovim/.local/share/nvim/site/pack/packer/start/telescope.nvim/lua/telescope/_.lua , size = 6.651 KB
[01:00:11.893][info] [#0:script/workspace/loading.lua:100]: Preload file at: file:///home/astor/neovim/.local/share/nvim/site/pack/packer/start/telescope.nvim/lua/telescope/previewers/previewer.lua , size = 2.386 KB
[01:00:11.897][info] [#0:script/workspace/loading.lua:100]: Preload file at: file:///home/astor/neovim/.local/share/nvim/site/pack/packer/start/telescope.nvim/lua/telescope/previewers/utils.lua , size = 6.498 KB
[01:00:11.904][info] [#0:script/workspace/loading.lua:100]: Preload file at: file:///home/astor/neovim/.local/share/nvim/site/pack/packer/start/telescope.nvim/lua/telescope/previewers/term_previewer.lua , size = 8.427 KB
[01:00:11.912][info] [#0:script/workspace/loading.lua:100]: Preload file at: file:///home/astor/neovim/.local/share/nvim/site/pack/packer/start/telescope.nvim/lua/telescope/previewers/buffer_previewer.lua , size = 38.049 KB
[01:00:11.943][info] [#0:script/workspace/loading.lua:100]: Preload file at: file:///home/astor/neovim/.local/share/nvim/site/pack/packer/start/telescope.nvim/lua/telescope/previewers/init.lua , size = 15.522 KB
[01:00:11.949][info] [#0:script/workspace/loading.lua:100]: Preload file at: file:///home/astor/neovim/.local/share/nvim/site/pack/packer/start/telescope.nvim/lua/telescope/init.lua , size = 7.562 KB
[01:00:11.952][info] [#0:script/workspace/loading.lua:100]: Preload file at: file:///home/astor/neovim/.local/share/nvim/site/pack/packer/start/telescope.nvim/lua/telescope/_extensions/init.lua , size = 2.229 KB
[01:00:11.954][info] [#0:script/workspace/loading.lua:100]: Preload file at: file:///home/astor/neovim/.local/share/nvim/site/pack/packer/start/telescope.nvim/lua/telescope/health.lua , size = 3.605 KB
[01:00:11.956][info] [#0:script/workspace/loading.lua:100]: Preload file at: file:///home/astor/neovim/.local/share/nvim/site/pack/packer/start/nvim-treesitter/tests/query/highlights_spec.lua , size = 3.592 KB
[01:00:11.960][info] [#0:script/workspace/loading.lua:100]: Preload file at: file:///home/astor/neovim/.local/share/nvim/site/pack/packer/start/nvim-treesitter/tests/query/highlights/lua/test.lua , size = 0.361 KB
[01:00:11.961][info] [#0:script/workspace/loading.lua:100]: Preload file at: file:///home/astor/neovim/.local/share/nvim/site/pack/packer/start/nvim-treesitter/tests/query/injection_spec.lua , size = 2.444 KB
[01:00:11.963][info] [#0:script/workspace/loading.lua:100]: Preload file at: file:///home/astor/neovim/.local/share/nvim/site/pack/packer/start/nvim-treesitter/tests/unit/ts_utils_spec.lua , size = 2.771 KB
[01:00:11.966][info] [#0:script/workspace/loading.lua:100]: Preload file at: file:///home/astor/neovim/.local/share/nvim/site/pack/packer/start/nvim-treesitter/tests/indent/nickel_spec.lua , size = 0.977 KB
[01:00:11.967][info] [#0:script/workspace/loading.lua:100]: Preload file at: file:///home/astor/neovim/.local/share/nvim/site/pack/packer/start/nvim-treesitter/tests/indent/julia_spec.lua , size = 0.375 KB
[01:00:11.968][info] [#0:script/workspace/loading.lua:100]: Preload file at: file:///home/astor/neovim/.local/share/nvim/site/pack/packer/start/nvim-treesitter/tests/indent/cpp_spec.lua , size = 2.422 KB
[01:00:11.970][info] [#0:script/workspace/loading.lua:100]: Preload file at: file:///home/astor/neovim/.local/share/nvim/site/pack/packer/start/nvim-treesitter/tests/indent/html_spec.lua , size = 1.429 KB
[01:00:11.972][info] [#0:script/workspace/loading.lua:100]: Preload file at: file:///home/astor/neovim/.local/share/nvim/site/pack/packer/start/nvim-treesitter/tests/indent/wgsl_spec.lua , size = 1.246 KB
[01:00:11.974][info] [#0:script/workspace/loading.lua:100]: Preload file at: file:///home/astor/neovim/.local/share/nvim/site/pack/packer/start/nvim-treesitter/tests/indent/zig_spec.lua , size = 0.561 KB
[01:00:11.975][info] [#0:script/workspace/loading.lua:100]: Preload file at: file:///home/astor/neovim/.local/share/nvim/site/pack/packer/start/nvim-treesitter/tests/indent/yuck_spec.lua , size = 0.500 KB
[01:00:11.976][info] [#0:script/workspace/loading.lua:100]: Preload file at: file:///home/astor/neovim/.local/share/nvim/site/pack/packer/start/nvim-treesitter/tests/indent/dot_spec.lua , size = 0.814 KB
[01:00:11.977][info] [#0:script/workspace/loading.lua:100]: Preload file at: file:///home/astor/neovim/.local/share/nvim/site/pack/packer/start/nvim-treesitter/tests/indent/gdscript_spec.lua , size = 0.460 KB
[01:00:11.979][info] [#0:script/workspace/loading.lua:100]: Preload file at: file:///home/astor/neovim/.local/share/nvim/site/pack/packer/start/nvim-treesitter/tests/indent/terraform_spec.lua , size = 1.896 KB
[01:00:11.981][info] [#0:script/workspace/loading.lua:100]: Preload file at: file:///home/astor/neovim/.local/share/nvim/site/pack/packer/start/nvim-treesitter/tests/indent/angular_spec.lua , size = 1.438 KB
[01:00:11.982][info] [#0:script/workspace/loading.lua:100]: Preload file at: file:///home/astor/neovim/.local/share/nvim/site/pack/packer/start/nvim-treesitter/tests/indent/query_spec.lua , size = 1.183 KB
[01:00:11.984][info] [#0:script/workspace/loading.lua:100]: Preload file at: file:///home/astor/neovim/.local/share/nvim/site/pack/packer/start/nvim-treesitter/tests/indent/common.lua , size = 6.410 KB
[01:00:11.990][info] [#0:script/workspace/loading.lua:100]: Preload file at: file:///home/astor/neovim/.local/share/nvim/site/pack/packer/start/nvim-treesitter/tests/indent/ql_spec.lua , size = 0.562 KB
[01:00:11.991][info] [#0:script/workspace/loading.lua:100]: Preload file at: file:///home/astor/neovim/.local/share/nvim/site/pack/packer/start/nvim-treesitter/tests/indent/yaml_spec.lua , size = 0.576 KB
[01:00:11.992][info] [#0:script/workspace/loading.lua:100]: Preload file at: file:///home/astor/neovim/.local/share/nvim/site/pack/packer/start/nvim-treesitter/tests/indent/rescript_spec.lua , size = 1.383 KB
[01:00:11.994][info] [#0:script/workspace/loading.lua:100]: Preload file at: file:///home/astor/neovim/.local/share/nvim/site/pack/packer/start/nvim-treesitter/tests/indent/css_spec.lua , size = 0.600 KB
[01:00:11.995][info] [#0:script/workspace/loading.lua:100]: Preload file at: file:///home/astor/neovim/.local/share/nvim/site/pack/packer/start/nvim-treesitter/tests/indent/r_spec.lua , size = 1.741 KB
[01:00:11.996][info] [#0:script/workspace/loading.lua:100]: Preload file at: file:///home/astor/neovim/.local/share/nvim/site/pack/packer/start/nvim-treesitter/tests/indent/go_spec.lua , size = 0.769 KB
[01:00:11.997][info] [#0:script/workspace/loading.lua:100]: Preload file at: file:///home/astor/neovim/.local/share/nvim/site/pack/packer/start/nvim-treesitter/tests/indent/smali_spec.lua , size = 1.003 KB
[01:00:11.999][info] [#0:script/workspace/loading.lua:100]: Preload file at: file:///home/astor/neovim/.local/share/nvim/site/pack/packer/start/nvim-treesitter/tests/indent/jsx_spec.lua , size = 1.003 KB
[01:00:12.000][info] [#0:script/workspace/loading.lua:100]: Preload file at: file:///home/astor/neovim/.local/share/nvim/site/pack/packer/start/nvim-treesitter/tests/indent/vue_spec.lua , size = 0.573 KB
[01:00:12.001][info] [#0:script/workspace/loading.lua:100]: Preload file at: file:///home/astor/neovim/.local/share/nvim/site/pack/packer/start/nvim-treesitter/tests/indent/php_spec.lua , size = 4.781 KB
[01:00:12.005][info] [#0:script/workspace/loading.lua:100]: Preload file at: file:///home/astor/neovim/.local/share/nvim/site/pack/packer/start/nvim-treesitter/tests/indent/capnp_spec.lua , size = 1.145 KB
[01:00:12.007][info] [#0:script/workspace/loading.lua:100]: Preload file at: file:///home/astor/neovim/.local/share/nvim/site/pack/packer/start/nvim-treesitter/tests/indent/javascript_spec.lua , size = 3.033 KB
[01:00:12.010][info] [#0:script/workspace/loading.lua:100]: Preload file at: file:///home/astor/neovim/.local/share/nvim/site/pack/packer/start/nvim-treesitter/tests/indent/java_spec.lua , size = 1.753 KB
[01:00:12.012][info] [#0:script/workspace/loading.lua:100]: Preload file at: file:///home/astor/neovim/.local/share/nvim/site/pack/packer/start/nvim-treesitter/tests/indent/algorithm_spec.lua , size = 0.782 KB
[01:00:12.013][info] [#0:script/workspace/loading.lua:100]: Preload file at: file:///home/astor/neovim/.local/share/nvim/site/pack/packer/start/nvim-treesitter/tests/indent/python_spec.lua , size = 6.122 KB
[01:00:12.019][info] [#0:script/workspace/loading.lua:100]: Preload file at: file:///home/astor/neovim/.local/share/nvim/site/pack/packer/start/nvim-treesitter/tests/indent/nu_spec.lua , size = 0.369 KB
[01:00:12.019][info] [#0:script/workspace/loading.lua:100]: Preload file at: file:///home/astor/neovim/.local/share/nvim/site/pack/packer/start/nvim-treesitter/tests/indent/lua_spec.lua , size = 2.649 KB
[01:00:12.022][info] [#0:script/workspace/loading.lua:100]: Preload file at: file:///home/astor/neovim/.local/share/nvim/site/pack/packer/start/nvim-treesitter/tests/indent/graphql_spec.lua , size = 0.418 KB
[01:00:12.023][info] [#0:script/workspace/loading.lua:100]: Preload file at: file:///home/astor/neovim/.local/share/nvim/site/pack/packer/start/nvim-treesitter/tests/indent/t32_spec.lua , size = 3.692 KB
[01:00:12.027][info] [#0:script/workspace/loading.lua:100]: Preload file at: file:///home/astor/neovim/.local/share/nvim/site/pack/packer/start/nvim-treesitter/tests/indent/yang_spec.lua , size = 0.704 KB
[01:00:12.028][info] [#0:script/workspace/loading.lua:100]: Preload file at: file:///home/astor/neovim/.local/share/nvim/site/pack/packer/start/nvim-treesitter/tests/indent/c_spec.lua , size = 3.652 KB
[01:00:12.032][info] [#0:script/workspace/loading.lua:100]: Preload file at: file:///home/astor/neovim/.local/share/nvim/site/pack/packer/start/nvim-treesitter/tests/indent/nix_spec.lua , size = 0.841 KB
[01:00:12.033][info] [#0:script/workspace/loading.lua:100]: Preload file at: file:///home/astor/neovim/.local/share/nvim/site/pack/packer/start/nvim-treesitter/tests/indent/sway_spec.lua , size = 0.650 KB
[01:00:12.034][info] [#0:script/workspace/loading.lua:100]: Preload file at: file:///home/astor/neovim/.local/share/nvim/site/pack/packer/start/nvim-treesitter/tests/indent/lua/nested-table.lua , size = 0.043 KB
[01:00:12.035][info] [#0:script/workspace/loading.lua:100]: Preload file at: file:///home/astor/neovim/.local/share/nvim/site/pack/packer/start/nvim-treesitter/tests/indent/lua/table.lua , size = 0.094 KB
[01:00:12.035][info] [#0:script/workspace/loading.lua:100]: Preload file at: file:///home/astor/neovim/.local/share/nvim/site/pack/packer/start/nvim-treesitter/tests/indent/lua/cond.lua , size = 0.124 KB
[01:00:12.036][info] [#0:script/workspace/loading.lua:100]: Preload file at: file:///home/astor/neovim/.local/share/nvim/site/pack/packer/start/nvim-treesitter/tests/indent/lua/func.lua , size = 0.126 KB
[01:00:12.036][info] [#0:script/workspace/loading.lua:100]: Preload file at: file:///home/astor/neovim/.local/share/nvim/site/pack/packer/start/nvim-treesitter/tests/indent/lua/loop.lua , size = 0.116 KB
[01:00:12.037][info] [#0:script/workspace/loading.lua:100]: Preload file at: file:///home/astor/neovim/.local/share/nvim/site/pack/packer/start/nvim-treesitter/tests/indent/lua/string.lua , size = 0.058 KB
[01:00:12.038][info] [#0:script/workspace/loading.lua:100]: Preload file at: file:///home/astor/neovim/.local/share/nvim/site/pack/packer/start/nvim-treesitter/tests/indent/lua/method_index_expr.lua , size = 0.031 KB
[01:00:12.038][info] [#0:script/workspace/loading.lua:100]: Preload file at: file:///home/astor/neovim/.local/share/nvim/site/pack/packer/start/nvim-treesitter/tests/indent/lua/comment.lua , size = 0.049 KB
[01:00:12.039][info] [#0:script/workspace/loading.lua:100]: Preload file at: file:///home/astor/neovim/.local/share/nvim/site/pack/packer/start/nvim-treesitter/tests/indent/lua/no-indent-after-paren-pairs.lua , size = 0.063 KB
[01:00:12.039][info] [#0:script/workspace/loading.lua:100]: Preload file at: file:///home/astor/neovim/.local/share/nvim/site/pack/packer/start/nvim-treesitter/tests/indent/ruby_spec.lua , size = 0.774 KB
[01:00:12.040][info] [#0:script/workspace/loading.lua:100]: Preload file at: file:///home/astor/neovim/.local/share/nvim/site/pack/packer/start/nvim-treesitter/tests/indent/gleam_spec.lua , size = 7.648 KB
[01:00:12.047][info] [#0:script/workspace/loading.lua:100]: Preload file at: file:///home/astor/neovim/.local/share/nvim/site/pack/packer/start/nvim-treesitter/tests/indent/dart_spec.lua , size = 1.759 KB
[01:00:12.049][info] [#0:script/workspace/loading.lua:100]: Preload file at: file:///home/astor/neovim/.local/share/nvim/site/pack/packer/start/nvim-treesitter/tests/indent/swift_spec.lua , size = 0.937 KB
[01:00:12.050][info] [#0:script/workspace/loading.lua:100]: Preload file at: file:///home/astor/neovim/.local/share/nvim/site/pack/packer/start/nvim-treesitter/tests/indent/tiger_spec.lua , size = 5.885 KB
[01:00:12.054][info] [#0:script/workspace/loading.lua:100]: Preload file at: file:///home/astor/neovim/.local/share/nvim/site/pack/packer/start/nvim-treesitter/tests/indent/meson_spec.lua , size = 1.041 KB
[01:00:12.055][info] [#0:script/workspace/loading.lua:100]: Preload file at: file:///home/astor/neovim/.local/share/nvim/site/pack/packer/start/nvim-treesitter/tests/indent/rust_spec.lua , size = 4.068 KB
[01:00:12.060][info] [#0:script/workspace/loading.lua:100]: Preload file at: file:///home/astor/neovim/.local/share/nvim/site/pack/packer/start/nvim-treesitter/tests/indent/sql_spec.lua , size = 0.410 KB
[01:00:12.060][info] [#0:script/workspace/loading.lua:100]: Preload file at: file:///home/astor/neovim/.local/share/nvim/site/pack/packer/start/nvim-treesitter/tests/indent/usd_spec.lua , size = 0.527 KB
[01:00:12.062][info] [#0:script/workspace/loading.lua:100]: Preload file at: file:///home/astor/neovim/.local/share/nvim/site/pack/packer/start/nvim-treesitter/plugin/nvim-treesitter.lua , size = 0.733 KB
[01:00:12.063][info] [#0:script/workspace/loading.lua:100]: Preload file at: file:///home/astor/neovim/.local/share/nvim/site/pack/packer/start/nvim-treesitter/scripts/check-queries.lua , size = 3.583 KB
[01:00:12.066][info] [#0:script/workspace/loading.lua:100]: Preload file at: file:///home/astor/neovim/.local/share/nvim/site/pack/packer/start/nvim-treesitter/scripts/format-queries.lua , size = 11.186 KB
[01:00:12.072][info] [#0:script/workspace/loading.lua:100]: Preload file at: file:///home/astor/neovim/.local/share/nvim/site/pack/packer/start/nvim-treesitter/scripts/write-lockfile.lua , size = 0.352 KB
[01:00:12.074][info] [#0:script/workspace/loading.lua:100]: Preload file at: file:///home/astor/neovim/.local/share/nvim/site/pack/packer/start/nvim-treesitter/scripts/minimal_init.lua , size = 0.500 KB
[01:00:12.075][info] [#0:script/workspace/loading.lua:100]: Preload file at: file:///home/astor/neovim/.local/share/nvim/site/pack/packer/start/nvim-treesitter/scripts/update-readme.lua , size = 1.601 KB
[01:00:12.077][info] [#0:script/workspace/loading.lua:139]: Preload dll at: file:///home/astor/neovim/.local/share/nvim/site/pack/packer/start/nvim-treesitter/parser/vimdoc.so , size = 177.023 KB
[01:00:12.079][info] [#0:script/workspace/loading.lua:139]: Preload dll at: file:///home/astor/neovim/.local/share/nvim/site/pack/packer/start/nvim-treesitter/parser/json.so , size = 12.219 KB
[01:00:12.079][info] [#0:script/workspace/loading.lua:139]: Preload dll at: file:///home/astor/neovim/.local/share/nvim/site/pack/packer/start/nvim-treesitter/parser/lua.so , size = 57.539 KB
[01:00:12.081][info] [#0:script/workspace/loading.lua:139]: Preload dll at: file:///home/astor/neovim/.local/share/nvim/site/pack/packer/start/nvim-treesitter/parser/python.so , size = 460.992 KB
[01:00:12.086][info] [#0:script/workspace/loading.lua:139]: Preload dll at: file:///home/astor/neovim/.local/share/nvim/site/pack/packer/start/nvim-treesitter/parser/bash.so , size = 1329.945 KB
[01:00:12.099][info] [#0:script/workspace/loading.lua:100]: Preload file at: file:///home/astor/neovim/.local/share/nvim/site/pack/packer/start/nvim-treesitter/lua/nvim-treesitter.lua , size = 0.604 KB
[01:00:12.100][info] [#0:script/workspace/loading.lua:100]: Preload file at: file:///home/astor/neovim/.local/share/nvim/site/pack/packer/start/nvim-treesitter/lua/nvim-treesitter/compat.lua , size = 0.932 KB
[01:00:12.101][info] [#0:script/workspace/loading.lua:100]: Preload file at: file:///home/astor/neovim/.local/share/nvim/site/pack/packer/start/nvim-treesitter/lua/nvim-treesitter/caching.lua , size = 1.653 KB
[01:00:12.103][info] [#0:script/workspace/loading.lua:100]: Preload file at: file:///home/astor/neovim/.local/share/nvim/site/pack/packer/start/nvim-treesitter/lua/nvim-treesitter/tsrange.lua , size = 3.576 KB
[01:00:12.109][info] [#0:script/workspace/loading.lua:139]: Preload dll at: file:///home/astor/neovim/.local/share/nvim/site/pack/packer/start/nvim-treesitter/parser/cpp.so , size = 3475.805 KB
[01:00:12.147][info] [#0:script/workspace/loading.lua:100]: Preload file at: file:///home/astor/neovim/.local/share/nvim/site/pack/packer/start/nvim-treesitter/lua/nvim-treesitter/utils.lua , size = 6.387 KB
[01:00:12.153][info] [#0:script/workspace/loading.lua:100]: Preload file at: file:///home/astor/neovim/.local/share/nvim/site/pack/packer/start/nvim-treesitter/lua/nvim-treesitter/fold.lua , size = 3.760 KB
[01:00:12.156][info] [#0:script/workspace/loading.lua:100]: Preload file at: file:///home/astor/neovim/.local/share/nvim/site/pack/packer/start/nvim-treesitter/lua/nvim-treesitter/query_predicates.lua , size = 4.409 KB
[01:00:12.161][info] [#0:script/workspace/loading.lua:100]: Preload file at: file:///home/astor/neovim/.local/share/nvim/site/pack/packer/start/nvim-treesitter/lua/nvim-treesitter/incremental_selection.lua , size = 5.696 KB
[01:00:12.167][info] [#0:script/workspace/loading.lua:100]: Preload file at: file:///home/astor/neovim/.local/share/nvim/site/pack/packer/start/nvim-treesitter/lua/nvim-treesitter/parsers.lua , size = 63.361 KB
[01:00:12.202][info] [#0:script/workspace/loading.lua:100]: Preload file at: file:///home/astor/neovim/.local/share/nvim/site/pack/packer/start/nvim-treesitter/lua/nvim-treesitter/highlight.lua , size = 1.210 KB
[01:00:12.204][info] [#0:script/workspace/loading.lua:100]: Preload file at: file:///home/astor/neovim/.local/share/nvim/site/pack/packer/start/nvim-treesitter/lua/nvim-treesitter/install.lua , size = 22.692 KB
[01:00:12.221][info] [#0:script/workspace/loading.lua:100]: Preload file at: file:///home/astor/neovim/.local/share/nvim/site/pack/packer/start/nvim-treesitter/lua/nvim-treesitter/shell_command_selectors.lua , size = 9.260 KB
[01:00:12.229][info] [#0:script/workspace/loading.lua:100]: Preload file at: file:///home/astor/neovim/.local/share/nvim/site/pack/packer/start/nvim-treesitter/lua/nvim-treesitter/query.lua , size = 12.747 KB
[01:00:12.243][info] [#0:script/workspace/loading.lua:100]: Preload file at: file:///home/astor/neovim/.local/share/nvim/site/pack/packer/start/nvim-treesitter/lua/nvim-treesitter/info.lua , size = 5.092 KB
[01:00:12.248][info] [#0:script/workspace/loading.lua:100]: Preload file at: file:///home/astor/neovim/.local/share/nvim/site/pack/packer/start/nvim-treesitter/lua/nvim-treesitter/indent.lua , size = 11.883 KB
[01:00:12.259][info] [#0:script/workspace/loading.lua:100]: Preload file at: file:///home/astor/neovim/.local/share/nvim/site/pack/packer/start/nvim-treesitter/lua/nvim-treesitter/configs.lua , size = 17.758 KB
[01:00:12.272][info] [#0:script/workspace/loading.lua:100]: Preload file at: file:///home/astor/neovim/.local/share/nvim/site/pack/packer/start/nvim-treesitter/lua/nvim-treesitter/statusline.lua , size = 1.386 KB
[01:00:12.274][info] [#0:script/workspace/loading.lua:100]: Preload file at: file:///home/astor/neovim/.local/share/nvim/site/pack/packer/start/nvim-treesitter/lua/nvim-treesitter/locals.lua , size = 9.749 KB
[01:00:12.283][info] [#0:script/workspace/loading.lua:100]: Preload file at: file:///home/astor/neovim/.local/share/nvim/site/pack/packer/start/nvim-treesitter/lua/nvim-treesitter/ts_utils.lua , size = 14.616 KB
[01:00:12.297][info] [#0:script/workspace/loading.lua:100]: Preload file at: file:///home/astor/neovim/.local/share/nvim/site/pack/packer/start/nvim-treesitter/lua/nvim-treesitter/health.lua , size = 5.876 KB
[01:00:12.302][info] [#0:script/workspace/loading.lua:100]: Preload file at: file:///home/astor/neovim/.local/share/nvim/site/pack/packer/start/telescope-fzf-native.nvim/test/fzf_lib_spec.lua , size = 4.096 KB
[01:00:12.307][info] [#0:script/workspace/loading.lua:139]: Preload dll at: file:///home/astor/neovim/.local/share/nvim/site/pack/packer/start/telescope-fzf-native.nvim/build/libfzf.so , size = 25.094 KB
[01:00:12.308][info] [#0:script/workspace/loading.lua:100]: Preload file at: file:///home/astor/neovim/.local/share/nvim/site/pack/packer/start/telescope-fzf-native.nvim/lua/telescope/_extensions/fzf.lua , size = 5.366 KB
[01:00:12.314][info] [#0:script/workspace/loading.lua:100]: Preload file at: file:///home/astor/neovim/.local/share/nvim/site/pack/packer/start/telescope-fzf-native.nvim/lua/fzf_lib.lua , size = 2.060 KB
[01:00:12.317][info] [#0:script/workspace/loading.lua:100]: Preload file at: file:///home/astor/neovim/.local/share/nvim/site/pack/packer/start/which-key/tests/mappings_spec.lua , size = 2.607 KB
[01:00:12.321][info] [#0:script/workspace/loading.lua:100]: Preload file at: file:///home/astor/neovim/.local/share/nvim/site/pack/packer/start/which-key/tests/util_spec.lua , size = 2.751 KB
[01:00:12.326][info] [#0:script/workspace/loading.lua:100]: Preload file at: file:///home/astor/neovim/.local/share/nvim/site/pack/packer/start/which-key/tests/helpers.lua , size = 0.279 KB
[01:00:12.327][info] [#0:script/workspace/loading.lua:100]: Preload file at: file:///home/astor/neovim/.local/share/nvim/site/pack/packer/start/which-key/tests/buf_spec.lua , size = 0.349 KB
[01:00:12.328][info] [#0:script/workspace/loading.lua:100]: Preload file at: file:///home/astor/neovim/.local/share/nvim/site/pack/packer/start/which-key/tests/minit.lua , size = 0.498 KB
[01:00:12.330][info] [#0:script/workspace/loading.lua:100]: Preload file at: file:///home/astor/neovim/.local/share/nvim/site/pack/packer/start/which-key/tests/layout_spec.lua , size = 1.235 KB
[01:00:12.332][info] [#0:script/workspace/loading.lua:100]: Preload file at: file:///home/astor/neovim/.local/share/nvim/site/pack/packer/start/which-key/plugin/which-key.lua , size = 0.197 KB
[01:00:12.333][info] [#0:script/workspace/loading.lua:100]: Preload file at: file:///home/astor/neovim/.local/share/nvim/site/pack/packer/start/which-key/lua/which-key/triggers.lua , size = 3.883 KB
[01:00:12.340][info] [#0:script/workspace/loading.lua:100]: Preload file at: file:///home/astor/neovim/.local/share/nvim/site/pack/packer/start/which-key/lua/which-key/types.lua , size = 3.190 KB
[01:00:12.353][info] [#0:script/workspace/loading.lua:100]: Preload file at: file:///home/astor/neovim/.local/share/nvim/site/pack/packer/start/which-key/lua/which-key/mappings.lua , size = 8.400 KB
[01:00:12.371][info] [#0:script/workspace/loading.lua:100]: Preload file at: file:///home/astor/neovim/.local/share/nvim/site/pack/packer/start/which-key/lua/which-key/docs.lua , size = 0.424 KB
[01:00:12.373][info] [#0:script/workspace/loading.lua:100]: Preload file at: file:///home/astor/neovim/.local/share/nvim/site/pack/packer/start/which-key/lua/which-key/config.lua , size = 10.268 KB
[01:00:12.382][info] [#0:script/workspace/loading.lua:100]: Preload file at: file:///home/astor/neovim/.local/share/nvim/site/pack/packer/start/which-key/lua/which-key/tree.lua , size = 2.548 KB
[01:00:12.388][info] [#0:script/workspace/loading.lua:100]: Preload file at: file:///home/astor/neovim/.local/share/nvim/site/pack/packer/start/which-key/lua/which-key/util.lua , size = 7.483 KB
[01:00:12.406][info] [#0:script/workspace/loading.lua:100]: Preload file at: file:///home/astor/neovim/.local/share/nvim/site/pack/packer/start/which-key/lua/which-key/state.lua , size = 9.947 KB
[01:00:12.416][info] [#0:script/workspace/loading.lua:100]: Preload file at: file:///home/astor/neovim/.local/share/nvim/site/pack/packer/start/which-key/lua/which-key/buf.lua , size = 5.517 KB
[01:00:12.424][info] [#0:script/workspace/loading.lua:100]: Preload file at: file:///home/astor/neovim/.local/share/nvim/site/pack/packer/start/which-key/lua/which-key/colors.lua , size = 1.627 KB
[01:00:12.426][info] [#0:script/workspace/loading.lua:100]: Preload file at: file:///home/astor/neovim/.local/share/nvim/site/pack/packer/start/which-key/lua/which-key/plugins/marks.lua , size = 1.717 KB
[01:00:12.428][info] [#0:script/workspace/loading.lua:100]: Preload file at: file:///home/astor/neovim/.local/share/nvim/site/pack/packer/start/which-key/lua/which-key/plugins/registers.lua , size = 1.851 KB
[01:00:12.430][info] [#0:script/workspace/loading.lua:100]: Preload file at: file:///home/astor/neovim/.local/share/nvim/site/pack/packer/start/which-key/lua/which-key/plugins/presets.lua , size = 6.682 KB
[01:00:12.436][info] [#0:script/workspace/loading.lua:100]: Preload file at: file:///home/astor/neovim/.local/share/nvim/site/pack/packer/start/which-key/lua/which-key/plugins/spelling.lua , size = 1.216 KB
[01:00:12.438][info] [#0:script/workspace/loading.lua:100]: Preload file at: file:///home/astor/neovim/.local/share/nvim/site/pack/packer/start/which-key/lua/which-key/plugins/init.lua , size = 1.079 KB
[01:00:12.440][info] [#0:script/workspace/loading.lua:100]: Preload file at: file:///home/astor/neovim/.local/share/nvim/site/pack/packer/start/which-key/lua/which-key/migrate.lua , size = 1.882 KB
[01:00:12.443][info] [#0:script/workspace/loading.lua:100]: Preload file at: file:///home/astor/neovim/.local/share/nvim/site/pack/packer/start/which-key/lua/which-key/icons.lua , size = 6.754 KB
[01:00:12.451][info] [#0:script/workspace/loading.lua:100]: Preload file at: file:///home/astor/neovim/.local/share/nvim/site/pack/packer/start/which-key/lua/which-key/layout.lua , size = 3.939 KB
[01:00:12.456][info] [#0:script/workspace/loading.lua:100]: Preload file at: file:///home/astor/neovim/.local/share/nvim/site/pack/packer/start/which-key/lua/which-key/text.lua , size = 3.578 KB
[01:00:12.462][info] [#0:script/workspace/loading.lua:100]: Preload file at: file:///home/astor/neovim/.local/share/nvim/site/pack/packer/start/which-key/lua/which-key/presets.lua , size = 0.677 KB
[01:00:12.463][info] [#0:script/workspace/loading.lua:100]: Preload file at: file:///home/astor/neovim/.local/share/nvim/site/pack/packer/start/which-key/lua/which-key/extras.lua , size = 1.563 KB
[01:00:12.466][info] [#0:script/workspace/loading.lua:100]: Preload file at: file:///home/astor/neovim/.local/share/nvim/site/pack/packer/start/which-key/lua/which-key/init.lua , size = 1.225 KB
[01:00:12.468][info] [#0:script/workspace/loading.lua:100]: Preload file at: file:///home/astor/neovim/.local/share/nvim/site/pack/packer/start/which-key/lua/which-key/view.lua , size = 13.413 KB
[01:00:12.484][info] [#0:script/workspace/loading.lua:100]: Preload file at: file:///home/astor/neovim/.local/share/nvim/site/pack/packer/start/which-key/lua/which-key/health.lua , size = 5.291 KB
[01:00:12.489][info] [#0:script/workspace/loading.lua:100]: Preload file at: file:///home/astor/neovim/.local/share/nvim/site/pack/packer/start/which-key/lua/which-key/node.lua , size = 4.787 KB
[01:00:12.495][info] [#0:script/workspace/loading.lua:100]: Preload file at: file:///home/astor/neovim/.local/share/nvim/site/pack/packer/start/which-key/lua/which-key/win.lua , size = 2.816 KB
[01:00:12.500][info] [#0:script/workspace/loading.lua:100]: Preload file at: file:///home/astor/neovim/.local/share/nvim/site/pack/packer/start/tokyonight/tests/groups_spec.lua , size = 2.728 KB
[01:00:12.503][info] [#0:script/workspace/loading.lua:100]: Preload file at: file:///home/astor/neovim/.local/share/nvim/site/pack/packer/start/tokyonight/tests/colorscheme_spec.lua , size = 2.393 KB
[01:00:12.506][info] [#0:script/workspace/loading.lua:100]: Preload file at: file:///home/astor/neovim/.local/share/nvim/site/pack/packer/start/tokyonight/tests/minit.lua , size = 0.463 KB
[01:00:12.507][info] [#0:script/workspace/loading.lua:100]: Preload file at: file:///home/astor/neovim/.local/share/nvim/site/pack/packer/start/tokyonight/.lazy.lua , size = 3.319 KB
[01:00:12.511][info] [#0:script/workspace/loading.lua:100]: Preload file at: file:///home/astor/neovim/.local/share/nvim/site/pack/packer/start/tokyonight/extras/lua/tokyonight_day.lua , size = 51.195 KB
[01:00:12.532][info] [#0:script/workspace/loading.lua:100]: Preload file at: file:///home/astor/neovim/.local/share/nvim/site/pack/packer/start/tokyonight/extras/lua/tokyonight_moon.lua , size = 51.197 KB
[01:00:12.555][info] [#0:script/workspace/loading.lua:100]: Preload file at: file:///home/astor/neovim/.local/share/nvim/site/pack/packer/start/tokyonight/extras/lua/tokyonight_storm.lua , size = 51.199 KB
[01:00:12.578][info] [#0:script/workspace/loading.lua:100]: Preload file at: file:///home/astor/neovim/.local/share/nvim/site/pack/packer/start/tokyonight/extras/lua/tokyonight_night.lua , size = 51.199 KB
[01:00:12.600][info] [#0:script/workspace/loading.lua:100]: Preload file at: file:///home/astor/neovim/.local/share/nvim/site/pack/packer/start/tokyonight/colors/tokyonight-storm.lua , size = 0.047 KB
[01:00:12.601][info] [#0:script/workspace/loading.lua:100]: Preload file at: file:///home/astor/neovim/.local/share/nvim/site/pack/packer/start/tokyonight/colors/tokyonight.lua , size = 0.086 KB
[01:00:12.601][info] [#0:script/workspace/loading.lua:100]: Preload file at: file:///home/astor/neovim/.local/share/nvim/site/pack/packer/start/tokyonight/colors/tokyonight-moon.lua , size = 0.046 KB
[01:00:12.602][info] [#0:script/workspace/loading.lua:100]: Preload file at: file:///home/astor/neovim/.local/share/nvim/site/pack/packer/start/tokyonight/colors/tokyonight-night.lua , size = 0.047 KB
[01:00:12.602][info] [#0:script/workspace/loading.lua:100]: Preload file at: file:///home/astor/neovim/.local/share/nvim/site/pack/packer/start/tokyonight/colors/tokyonight-day.lua , size = 0.045 KB
[01:00:12.603][info] [#0:script/workspace/loading.lua:100]: Preload file at: file:///home/astor/neovim/.local/share/nvim/site/pack/packer/start/tokyonight/lua/lightline/colorscheme/tokyonight.lua , size = 1.276 KB
[01:00:12.605][info] [#0:script/workspace/loading.lua:100]: Preload file at: file:///home/astor/neovim/.local/share/nvim/site/pack/packer/start/tokyonight/lua/lualine/themes/tokyonight-storm.lua , size = 0.057 KB
[01:00:12.605][info] [#0:script/workspace/loading.lua:100]: Preload file at: file:///home/astor/neovim/.local/share/nvim/site/pack/packer/start/tokyonight/lua/lualine/themes/tokyonight.lua , size = 0.050 KB
[01:00:12.606][info] [#0:script/workspace/loading.lua:100]: Preload file at: file:///home/astor/neovim/.local/share/nvim/site/pack/packer/start/tokyonight/lua/lualine/themes/tokyonight-moon.lua , size = 0.056 KB
[01:00:12.607][info] [#0:script/workspace/loading.lua:100]: Preload file at: file:///home/astor/neovim/.local/share/nvim/site/pack/packer/start/tokyonight/lua/lualine/themes/_tokyonight.lua , size = 1.298 KB
[01:00:12.608][info] [#0:script/workspace/loading.lua:100]: Preload file at: file:///home/astor/neovim/.local/share/nvim/site/pack/packer/start/tokyonight/lua/lualine/themes/tokyonight-night.lua , size = 0.057 KB
[01:00:12.609][info] [#0:script/workspace/loading.lua:100]: Preload file at: file:///home/astor/neovim/.local/share/nvim/site/pack/packer/start/tokyonight/lua/lualine/themes/tokyonight-day.lua , size = 0.055 KB
[01:00:12.609][info] [#0:script/workspace/loading.lua:100]: Preload file at: file:///home/astor/neovim/.local/share/nvim/site/pack/packer/start/tokyonight/lua/barbecue/theme/tokyonight.lua , size = 1.296 KB
[01:00:12.611][info] [#0:script/workspace/loading.lua:100]: Preload file at: file:///home/astor/neovim/.local/share/nvim/site/pack/packer/start/tokyonight/lua/tokyonight/types.lua , size = 0.361 KB
[01:00:12.611][info] [#0:script/workspace/loading.lua:100]: Preload file at: file:///home/astor/neovim/.local/share/nvim/site/pack/packer/start/tokyonight/lua/tokyonight/docs.lua , size = 1.663 KB
[01:00:12.614][info] [#0:script/workspace/loading.lua:100]: Preload file at: file:///home/astor/neovim/.local/share/nvim/site/pack/packer/start/tokyonight/lua/tokyonight/groups/mini_tabline.lua , size = 0.761 KB
[01:00:12.615][info] [#0:script/workspace/loading.lua:100]: Preload file at: file:///home/astor/neovim/.local/share/nvim/site/pack/packer/start/tokyonight/lua/tokyonight/groups/mini_clue.lua , size = 0.540 KB
[01:00:12.616][info] [#0:script/workspace/loading.lua:100]: Preload file at: file:///home/astor/neovim/.local/share/nvim/site/pack/packer/start/tokyonight/lua/tokyonight/groups/notify.lua , size = 1.581 KB
[01:00:12.618][info] [#0:script/workspace/loading.lua:100]: Preload file at: file:///home/astor/neovim/.local/share/nvim/site/pack/packer/start/tokyonight/lua/tokyonight/groups/mini_files.lua , size = 0.570 KB
[01:00:12.618][info] [#0:script/workspace/loading.lua:100]: Preload file at: file:///home/astor/neovim/.local/share/nvim/site/pack/packer/start/tokyonight/lua/tokyonight/groups/mini_trailspace.lua , size = 0.204 KB
[01:00:12.619][info] [#0:script/workspace/loading.lua:100]: Preload file at: file:///home/astor/neovim/.local/share/nvim/site/pack/packer/start/tokyonight/lua/tokyonight/groups/ale.lua , size = 0.243 KB
[01:00:12.620][info] [#0:script/workspace/loading.lua:100]: Preload file at: file:///home/astor/neovim/.local/share/nvim/site/pack/packer/start/tokyonight/lua/tokyonight/groups/neo-tree.lua , size = 1.024 KB
[01:00:12.621][info] [#0:script/workspace/loading.lua:100]: Preload file at: file:///home/astor/neovim/.local/share/nvim/site/pack/packer/start/tokyonight/lua/tokyonight/groups/mini_indentscope.lua , size = 0.301 KB
[01:00:12.622][info] [#0:script/workspace/loading.lua:100]: Preload file at: file:///home/astor/neovim/.local/share/nvim/site/pack/packer/start/tokyonight/lua/tokyonight/groups/barbar.lua , size = 3.903 KB
[01:00:12.626][info] [#0:script/workspace/loading.lua:100]: Preload file at: file:///home/astor/neovim/.local/share/nvim/site/pack/packer/start/tokyonight/lua/tokyonight/groups/kinds.lua , size = 1.349 KB
[01:00:12.627][info] [#0:script/workspace/loading.lua:100]: Preload file at: file:///home/astor/neovim/.local/share/nvim/site/pack/packer/start/tokyonight/lua/tokyonight/groups/treesitter.lua , size = 6.163 KB
[01:00:12.630][info] [#0:script/workspace/loading.lua:100]: Preload file at: file:///home/astor/neovim/.local/share/nvim/site/pack/packer/start/tokyonight/lua/tokyonight/groups/nvim-tree.lua , size = 0.934 KB
[01:00:12.632][info] [#0:script/workspace/loading.lua:100]: Preload file at: file:///home/astor/neovim/.local/share/nvim/site/pack/packer/start/tokyonight/lua/tokyonight/groups/neogit.lua , size = 0.671 KB
[01:00:12.633][info] [#0:script/workspace/loading.lua:100]: Preload file at: file:///home/astor/neovim/.local/share/nvim/site/pack/packer/start/tokyonight/lua/tokyonight/groups/mini_statusline.lua , size = 0.896 KB
[01:00:12.634][info] [#0:script/workspace/loading.lua:100]: Preload file at: file:///home/astor/neovim/.local/share/nvim/site/pack/packer/start/tokyonight/lua/tokyonight/groups/mini_pick.lua , size = 0.770 KB
[01:00:12.635][info] [#0:script/workspace/loading.lua:100]: Preload file at: file:///home/astor/neovim/.local/share/nvim/site/pack/packer/start/tokyonight/lua/tokyonight/groups/mini_hipatterns.lua , size = 0.445 KB
[01:00:12.636][info] [#0:script/workspace/loading.lua:100]: Preload file at: file:///home/astor/neovim/.local/share/nvim/site/pack/packer/start/tokyonight/lua/tokyonight/groups/lazy.lua , size = 0.274 KB
[01:00:12.637][info] [#0:script/workspace/loading.lua:100]: Preload file at: file:///home/astor/neovim/.local/share/nvim/site/pack/packer/start/tokyonight/lua/tokyonight/groups/codeium.lua , size = 0.238 KB
[01:00:12.638][info] [#0:script/workspace/loading.lua:100]: Preload file at: file:///home/astor/neovim/.local/share/nvim/site/pack/packer/start/tokyonight/lua/tokyonight/groups/scrollbar.lua , size = 0.974 KB
[01:00:12.639][info] [#0:script/workspace/loading.lua:100]: Preload file at: file:///home/astor/neovim/.local/share/nvim/site/pack/packer/start/tokyonight/lua/tokyonight/groups/mini_completion.lua , size = 0.225 KB
[01:00:12.640][info] [#0:script/workspace/loading.lua:100]: Preload file at: file:///home/astor/neovim/.local/share/nvim/site/pack/packer/start/tokyonight/lua/tokyonight/groups/grug-far.lua , size = 0.715 KB
[01:00:12.640][info] [#0:script/workspace/loading.lua:100]: Preload file at: file:///home/astor/neovim/.local/share/nvim/site/pack/packer/start/tokyonight/lua/tokyonight/groups/aerial.lua , size = 0.367 KB
[01:00:12.641][info] [#0:script/workspace/loading.lua:100]: Preload file at: file:///home/astor/neovim/.local/share/nvim/site/pack/packer/start/tokyonight/lua/tokyonight/groups/mini_animate.lua , size = 0.273 KB
[01:00:12.642][info] [#0:script/workspace/loading.lua:100]: Preload file at: file:///home/astor/neovim/.local/share/nvim/site/pack/packer/start/tokyonight/lua/tokyonight/groups/treesitter-context.lua , size = 0.284 KB
[01:00:12.643][info] [#0:script/workspace/loading.lua:100]: Preload file at: file:///home/astor/neovim/.local/share/nvim/site/pack/packer/start/tokyonight/lua/tokyonight/groups/alpha.lua , size = 0.365 KB
[01:00:12.643][info] [#0:script/workspace/loading.lua:100]: Preload file at: file:///home/astor/neovim/.local/share/nvim/site/pack/packer/start/tokyonight/lua/tokyonight/groups/leap.lua , size = 0.332 KB
[01:00:12.644][info] [#0:script/workspace/loading.lua:100]: Preload file at: file:///home/astor/neovim/.local/share/nvim/site/pack/packer/start/tokyonight/lua/tokyonight/groups/illuminate.lua , size = 0.401 KB
[01:00:12.645][info] [#0:script/workspace/loading.lua:100]: Preload file at: file:///home/astor/neovim/.local/share/nvim/site/pack/packer/start/tokyonight/lua/tokyonight/groups/mini_map.lua , size = 0.306 KB
[01:00:12.646][info] [#0:script/workspace/loading.lua:100]: Preload file at: file:///home/astor/neovim/.local/share/nvim/site/pack/packer/start/tokyonight/lua/tokyonight/groups/blink.lua , size = 1.390 KB
[01:00:12.648][info] [#0:script/workspace/loading.lua:100]: Preload file at: file:///home/astor/neovim/.local/share/nvim/site/pack/packer/start/tokyonight/lua/tokyonight/groups/copilot.lua , size = 0.286 KB
[01:00:12.649][info] [#0:script/workspace/loading.lua:100]: Preload file at: file:///home/astor/neovim/.local/share/nvim/site/pack/packer/start/tokyonight/lua/tokyonight/groups/supermaven.lua , size = 0.247 KB
[01:00:12.651][info] [#0:script/workspace/loading.lua:100]: Preload file at: file:///home/astor/neovim/.local/share/nvim/site/pack/packer/start/tokyonight/lua/tokyonight/groups/dap.lua , size = 0.312 KB
[01:00:12.653][info] [#0:script/workspace/loading.lua:100]: Preload file at: file:///home/astor/neovim/.local/share/nvim/site/pack/packer/start/tokyonight/lua/tokyonight/groups/mini_icons.lua , size = 0.510 KB
[01:00:12.655][info] [#0:script/workspace/loading.lua:100]: Preload file at: file:///home/astor/neovim/.local/share/nvim/site/pack/packer/start/tokyonight/lua/tokyonight/groups/yanky.lua , size = 0.222 KB
[01:00:12.656][info] [#0:script/workspace/loading.lua:100]: Preload file at: file:///home/astor/neovim/.local/share/nvim/site/pack/packer/start/tokyonight/lua/tokyonight/groups/fzf.lua , size = 0.845 KB
[01:00:12.658][info] [#0:script/workspace/loading.lua:100]: Preload file at: file:///home/astor/neovim/.local/share/nvim/site/pack/packer/start/tokyonight/lua/tokyonight/groups/mini_deps.lua , size = 0.615 KB
[01:00:12.659][info] [#0:script/workspace/loading.lua:100]: Preload file at: file:///home/astor/neovim/.local/share/nvim/site/pack/packer/start/tokyonight/lua/tokyonight/groups/gitgutter.lua , size = 0.571 KB
[01:00:12.660][info] [#0:script/workspace/loading.lua:100]: Preload file at: file:///home/astor/neovim/.local/share/nvim/site/pack/packer/start/tokyonight/lua/tokyonight/groups/which-key.lua , size = 0.421 KB
[01:00:12.662][info] [#0:script/workspace/loading.lua:100]: Preload file at: file:///home/astor/neovim/.local/share/nvim/site/pack/packer/start/tokyonight/lua/tokyonight/groups/semantic_tokens.lua , size = 2.925 KB
[01:00:12.663][info] [#0:script/workspace/loading.lua:100]: Preload file at: file:///home/astor/neovim/.local/share/nvim/site/pack/packer/start/tokyonight/lua/tokyonight/groups/cmp.lua , size = 1.041 KB
[01:00:12.664][info] [#0:script/workspace/loading.lua:100]: Preload file at: file:///home/astor/neovim/.local/share/nvim/site/pack/packer/start/tokyonight/lua/tokyonight/groups/sidekick.lua , size = 0.438 KB
[01:00:12.665][info] [#0:script/workspace/loading.lua:100]: Preload file at: file:///home/astor/neovim/.local/share/nvim/site/pack/packer/start/tokyonight/lua/tokyonight/groups/neotest.lua , size = 0.871 KB
[01:00:12.667][info] [#0:script/workspace/loading.lua:100]: Preload file at: file:///home/astor/neovim/.local/share/nvim/site/pack/packer/start/tokyonight/lua/tokyonight/groups/octo.lua , size = 0.812 KB
[01:00:12.668][info] [#0:script/workspace/loading.lua:100]: Preload file at: file:///home/astor/neovim/.local/share/nvim/site/pack/packer/start/tokyonight/lua/tokyonight/groups/base.lua , size = 13.474 KB
[01:00:12.675][info] [#0:script/workspace/loading.lua:100]: Preload file at: file:///home/astor/neovim/.local/share/nvim/site/pack/packer/start/tokyonight/lua/tokyonight/groups/glyph-palette.lua , size = 0.425 KB
[01:00:12.676][info] [#0:script/workspace/loading.lua:100]: Preload file at: file:///home/astor/neovim/.local/share/nvim/site/pack/packer/start/tokyonight/lua/tokyonight/groups/hop.lua , size = 0.392 KB
[01:00:12.677][info] [#0:script/workspace/loading.lua:100]: Preload file at: file:///home/astor/neovim/.local/share/nvim/site/pack/packer/start/tokyonight/lua/tokyonight/groups/gitsigns.lua , size = 0.405 KB
[01:00:12.677][info] [#0:script/workspace/loading.lua:100]: Preload file at: file:///home/astor/neovim/.local/share/nvim/site/pack/packer/start/tokyonight/lua/tokyonight/groups/indentmini.lua , size = 0.309 KB
[01:00:12.678][info] [#0:script/workspace/loading.lua:100]: Preload file at: file:///home/astor/neovim/.local/share/nvim/site/pack/packer/start/tokyonight/lua/tokyonight/groups/rainbow.lua , size = 0.523 KB
[01:00:12.679][info] [#0:script/workspace/loading.lua:100]: Preload file at: file:///home/astor/neovim/.local/share/nvim/site/pack/packer/start/tokyonight/lua/tokyonight/groups/mini_surround.lua , size = 0.217 KB
[01:00:12.680][info] [#0:script/workspace/loading.lua:100]: Preload file at: file:///home/astor/neovim/.local/share/nvim/site/pack/packer/start/tokyonight/lua/tokyonight/groups/noice.lua , size = 0.644 KB
[01:00:12.681][info] [#0:script/workspace/loading.lua:100]: Preload file at: file:///home/astor/neovim/.local/share/nvim/site/pack/packer/start/tokyonight/lua/tokyonight/groups/mini_notify.lua , size = 0.273 KB
[01:00:12.682][info] [#0:script/workspace/loading.lua:100]: Preload file at: file:///home/astor/neovim/.local/share/nvim/site/pack/packer/start/tokyonight/lua/tokyonight/groups/vimwiki.lua , size = 0.589 KB
[01:00:12.683][info] [#0:script/workspace/loading.lua:100]: Preload file at: file:///home/astor/neovim/.local/share/nvim/site/pack/packer/start/tokyonight/lua/tokyonight/groups/mini_jump.lua , size = 0.490 KB
[01:00:12.684][info] [#0:script/workspace/loading.lua:100]: Preload file at: file:///home/astor/neovim/.local/share/nvim/site/pack/packer/start/tokyonight/lua/tokyonight/groups/headlines.lua , size = 0.401 KB
[01:00:12.685][info] [#0:script/workspace/loading.lua:100]: Preload file at: file:///home/astor/neovim/.local/share/nvim/site/pack/packer/start/tokyonight/lua/tokyonight/groups/mini_diff.lua , size = 0.454 KB
[01:00:12.686][info] [#0:script/workspace/loading.lua:100]: Preload file at: file:///home/astor/neovim/.local/share/nvim/site/pack/packer/start/tokyonight/lua/tokyonight/groups/indent-blankline.lua , size = 0.459 KB
[01:00:12.687][info] [#0:script/workspace/loading.lua:100]: Preload file at: file:///home/astor/neovim/.local/share/nvim/site/pack/packer/start/tokyonight/lua/tokyonight/groups/mini_starter.lua , size = 0.675 KB
[01:00:12.688][info] [#0:script/workspace/loading.lua:100]: Preload file at: file:///home/astor/neovim/.local/share/nvim/site/pack/packer/start/tokyonight/lua/tokyonight/groups/telescope.lua , size = 0.486 KB
[01:00:12.689][info] [#0:script/workspace/loading.lua:100]: Preload file at: file:///home/astor/neovim/.local/share/nvim/site/pack/packer/start/tokyonight/lua/tokyonight/groups/navic.lua , size = 0.342 KB
[01:00:12.689][info] [#0:script/workspace/loading.lua:100]: Preload file at: file:///home/astor/neovim/.local/share/nvim/site/pack/packer/start/tokyonight/lua/tokyonight/groups/mini_cursorword.lua , size = 0.266 KB
[01:00:12.690][info] [#0:script/workspace/loading.lua:100]: Preload file at: file:///home/astor/neovim/.local/share/nvim/site/pack/packer/start/tokyonight/lua/tokyonight/groups/sneak.lua , size = 0.260 KB
[01:00:12.691][info] [#0:script/workspace/loading.lua:100]: Preload file at: file:///home/astor/neovim/.local/share/nvim/site/pack/packer/start/tokyonight/lua/tokyonight/groups/dashboard.lua , size = 0.854 KB
[01:00:12.692][info] [#0:script/workspace/loading.lua:100]: Preload file at: file:///home/astor/neovim/.local/share/nvim/site/pack/packer/start/tokyonight/lua/tokyonight/groups/render-markdown.lua , size = 0.761 KB
[01:00:12.693][info] [#0:script/workspace/loading.lua:100]: Preload file at: file:///home/astor/neovim/.local/share/nvim/site/pack/packer/start/tokyonight/lua/tokyonight/groups/mini_test.lua , size = 0.297 KB
[01:00:12.694][info] [#0:script/workspace/loading.lua:100]: Preload file at: file:///home/astor/neovim/.local/share/nvim/site/pack/packer/start/tokyonight/lua/tokyonight/groups/mini_operators.lua , size = 0.211 KB
[01:00:12.694][info] [#0:script/workspace/loading.lua:100]: Preload file at: file:///home/astor/neovim/.local/share/nvim/site/pack/packer/start/tokyonight/lua/tokyonight/groups/bufferline.lua , size = 0.226 KB
[01:00:12.695][info] [#0:script/workspace/loading.lua:100]: Preload file at: file:///home/astor/neovim/.local/share/nvim/site/pack/packer/start/tokyonight/lua/tokyonight/groups/lspsaga.lua , size = 1.076 KB
[01:00:12.696][info] [#0:script/workspace/loading.lua:100]: Preload file at: file:///home/astor/neovim/.local/share/nvim/site/pack/packer/start/tokyonight/lua/tokyonight/groups/trouble.lua , size = 0.313 KB
[01:00:12.697][info] [#0:script/workspace/loading.lua:100]: Preload file at: file:///home/astor/neovim/.local/share/nvim/site/pack/packer/start/tokyonight/lua/tokyonight/groups/init.lua , size = 5.649 KB
[01:00:12.701][info] [#0:script/workspace/loading.lua:100]: Preload file at: file:///home/astor/neovim/.local/share/nvim/site/pack/packer/start/tokyonight/lua/tokyonight/groups/snacks.lua , size = 3.438 KB
[01:00:12.704][info] [#0:script/workspace/loading.lua:100]: Preload file at: file:///home/astor/neovim/.local/share/nvim/site/pack/packer/start/tokyonight/lua/tokyonight/groups/flash.lua , size = 0.264 KB
[01:00:12.705][info] [#0:script/workspace/loading.lua:100]: Preload file at: file:///home/astor/neovim/.local/share/nvim/site/pack/packer/start/tokyonight/lua/tokyonight/config.lua , size = 2.785 KB
[01:00:12.707][info] [#0:script/workspace/loading.lua:100]: Preload file at: file:///home/astor/neovim/.local/share/nvim/site/pack/packer/start/tokyonight/lua/tokyonight/util.lua , size = 4.407 KB
[01:00:12.712][info] [#0:script/workspace/loading.lua:100]: Preload file at: file:///home/astor/neovim/.local/share/nvim/site/pack/packer/start/tokyonight/lua/tokyonight/hsluv.lua , size = 8.512 KB
[01:00:12.721][info] [#0:script/workspace/loading.lua:100]: Preload file at: file:///home/astor/neovim/.local/share/nvim/site/pack/packer/start/tokyonight/lua/tokyonight/colors/moon.lua , size = 0.751 KB
[01:00:12.722][info] [#0:script/workspace/loading.lua:100]: Preload file at: file:///home/astor/neovim/.local/share/nvim/site/pack/packer/start/tokyonight/lua/tokyonight/colors/night.lua , size = 0.186 KB
[01:00:12.723][info] [#0:script/workspace/loading.lua:100]: Preload file at: file:///home/astor/neovim/.local/share/nvim/site/pack/packer/start/tokyonight/lua/tokyonight/colors/day.lua , size = 0.451 KB
[01:00:12.723][info] [#0:script/workspace/loading.lua:100]: Preload file at: file:///home/astor/neovim/.local/share/nvim/site/pack/packer/start/tokyonight/lua/tokyonight/colors/storm.lua , size = 0.768 KB
[01:00:12.724][info] [#0:script/workspace/loading.lua:100]: Preload file at: file:///home/astor/neovim/.local/share/nvim/site/pack/packer/start/tokyonight/lua/tokyonight/colors/init.lua , size = 2.737 KB
[01:00:12.727][info] [#0:script/workspace/loading.lua:100]: Preload file at: file:///home/astor/neovim/.local/share/nvim/site/pack/packer/start/tokyonight/lua/tokyonight/extra/qterminal.lua , size = 1.517 KB
[01:00:12.729][info] [#0:script/workspace/loading.lua:100]: Preload file at: file:///home/astor/neovim/.local/share/nvim/site/pack/packer/start/tokyonight/lua/tokyonight/extra/sublime.lua , size = 45.259 KB
[01:00:12.736][info] [#0:script/workspace/loading.lua:100]: Preload file at: file:///home/astor/neovim/.local/share/nvim/site/pack/packer/start/tokyonight/lua/tokyonight/extra/terminator.lua , size = 0.447 KB
[01:00:12.738][info] [#0:script/workspace/loading.lua:100]: Preload file at: file:///home/astor/neovim/.local/share/nvim/site/pack/packer/start/tokyonight/lua/tokyonight/extra/vim.lua , size = 2.306 KB
[01:00:12.740][info] [#0:script/workspace/loading.lua:100]: Preload file at: file:///home/astor/neovim/.local/share/nvim/site/pack/packer/start/tokyonight/lua/tokyonight/extra/tilix.lua , size = 0.683 KB
[01:00:12.741][info] [#0:script/workspace/loading.lua:100]: Preload file at: file:///home/astor/neovim/.local/share/nvim/site/pack/packer/start/tokyonight/lua/tokyonight/extra/gitui.lua , size = 0.914 KB
[01:00:12.742][info] [#0:script/workspace/loading.lua:100]: Preload file at: file:///home/astor/neovim/.local/share/nvim/site/pack/packer/start/tokyonight/lua/tokyonight/extra/iterm.lua , size = 8.414 KB
[01:00:12.744][info] [#0:script/workspace/loading.lua:100]: Preload file at: file:///home/astor/neovim/.local/share/nvim/site/pack/packer/start/tokyonight/lua/tokyonight/extra/ghostty.lua , size = 0.844 KB
[01:00:12.745][info] [#0:script/workspace/loading.lua:100]: Preload file at: file:///home/astor/neovim/.local/share/nvim/site/pack/packer/start/tokyonight/lua/tokyonight/extra/opencode.lua , size = 5.361 KB
[01:00:12.748][info] [#0:script/workspace/loading.lua:100]: Preload file at: file:///home/astor/neovim/.local/share/nvim/site/pack/packer/start/tokyonight/lua/tokyonight/extra/helix.lua , size = 10.255 KB
[01:00:12.755][info] [#0:script/workspace/loading.lua:100]: Preload file at: file:///home/astor/neovim/.local/share/nvim/site/pack/packer/start/tokyonight/lua/tokyonight/extra/konsole.lua , size = 1.463 KB
[01:00:12.756][info] [#0:script/workspace/loading.lua:100]: Preload file at: file:///home/astor/neovim/.local/share/nvim/site/pack/packer/start/tokyonight/lua/tokyonight/extra/discord.lua , size = 13.823 KB
[01:00:12.759][info] [#0:script/workspace/loading.lua:100]: Preload file at: file:///home/astor/neovim/.local/share/nvim/site/pack/packer/start/tokyonight/lua/tokyonight/extra/wezterm.lua , size = 1.383 KB
[01:00:12.760][info] [#0:script/workspace/loading.lua:100]: Preload file at: file:///home/astor/neovim/.local/share/nvim/site/pack/packer/start/tokyonight/lua/tokyonight/extra/dunst.lua , size = 0.612 KB
[01:00:12.761][info] [#0:script/workspace/loading.lua:100]: Preload file at: file:///home/astor/neovim/.local/share/nvim/site/pack/packer/start/tokyonight/lua/tokyonight/extra/kitty.lua , size = 1.221 KB
[01:00:12.762][info] [#0:script/workspace/loading.lua:100]: Preload file at: file:///home/astor/neovim/.local/share/nvim/site/pack/packer/start/tokyonight/lua/tokyonight/extra/eza.lua , size = 3.476 KB
[01:00:12.763][info] [#0:script/workspace/loading.lua:100]: Preload file at: file:///home/astor/neovim/.local/share/nvim/site/pack/packer/start/tokyonight/lua/tokyonight/extra/prism.lua , size = 1.349 KB
[01:00:12.764][info] [#0:script/workspace/loading.lua:100]: Preload file at: file:///home/astor/neovim/.local/share/nvim/site/pack/packer/start/tokyonight/lua/tokyonight/extra/gnome_terminal.lua , size = 1.404 KB
[01:00:12.766][info] [#0:script/workspace/loading.lua:100]: Preload file at: file:///home/astor/neovim/.local/share/nvim/site/pack/packer/start/tokyonight/lua/tokyonight/extra/tailwindv4.lua , size = 5.237 KB
[01:00:12.767][info] [#0:script/workspace/loading.lua:100]: Preload file at: file:///home/astor/neovim/.local/share/nvim/site/pack/packer/start/tokyonight/lua/tokyonight/extra/zathura.lua , size = 1.260 KB
[01:00:12.768][info] [#0:script/workspace/loading.lua:100]: Preload file at: file:///home/astor/neovim/.local/share/nvim/site/pack/packer/start/tokyonight/lua/tokyonight/extra/aider.lua , size = 0.798 KB
[01:00:12.769][info] [#0:script/workspace/loading.lua:100]: Preload file at: file:///home/astor/neovim/.local/share/nvim/site/pack/packer/start/tokyonight/lua/tokyonight/extra/lua.lua , size = 0.339 KB
[01:00:12.769][info] [#0:script/workspace/loading.lua:100]: Preload file at: file:///home/astor/neovim/.local/share/nvim/site/pack/packer/start/tokyonight/lua/tokyonight/extra/aerc.lua , size = 2.153 KB
[01:00:12.770][info] [#0:script/workspace/loading.lua:100]: Preload file at: file:///home/astor/neovim/.local/share/nvim/site/pack/packer/start/tokyonight/lua/tokyonight/extra/process_compose.lua , size = 1.097 KB
[01:00:12.771][info] [#0:script/workspace/loading.lua:100]: Preload file at: file:///home/astor/neovim/.local/share/nvim/site/pack/packer/start/tokyonight/lua/tokyonight/extra/zellij.lua , size = 0.796 KB
[01:00:12.772][info] [#0:script/workspace/loading.lua:100]: Preload file at: file:///home/astor/neovim/.local/share/nvim/site/pack/packer/start/tokyonight/lua/tokyonight/extra/fuzzel.lua , size = 0.559 KB
[01:00:12.773][info] [#0:script/workspace/loading.lua:100]: Preload file at: file:///home/astor/neovim/.local/share/nvim/site/pack/packer/start/tokyonight/lua/tokyonight/extra/fish.lua , size = 1.413 KB
[01:00:12.775][info] [#0:script/workspace/loading.lua:100]: Preload file at: file:///home/astor/neovim/.local/share/nvim/site/pack/packer/start/tokyonight/lua/tokyonight/extra/fish_themes.lua , size = 1.058 KB
[01:00:12.776][info] [#0:script/workspace/loading.lua:100]: Preload file at: file:///home/astor/neovim/.local/share/nvim/site/pack/packer/start/tokyonight/lua/tokyonight/extra/vivaldi.lua , size = 2.076 KB
[01:00:12.778][info] [#0:script/workspace/loading.lua:100]: Preload file at: file:///home/astor/neovim/.local/share/nvim/site/pack/packer/start/tokyonight/lua/tokyonight/extra/alacritty.lua , size = 1.070 KB
[01:00:12.778][info] [#0:script/workspace/loading.lua:100]: Preload file at: file:///home/astor/neovim/.local/share/nvim/site/pack/packer/start/tokyonight/lua/tokyonight/extra/lazygit.lua , size = 0.768 KB
[01:00:12.779][info] [#0:script/workspace/loading.lua:100]: Preload file at: file:///home/astor/neovim/.local/share/nvim/site/pack/packer/start/tokyonight/lua/tokyonight/extra/fzf.lua , size = 2.297 KB
[01:00:12.781][info] [#0:script/workspace/loading.lua:100]: Preload file at: file:///home/astor/neovim/.local/share/nvim/site/pack/packer/start/tokyonight/lua/tokyonight/extra/tmux.lua , size = 2.452 KB
[01:00:12.782][info] [#0:script/workspace/loading.lua:100]: Preload file at: file:///home/astor/neovim/.local/share/nvim/site/pack/packer/start/tokyonight/lua/tokyonight/extra/termux.lua , size = 1.003 KB
[01:00:12.783][info] [#0:script/workspace/loading.lua:100]: Preload file at: file:///home/astor/neovim/.local/share/nvim/site/pack/packer/start/tokyonight/lua/tokyonight/extra/iSH.lua , size = 0.856 KB
[01:00:12.784][info] [#0:script/workspace/loading.lua:100]: Preload file at: file:///home/astor/neovim/.local/share/nvim/site/pack/packer/start/tokyonight/lua/tokyonight/extra/spotify_player.lua , size = 0.653 KB
[01:00:12.785][info] [#0:script/workspace/loading.lua:100]: Preload file at: file:///home/astor/neovim/.local/share/nvim/site/pack/packer/start/tokyonight/lua/tokyonight/extra/xfceterm.lua , size = 0.485 KB
[01:00:12.786][info] [#0:script/workspace/loading.lua:100]: Preload file at: file:///home/astor/neovim/.local/share/nvim/site/pack/packer/start/tokyonight/lua/tokyonight/extra/btop.lua , size = 1.859 KB
[01:00:12.787][info] [#0:script/workspace/loading.lua:100]: Preload file at: file:///home/astor/neovim/.local/share/nvim/site/pack/packer/start/tokyonight/lua/tokyonight/extra/foot.lua , size = 0.790 KB
[01:00:12.788][info] [#0:script/workspace/loading.lua:100]: Preload file at: file:///home/astor/neovim/.local/share/nvim/site/pack/packer/start/tokyonight/lua/tokyonight/extra/delta.lua , size = 0.901 KB
[01:00:12.789][info] [#0:script/workspace/loading.lua:100]: Preload file at: file:///home/astor/neovim/.local/share/nvim/site/pack/packer/start/tokyonight/lua/tokyonight/extra/vimium.lua , size = 2.788 KB
[01:00:12.790][info] [#0:script/workspace/loading.lua:100]: Preload file at: file:///home/astor/neovim/.local/share/nvim/site/pack/packer/start/tokyonight/lua/tokyonight/extra/slack.lua , size = 0.206 KB
[01:00:12.792][info] [#0:script/workspace/loading.lua:100]: Preload file at: file:///home/astor/neovim/.local/share/nvim/site/pack/packer/start/tokyonight/lua/tokyonight/extra/windows_terminal.lua , size = 0.988 KB
[01:00:12.792][info] [#0:script/workspace/loading.lua:100]: Preload file at: file:///home/astor/neovim/.local/share/nvim/site/pack/packer/start/tokyonight/lua/tokyonight/extra/xresources.lua , size = 0.558 KB
[01:00:12.793][info] [#0:script/workspace/loading.lua:100]: Preload file at: file:///home/astor/neovim/.local/share/nvim/site/pack/packer/start/tokyonight/lua/tokyonight/extra/init.lua , size = 5.957 KB
[01:00:12.797][info] [#0:script/workspace/loading.lua:100]: Preload file at: file:///home/astor/neovim/.local/share/nvim/site/pack/packer/start/tokyonight/lua/tokyonight/extra/yazi.lua , size = 4.086 KB
[01:00:12.799][info] [#0:script/workspace/loading.lua:100]: Preload file at: file:///home/astor/neovim/.local/share/nvim/site/pack/packer/start/tokyonight/lua/tokyonight/theme.lua , size = 1.634 KB
[01:00:12.801][info] [#0:script/workspace/loading.lua:100]: Preload file at: file:///home/astor/neovim/.local/share/nvim/site/pack/packer/start/tokyonight/lua/tokyonight/init.lua , size = 0.661 KB
[01:00:12.803][info] [#0:script/workspace/loading.lua:100]: Preload file at: file:///home/astor/neovim/.local/share/nvim/site/pack/packer/start/comment.nvim/plugin/Comment.lua , size = 4.507 KB
[01:00:12.806][info] [#0:script/workspace/loading.lua:100]: Preload file at: file:///home/astor/neovim/.local/share/nvim/site/pack/packer/start/comment.nvim/lua/Comment/api.lua , size = 8.211 KB
[01:00:12.811][info] [#0:script/workspace/loading.lua:100]: Preload file at: file:///home/astor/neovim/.local/share/nvim/site/pack/packer/start/comment.nvim/lua/Comment/utils.lua , size = 12.661 KB
[01:00:12.822][info] [#0:script/workspace/loading.lua:100]: Preload file at: file:///home/astor/neovim/.local/share/nvim/site/pack/packer/start/comment.nvim/lua/Comment/config.lua , size = 3.751 KB
[01:00:12.825][info] [#0:script/workspace/loading.lua:100]: Preload file at: file:///home/astor/neovim/.local/share/nvim/site/pack/packer/start/comment.nvim/lua/Comment/extra.lua , size = 3.461 KB
[01:00:12.828][info] [#0:script/workspace/loading.lua:100]: Preload file at: file:///home/astor/neovim/.local/share/nvim/site/pack/packer/start/comment.nvim/lua/Comment/ft.lua , size = 10.000 KB
[01:00:12.838][info] [#0:script/workspace/loading.lua:100]: Preload file at: file:///home/astor/neovim/.local/share/nvim/site/pack/packer/start/comment.nvim/lua/Comment/opfunc.lua , size = 7.390 KB
[01:00:12.843][info] [#0:script/workspace/loading.lua:100]: Preload file at: file:///home/astor/neovim/.local/share/nvim/site/pack/packer/start/comment.nvim/lua/Comment/init.lua , size = 5.265 KB
[01:00:12.846][info] [#0:script/workspace/loading.lua:172]: Loaded files takes [23.010] sec: file:///home/astor/neovim
[01:00:12.846][info] [#0:script/workspace/loading.lua:181]: Compile files takes [0.000] sec: file:///home/astor/neovim
[01:00:12.846][info] [#0:script/workspace/loading.lua:182]: Loaded finish:	file:///home/astor/neovim
[01:00:12.846][info] [#0:script/workspace/workspace.lua:381]: Preload finish at:	file:///home/astor/neovim
[01:00:13.298][info] [#0:script/provider/diagnostic.lua:560]: Diagnostics scope [file:///home/astor/neovim], files count:[3755]
[01:00:13.315][warn] [#0:script/proto/proto.lua:189]: Method [textDocument/didOpen] takes [33.982]sec. {
  jsonrpc = "2.0",
  method = "textDocument/didOpen",
  params = {
    textDocument = {
      languageId = "lua",
      text = '"***"',
      uri = "file:///home/astor/neovim/nvim/lua/basic_setting/plugins.lua",
      version = 1
    }
  }
}
[01:00:13.316][warn] [#0:script/proto/proto.lua:189]: Method [textDocument/didOpen] takes [33.982]sec. {
  jsonrpc = "2.0",
  method = "textDocument/didOpen",
  params = {
    textDocument = {
      languageId = "lua",
      text = '"***"',
      uri = "file:///home/astor/neovim/nvim/lua/expand_config/coc.lua",
      version = 1
    }
  }
}
[01:00:13.316][warn] [#0:script/proto/proto.lua:189]: Method [textDocument/didOpen] takes [33.982]sec. {
  jsonrpc = "2.0",
  method = "textDocument/didOpen",
  params = {
    textDocument = {
      languageId = "lua",
      text = '"***"',
      uri = "file:///home/astor/neovim/nvim/lua/basic_setting/lsp.lua",
      version = 1
    }
  }
}
[01:00:48.466][warn] [#0:script/await.lua:213]: Await step takes [1.569] sec.
[01:00:48.951][warn] [#0:script/core/diagnostics/init.lua:137]: Diagnostics [discard-returns] @ [file:///home/astor/neovim/.local/share/nvim/site/pack/packer/start/neogen/lua/neogen/generator.lua] takes [2.091] sec!
[01:01:48.718][info] [#0:script/workspace/workspace.lua:48]: Workspace create: 	file:///home/astor/neovim/nvim
[01:01:48.819][info] [#0:script/provider/provider.lua:48]: Load config from client	file:///home/astor/neovim/nvim
[01:01:48.819][info] [#0:script/provider/provider.lua:49]: {
  Lua = {
    diagnostics = {
      globals = { "vim" }
    },
    workspace = {
      library = {
        ["/path/to/your/lua/libs"] = true,
        ["/usr/share/nvim/runtime/lua"] = true
      }
    }
  }
}
[01:01:48.920][info] [#0:script/provider/provider.lua:48]: Load config from client	file:///home/astor/neovim
[01:01:48.920][info] [#0:script/provider/provider.lua:49]: {
  Lua = {
    diagnostics = {
      globals = { "vim" }
    },
    workspace = {
      library = {
        ["/path/to/your/lua/libs"] = true,
        ["/usr/share/nvim/runtime/lua"] = true
      }
    }
  }
}
[01:01:49.463][info] [#0:script/provider/provider.lua:64]: Load config from client	fallback
[01:01:49.463][info] [#0:script/provider/provider.lua:65]: {
  Lua = {
    diagnostics = {
      globals = { "vim" }
    },
    workspace = {
      library = {
        ["/path/to/your/lua/libs"] = true,
        ["/usr/share/nvim/runtime/lua"] = true
      }
    }
  }
}
[01:01:49.896][info] [#0:script/library.lua:212]: Init builtin library at:	file:///home/astor/neovim/nvim
[01:01:49.927][info] [#0:script/workspace/workspace.lua:324]: Preload start:	file:///home/astor/neovim/nvim
[01:01:49.928][info] [#0:script/workspace/workspace.lua:330]: Scan files at:	file:///home/astor/neovim/nvim
[01:01:52.498][info] [#0:script/workspace/workspace.lua:353]: Scan library at:	file:///home/astor/neovim/tool/lua-server/meta/Lua%205.4%20en-us%20utf8/basic.lua
[01:01:52.499][info] [#0:script/workspace/workspace.lua:353]: Scan library at:	file:///home/astor/neovim/tool/lua-server/meta/Lua%205.4%20en-us%20utf8/coroutine.lua
[01:01:52.499][info] [#0:script/workspace/workspace.lua:353]: Scan library at:	file:///home/astor/neovim/tool/lua-server/meta/Lua%205.4%20en-us%20utf8/io.lua
[01:01:52.499][info] [#0:script/workspace/workspace.lua:353]: Scan library at:	file:///home/astor/neovim/tool/lua-server/meta/Lua%205.4%20en-us%20utf8/debug.lua
[01:01:52.499][info] [#0:script/workspace/workspace.lua:353]: Scan library at:	file:///home/astor/neovim/tool/lua-server/meta/Lua%205.4%20en-us%20utf8/os.lua
[01:01:52.499][info] [#0:script/workspace/workspace.lua:353]: Scan library at:	file:///home/astor/neovim/tool/lua-server/meta/Lua%205.4%20en-us%20utf8/table.lua
[01:01:52.500][info] [#0:script/workspace/workspace.lua:353]: Scan library at:	file:///home/astor/neovim/tool/lua-server/meta/Lua%205.4%20en-us%20utf8/string.lua
[01:01:52.500][info] [#0:script/workspace/workspace.lua:353]: Scan library at:	file:///home/astor/neovim/tool/lua-server/meta/Lua%205.4%20en-us%20utf8/builtin.lua
[01:01:52.500][info] [#0:script/workspace/workspace.lua:353]: Scan library at:	file:///home/astor/neovim/tool/lua-server/meta/Lua%205.4%20en-us%20utf8/package.lua
[01:01:52.500][info] [#0:script/workspace/workspace.lua:353]: Scan library at:	file:///home/astor/neovim/tool/lua-server/meta/Lua%205.4%20en-us%20utf8/utf8.lua
[01:01:52.500][info] [#0:script/workspace/workspace.lua:353]: Scan library at:	file:///home/astor/neovim/tool/lua-server/meta/Lua%205.4%20en-us%20utf8/math.lua
[01:01:52.601][info] [#0:script/workspace/workspace.lua:379]: Found 1242 files at:	file:///home/astor/neovim/nvim
[01:01:52.601][info] [#0:script/workspace/loading.lua:160]: Load files from disk:	file:///home/astor/neovim/nvim
[01:01:52.602][info] [#0:script/workspace/loading.lua:88]: Skip loaded file: file:///home/astor/neovim/tool/lua-server/meta/Lua%205.4%20en-us%20utf8/math.lua
[01:01:52.602][info] [#0:script/workspace/loading.lua:112]: ++++As library of:	file:///home/astor/neovim/tool/lua-server/meta/Lua%205.4%20en-us%20utf8/math.lua
[01:01:52.602][info] [#0:script/workspace/loading.lua:88]: Skip loaded file: file:///home/astor/neovim/tool/lua-server/meta/Lua%205.4%20en-us%20utf8/utf8.lua
[01:01:52.602][info] [#0:script/workspace/loading.lua:112]: ++++As library of:	file:///home/astor/neovim/tool/lua-server/meta/Lua%205.4%20en-us%20utf8/utf8.lua
[01:01:52.602][info] [#0:script/workspace/loading.lua:88]: Skip loaded file: file:///home/astor/neovim/tool/lua-server/meta/Lua%205.4%20en-us%20utf8/package.lua
[01:01:52.602][info] [#0:script/workspace/loading.lua:112]: ++++As library of:	file:///home/astor/neovim/tool/lua-server/meta/Lua%205.4%20en-us%20utf8/package.lua
[01:01:52.602][info] [#0:script/workspace/loading.lua:88]: Skip loaded file: file:///home/astor/neovim/tool/lua-server/meta/Lua%205.4%20en-us%20utf8/builtin.lua
[01:01:52.602][info] [#0:script/workspace/loading.lua:112]: ++++As library of:	file:///home/astor/neovim/tool/lua-server/meta/Lua%205.4%20en-us%20utf8/builtin.lua
[01:01:52.602][info] [#0:script/workspace/loading.lua:88]: Skip loaded file: file:///home/astor/neovim/tool/lua-server/meta/Lua%205.4%20en-us%20utf8/string.lua
[01:01:52.602][info] [#0:script/workspace/loading.lua:112]: ++++As library of:	file:///home/astor/neovim/tool/lua-server/meta/Lua%205.4%20en-us%20utf8/string.lua
[01:01:52.602][info] [#0:script/workspace/loading.lua:88]: Skip loaded file: file:///home/astor/neovim/tool/lua-server/meta/Lua%205.4%20en-us%20utf8/table.lua
[01:01:52.602][info] [#0:script/workspace/loading.lua:112]: ++++As library of:	file:///home/astor/neovim/tool/lua-server/meta/Lua%205.4%20en-us%20utf8/table.lua
[01:01:52.602][info] [#0:script/workspace/loading.lua:88]: Skip loaded file: file:///home/astor/neovim/tool/lua-server/meta/Lua%205.4%20en-us%20utf8/os.lua
[01:01:52.602][info] [#0:script/workspace/loading.lua:112]: ++++As library of:	file:///home/astor/neovim/tool/lua-server/meta/Lua%205.4%20en-us%20utf8/os.lua
[01:01:52.603][info] [#0:script/workspace/loading.lua:88]: Skip loaded file: file:///home/astor/neovim/tool/lua-server/meta/Lua%205.4%20en-us%20utf8/debug.lua
[01:01:52.603][info] [#0:script/workspace/loading.lua:112]: ++++As library of:	file:///home/astor/neovim/tool/lua-server/meta/Lua%205.4%20en-us%20utf8/debug.lua
[01:01:52.603][info] [#0:script/workspace/loading.lua:88]: Skip loaded file: file:///home/astor/neovim/tool/lua-server/meta/Lua%205.4%20en-us%20utf8/io.lua
[01:01:52.603][info] [#0:script/workspace/loading.lua:112]: ++++As library of:	file:///home/astor/neovim/tool/lua-server/meta/Lua%205.4%20en-us%20utf8/io.lua
[01:01:52.603][info] [#0:script/workspace/loading.lua:88]: Skip loaded file: file:///home/astor/neovim/tool/lua-server/meta/Lua%205.4%20en-us%20utf8/coroutine.lua
[01:01:52.603][info] [#0:script/workspace/loading.lua:112]: ++++As library of:	file:///home/astor/neovim/tool/lua-server/meta/Lua%205.4%20en-us%20utf8/coroutine.lua
[01:01:52.603][info] [#0:script/workspace/loading.lua:88]: Skip loaded file: file:///home/astor/neovim/tool/lua-server/meta/Lua%205.4%20en-us%20utf8/basic.lua
[01:01:52.603][info] [#0:script/workspace/loading.lua:112]: ++++As library of:	file:///home/astor/neovim/tool/lua-server/meta/Lua%205.4%20en-us%20utf8/basic.lua
[01:01:52.603][info] [#0:script/workspace/loading.lua:88]: Skip loaded file: file:///home/astor/neovim/nvim/plugin/packer_compiled.lua
[01:01:52.603][info] [#0:script/workspace/loading.lua:88]: Skip loaded file: file:///home/astor/neovim/nvim/pack/packer/start/packer.nvim/tests/helpers.lua
[01:01:52.603][info] [#0:script/workspace/loading.lua:88]: Skip loaded file: file:///home/astor/neovim/nvim/pack/packer/start/packer.nvim/tests/packer_plugin_utils_spec.lua
[01:01:52.603][info] [#0:script/workspace/loading.lua:88]: Skip loaded file: file:///home/astor/neovim/nvim/pack/packer/start/packer.nvim/tests/local_plugin_spec.lua
[01:01:52.604][info] [#0:script/workspace/loading.lua:88]: Skip loaded file: file:///home/astor/neovim/nvim/pack/packer/start/packer.nvim/tests/snapshot_spec.lua
[01:01:52.604][info] [#0:script/workspace/loading.lua:88]: Skip loaded file: file:///home/astor/neovim/nvim/pack/packer/start/packer.nvim/tests/packer_use_spec.lua
[01:01:52.604][info] [#0:script/workspace/loading.lua:88]: Skip loaded file: file:///home/astor/neovim/nvim/pack/packer/start/packer.nvim/tests/plugin_utils_spec.lua
[01:01:52.604][info] [#0:script/workspace/loading.lua:88]: Skip loaded file: file:///home/astor/neovim/nvim/pack/packer/start/packer.nvim/lua/packer/async.lua
[01:01:52.604][info] [#0:script/workspace/loading.lua:88]: Skip loaded file: file:///home/astor/neovim/nvim/pack/packer/start/packer.nvim/lua/packer/display.lua
[01:01:52.604][info] [#0:script/workspace/loading.lua:88]: Skip loaded file: file:///home/astor/neovim/nvim/pack/packer/start/packer.nvim/lua/packer/plugin_utils.lua
[01:01:52.604][info] [#0:script/workspace/loading.lua:88]: Skip loaded file: file:///home/astor/neovim/nvim/pack/packer/start/packer.nvim/lua/packer/log.lua
[01:01:52.605][info] [#0:script/workspace/loading.lua:88]: Skip loaded file: file:///home/astor/neovim/nvim/pack/packer/start/packer.nvim/lua/packer/update.lua
[01:01:52.605][info] [#0:script/workspace/loading.lua:88]: Skip loaded file: file:///home/astor/neovim/nvim/pack/packer/start/packer.nvim/lua/packer/handlers.lua
[01:01:52.605][info] [#0:script/workspace/loading.lua:88]: Skip loaded file: file:///home/astor/neovim/nvim/pack/packer/start/packer.nvim/lua/packer/compile.lua
[01:01:52.605][info] [#0:script/workspace/loading.lua:88]: Skip loaded file: file:///home/astor/neovim/nvim/pack/packer/start/packer.nvim/lua/packer/luarocks.lua
[01:01:52.605][info] [#0:script/workspace/loading.lua:88]: Skip loaded file: file:///home/astor/neovim/nvim/pack/packer/start/packer.nvim/lua/packer/plugin_types/git.lua
[01:01:52.605][info] [#0:script/workspace/loading.lua:88]: Skip loaded file: file:///home/astor/neovim/nvim/pack/packer/start/packer.nvim/lua/packer/plugin_types/local.lua
[01:01:52.605][info] [#0:script/workspace/loading.lua:88]: Skip loaded file: file:///home/astor/neovim/nvim/pack/packer/start/packer.nvim/lua/packer/clean.lua
[01:01:52.605][info] [#0:script/workspace/loading.lua:88]: Skip loaded file: file:///home/astor/neovim/nvim/pack/packer/start/packer.nvim/lua/packer/util.lua
[01:01:52.606][info] [#0:script/workspace/loading.lua:88]: Skip loaded file: file:///home/astor/neovim/nvim/pack/packer/start/packer.nvim/lua/packer/snapshot.lua
[01:01:52.606][info] [#0:script/workspace/loading.lua:88]: Skip loaded file: file:///home/astor/neovim/nvim/pack/packer/start/packer.nvim/lua/packer/jobs.lua
[01:01:52.606][info] [#0:script/workspace/loading.lua:88]: Skip loaded file: file:///home/astor/neovim/nvim/pack/packer/start/packer.nvim/lua/packer/result.lua
[01:01:52.606][info] [#0:script/workspace/loading.lua:88]: Skip loaded file: file:///home/astor/neovim/nvim/pack/packer/start/packer.nvim/lua/packer/install.lua
[01:01:52.606][info] [#0:script/workspace/loading.lua:88]: Skip loaded file: file:///home/astor/neovim/nvim/pack/packer/start/packer.nvim/lua/packer/load.lua
[01:01:52.606][info] [#0:script/workspace/loading.lua:88]: Skip loaded file: file:///home/astor/neovim/nvim/pack/packer/start/packer.nvim/lua/packer/plugin_types.lua
[01:01:52.606][info] [#0:script/workspace/loading.lua:88]: Skip loaded file: file:///home/astor/neovim/nvim/pack/packer/start/packer.nvim/lua/packer.lua
[01:01:52.606][info] [#0:script/workspace/loading.lua:88]: Skip loaded file: file:///home/astor/neovim/nvim/addons/header.nvim/tests/header/update_date_spec.lua
[01:01:52.607][info] [#0:script/workspace/loading.lua:88]: Skip loaded file: file:///home/astor/neovim/nvim/addons/header.nvim/tests/header/license_spec.lua
[01:01:52.607][info] [#0:script/workspace/loading.lua:88]: Skip loaded file: file:///home/astor/neovim/nvim/addons/header.nvim/tests/header/add_headers_spec.lua
[01:01:52.607][info] [#0:script/workspace/loading.lua:88]: Skip loaded file: file:///home/astor/neovim/nvim/addons/header.nvim/tests/header/setup_spec.lua
[01:01:52.607][info] [#0:script/workspace/loading.lua:88]: Skip loaded file: file:///home/astor/neovim/nvim/addons/header.nvim/tests/minimal_init.lua
[01:01:52.607][info] [#0:script/workspace/loading.lua:88]: Skip loaded file: file:///home/astor/neovim/nvim/addons/header.nvim/lua/header/core.lua
[01:01:52.607][info] [#0:script/workspace/loading.lua:88]: Skip loaded file: file:///home/astor/neovim/nvim/addons/header.nvim/lua/header/config.lua
[01:01:52.607][info] [#0:script/workspace/loading.lua:88]: Skip loaded file: file:///home/astor/neovim/nvim/addons/header.nvim/lua/header/util.lua
[01:01:52.607][info] [#0:script/workspace/loading.lua:88]: Skip loaded file: file:///home/astor/neovim/nvim/addons/header.nvim/lua/header/comments.lua
[01:01:52.608][info] [#0:script/workspace/loading.lua:88]: Skip loaded file: file:///home/astor/neovim/nvim/addons/header.nvim/lua/header/commands.lua
[01:01:52.608][info] [#0:script/workspace/loading.lua:88]: Skip loaded file: file:///home/astor/neovim/nvim/addons/header.nvim/lua/header/licenses/apache.lua
[01:01:52.608][info] [#0:script/workspace/loading.lua:88]: Skip loaded file: file:///home/astor/neovim/nvim/addons/header.nvim/lua/header/licenses/wtfpl.lua
[01:01:52.608][info] [#0:script/workspace/loading.lua:88]: Skip loaded file: file:///home/astor/neovim/nvim/addons/header.nvim/lua/header/licenses/mit.lua
[01:01:52.608][info] [#0:script/workspace/loading.lua:88]: Skip loaded file: file:///home/astor/neovim/nvim/addons/header.nvim/lua/header/licenses/isc.lua
[01:01:52.608][info] [#0:script/workspace/loading.lua:88]: Skip loaded file: file:///home/astor/neovim/nvim/addons/header.nvim/lua/header/licenses/zlib.lua
[01:01:52.608][info] [#0:script/workspace/loading.lua:88]: Skip loaded file: file:///home/astor/neovim/nvim/addons/header.nvim/lua/header/licenses/unlicense.lua
[01:01:52.608][info] [#0:script/workspace/loading.lua:88]: Skip loaded file: file:///home/astor/neovim/nvim/addons/header.nvim/lua/header/licenses/gpl3.lua
[01:01:52.609][info] [#0:script/workspace/loading.lua:88]: Skip loaded file: file:///home/astor/neovim/nvim/addons/header.nvim/lua/header/licenses/bsd3.lua
[01:01:52.609][info] [#0:script/workspace/loading.lua:88]: Skip loaded file: file:///home/astor/neovim/nvim/addons/header.nvim/lua/header/licenses/cc0.lua
[01:01:52.609][info] [#0:script/workspace/loading.lua:88]: Skip loaded file: file:///home/astor/neovim/nvim/addons/header.nvim/lua/header/licenses/x11.lua
[01:01:52.609][info] [#0:script/workspace/loading.lua:88]: Skip loaded file: file:///home/astor/neovim/nvim/addons/header.nvim/lua/header/licenses/mpl.lua
[01:01:52.609][info] [#0:script/workspace/loading.lua:88]: Skip loaded file: file:///home/astor/neovim/nvim/addons/header.nvim/lua/header/licenses/agpl3.lua
[01:01:52.609][info] [#0:script/workspace/loading.lua:88]: Skip loaded file: file:///home/astor/neovim/nvim/addons/header.nvim/lua/header/licenses/bsd2.lua
[01:01:52.609][info] [#0:script/workspace/loading.lua:88]: Skip loaded file: file:///home/astor/neovim/nvim/addons/header.nvim/lua/header/filetypes.lua
[01:01:52.610][info] [#0:script/workspace/loading.lua:88]: Skip loaded file: file:///home/astor/neovim/nvim/addons/header.nvim/lua/header/init.lua
[01:01:52.610][info] [#0:script/workspace/loading.lua:88]: Skip loaded file: file:///home/astor/neovim/nvim/addons/header.nvim/lua/header/languages.lua
[01:01:52.610][info] [#0:script/workspace/loading.lua:88]: Skip loaded file: file:///home/astor/neovim/nvim/addons/header.nvim/lua/header/license.lua
[01:01:52.610][info] [#0:script/workspace/loading.lua:88]: Skip loaded file: file:///home/astor/neovim/nvim/addons/bufferline.nvim/tests/highlights_spec.lua
[01:01:52.610][info] [#0:script/workspace/loading.lua:88]: Skip loaded file: file:///home/astor/neovim/nvim/addons/bufferline.nvim/tests/bufferline_spec.lua
[01:01:52.610][info] [#0:script/workspace/loading.lua:88]: Skip loaded file: file:///home/astor/neovim/nvim/addons/bufferline.nvim/tests/duplicates_spec.lua
[01:01:52.610][info] [#0:script/workspace/loading.lua:88]: Skip loaded file: file:///home/astor/neovim/nvim/addons/bufferline.nvim/tests/custom_area_spec.lua
[01:01:52.610][info] [#0:script/workspace/loading.lua:88]: Skip loaded file: file:///home/astor/neovim/nvim/addons/bufferline.nvim/tests/utils.lua
[01:01:52.611][info] [#0:script/workspace/loading.lua:88]: Skip loaded file: file:///home/astor/neovim/nvim/addons/bufferline.nvim/tests/colors_spec.lua
[01:01:52.611][info] [#0:script/workspace/loading.lua:88]: Skip loaded file: file:///home/astor/neovim/nvim/addons/bufferline.nvim/tests/groups_spec.lua
[01:01:52.611][info] [#0:script/workspace/loading.lua:88]: Skip loaded file: file:///home/astor/neovim/nvim/addons/bufferline.nvim/tests/ui_spec.lua
[01:01:52.611][info] [#0:script/workspace/loading.lua:88]: Skip loaded file: file:///home/astor/neovim/nvim/addons/bufferline.nvim/tests/utils_spec.lua
[01:01:52.611][info] [#0:script/workspace/loading.lua:88]: Skip loaded file: file:///home/astor/neovim/nvim/addons/bufferline.nvim/tests/minimal_init.lua
[01:01:52.611][info] [#0:script/workspace/loading.lua:88]: Skip loaded file: file:///home/astor/neovim/nvim/addons/bufferline.nvim/tests/sorters_spec.lua
[01:01:52.611][info] [#0:script/workspace/loading.lua:88]: Skip loaded file: file:///home/astor/neovim/nvim/addons/bufferline.nvim/tests/config_spec.lua
[01:01:52.611][info] [#0:script/workspace/loading.lua:88]: Skip loaded file: file:///home/astor/neovim/nvim/addons/bufferline.nvim/tests/offset_spec.lua
[01:01:52.612][info] [#0:script/workspace/loading.lua:88]: Skip loaded file: file:///home/astor/neovim/nvim/addons/bufferline.nvim/tests/numbers_spec.lua
[01:01:52.612][info] [#0:script/workspace/loading.lua:88]: Skip loaded file: file:///home/astor/neovim/nvim/addons/bufferline.nvim/lua/bufferline.lua
[01:01:52.612][info] [#0:script/workspace/loading.lua:88]: Skip loaded file: file:///home/astor/neovim/nvim/addons/bufferline.nvim/lua/bufferline/types.lua
[01:01:52.612][info] [#0:script/workspace/loading.lua:88]: Skip loaded file: file:///home/astor/neovim/nvim/addons/bufferline.nvim/lua/bufferline/highlights.lua
[01:01:52.612][info] [#0:script/workspace/loading.lua:88]: Skip loaded file: file:///home/astor/neovim/nvim/addons/bufferline.nvim/lua/bufferline/duplicates.lua
[01:01:52.612][info] [#0:script/workspace/loading.lua:88]: Skip loaded file: file:///home/astor/neovim/nvim/addons/bufferline.nvim/lua/bufferline/buffers.lua
[01:01:52.612][info] [#0:script/workspace/loading.lua:88]: Skip loaded file: file:///home/astor/neovim/nvim/addons/bufferline.nvim/lua/bufferline/diagnostics.lua
[01:01:52.612][info] [#0:script/workspace/loading.lua:88]: Skip loaded file: file:///home/astor/neovim/nvim/addons/bufferline.nvim/lua/bufferline/constants.lua
[01:01:52.613][info] [#0:script/workspace/loading.lua:88]: Skip loaded file: file:///home/astor/neovim/nvim/addons/bufferline.nvim/lua/bufferline/config.lua
[01:01:52.613][info] [#0:script/workspace/loading.lua:88]: Skip loaded file: file:///home/astor/neovim/nvim/addons/bufferline.nvim/lua/bufferline/sorters.lua
[01:01:52.613][info] [#0:script/workspace/loading.lua:88]: Skip loaded file: file:///home/astor/neovim/nvim/addons/bufferline.nvim/lua/bufferline/state.lua
[01:01:52.613][info] [#0:script/workspace/loading.lua:88]: Skip loaded file: file:///home/astor/neovim/nvim/addons/bufferline.nvim/lua/bufferline/models.lua
[01:01:52.613][info] [#0:script/workspace/loading.lua:88]: Skip loaded file: file:///home/astor/neovim/nvim/addons/bufferline.nvim/lua/bufferline/lazy.lua
[01:01:52.613][info] [#0:script/workspace/loading.lua:88]: Skip loaded file: file:///home/astor/neovim/nvim/addons/bufferline.nvim/lua/bufferline/colors.lua
[01:01:52.613][info] [#0:script/workspace/loading.lua:88]: Skip loaded file: file:///home/astor/neovim/nvim/addons/bufferline.nvim/lua/bufferline/commands.lua
[01:01:52.614][info] [#0:script/workspace/loading.lua:88]: Skip loaded file: file:///home/astor/neovim/nvim/addons/bufferline.nvim/lua/bufferline/groups.lua
[01:01:52.614][info] [#0:script/workspace/loading.lua:88]: Skip loaded file: file:///home/astor/neovim/nvim/addons/bufferline.nvim/lua/bufferline/numbers.lua
[01:01:52.614][info] [#0:script/workspace/loading.lua:88]: Skip loaded file: file:///home/astor/neovim/nvim/addons/bufferline.nvim/lua/bufferline/offset.lua
[01:01:52.614][info] [#0:script/workspace/loading.lua:88]: Skip loaded file: file:///home/astor/neovim/nvim/addons/bufferline.nvim/lua/bufferline/utils/log.lua
[01:01:52.614][info] [#0:script/workspace/loading.lua:88]: Skip loaded file: file:///home/astor/neovim/nvim/addons/bufferline.nvim/lua/bufferline/utils/init.lua
[01:01:52.614][info] [#0:script/workspace/loading.lua:88]: Skip loaded file: file:///home/astor/neovim/nvim/addons/bufferline.nvim/lua/bufferline/tabpages.lua
[01:01:52.614][info] [#0:script/workspace/loading.lua:88]: Skip loaded file: file:///home/astor/neovim/nvim/addons/bufferline.nvim/lua/bufferline/custom_area.lua
[01:01:52.614][info] [#0:script/workspace/loading.lua:88]: Skip loaded file: file:///home/astor/neovim/nvim/addons/bufferline.nvim/lua/bufferline/hover.lua
[01:01:52.615][info] [#0:script/workspace/loading.lua:88]: Skip loaded file: file:///home/astor/neovim/nvim/addons/bufferline.nvim/lua/bufferline/ui.lua
[01:01:52.615][info] [#0:script/workspace/loading.lua:88]: Skip loaded file: file:///home/astor/neovim/nvim/addons/bufferline.nvim/lua/bufferline/pick.lua
[01:01:52.615][info] [#0:script/workspace/loading.lua:88]: Skip loaded file: file:///home/astor/neovim/nvim/addons/plenary.nvim/data/plenary/filetypes/base.lua
[01:01:52.615][info] [#0:script/workspace/loading.lua:88]: Skip loaded file: file:///home/astor/neovim/nvim/addons/plenary.nvim/data/plenary/filetypes/builtin.lua
[01:01:52.615][info] [#0:script/workspace/loading.lua:88]: Skip loaded file: file:///home/astor/neovim/nvim/addons/plenary.nvim/tests/plenary/enum_spec.lua
[01:01:52.615][info] [#0:script/workspace/loading.lua:88]: Skip loaded file: file:///home/astor/neovim/nvim/addons/plenary.nvim/tests/plenary/popup_spec.lua
[01:01:52.615][info] [#0:script/workspace/loading.lua:88]: Skip loaded file: file:///home/astor/neovim/nvim/addons/plenary.nvim/tests/plenary/py_list_spec.lua
[01:01:52.615][info] [#0:script/workspace/loading.lua:88]: Skip loaded file: file:///home/astor/neovim/nvim/addons/plenary.nvim/tests/plenary/simple_busted_spec.lua
[01:01:52.616][info] [#0:script/workspace/loading.lua:88]: Skip loaded file: file:///home/astor/neovim/nvim/addons/plenary.nvim/tests/plenary/job_spec.lua
[01:01:52.616][info] [#0:script/workspace/loading.lua:88]: Skip loaded file: file:///home/astor/neovim/nvim/addons/plenary.nvim/tests/plenary/tbl_spec.lua
[01:01:52.616][info] [#0:script/workspace/loading.lua:88]: Skip loaded file: file:///home/astor/neovim/nvim/addons/plenary.nvim/tests/plenary/json_spec.lua
[01:01:52.616][info] [#0:script/workspace/loading.lua:88]: Skip loaded file: file:///home/astor/neovim/nvim/addons/plenary.nvim/tests/plenary/context_manager_spec.lua
[01:01:52.616][info] [#0:script/workspace/loading.lua:88]: Skip loaded file: file:///home/astor/neovim/nvim/addons/plenary.nvim/tests/plenary/popup_requires_spec.lua
[01:01:52.616][info] [#0:script/workspace/loading.lua:88]: Skip loaded file: file:///home/astor/neovim/nvim/addons/plenary.nvim/tests/plenary/async/condvar_spec.lua
[01:01:52.616][info] [#0:script/workspace/loading.lua:88]: Skip loaded file: file:///home/astor/neovim/nvim/addons/plenary.nvim/tests/plenary/async/test_spec.lua
[01:01:52.616][info] [#0:script/workspace/loading.lua:88]: Skip loaded file: file:///home/astor/neovim/nvim/addons/plenary.nvim/tests/plenary/async/util_spec.lua
[01:01:52.617][info] [#0:script/workspace/loading.lua:88]: Skip loaded file: file:///home/astor/neovim/nvim/addons/plenary.nvim/tests/plenary/async/channel_spec.lua
[01:01:52.617][info] [#0:script/workspace/loading.lua:88]: Skip loaded file: file:///home/astor/neovim/nvim/addons/plenary.nvim/tests/plenary/async/async_spec.lua
[01:01:52.617][info] [#0:script/workspace/loading.lua:88]: Skip loaded file: file:///home/astor/neovim/nvim/addons/plenary.nvim/tests/plenary/async/semaphore_spec.lua
[01:01:52.617][info] [#0:script/workspace/loading.lua:88]: Skip loaded file: file:///home/astor/neovim/nvim/addons/plenary.nvim/tests/plenary/async/deque_spec.lua
[01:01:52.617][info] [#0:script/workspace/loading.lua:88]: Skip loaded file: file:///home/astor/neovim/nvim/addons/plenary.nvim/tests/plenary/scandir_spec.lua
[01:01:52.617][info] [#0:script/workspace/loading.lua:88]: Skip loaded file: file:///home/astor/neovim/nvim/addons/plenary.nvim/tests/plenary/filetype_spec.lua
[01:01:52.618][info] [#0:script/workspace/loading.lua:88]: Skip loaded file: file:///home/astor/neovim/nvim/addons/plenary.nvim/tests/plenary/curl_spec.lua
[01:01:52.618][info] [#0:script/workspace/loading.lua:88]: Skip loaded file: file:///home/astor/neovim/nvim/addons/plenary.nvim/tests/plenary/path_spec.lua
[01:01:52.618][info] [#0:script/workspace/loading.lua:88]: Skip loaded file: file:///home/astor/neovim/nvim/addons/plenary.nvim/tests/plenary/async_testing_spec.lua
[01:01:52.618][info] [#0:script/workspace/loading.lua:88]: Skip loaded file: file:///home/astor/neovim/nvim/addons/plenary.nvim/tests/plenary/strings_spec.lua
[01:01:52.618][info] [#0:script/workspace/loading.lua:88]: Skip loaded file: file:///home/astor/neovim/nvim/addons/plenary.nvim/tests/plenary/iterators_spec.lua
[01:01:52.618][info] [#0:script/workspace/loading.lua:88]: Skip loaded file: file:///home/astor/neovim/nvim/addons/plenary.nvim/tests/plenary/job/validation_spec.lua
[01:01:52.618][info] [#0:script/workspace/loading.lua:88]: Skip loaded file: file:///home/astor/neovim/nvim/addons/plenary.nvim/tests/plenary/functional_spec.lua
[01:01:52.618][info] [#0:script/workspace/loading.lua:88]: Skip loaded file: file:///home/astor/neovim/nvim/addons/plenary.nvim/tests/plenary/uses_nvim_spec.lua
[01:01:52.619][info] [#0:script/workspace/loading.lua:88]: Skip loaded file: file:///home/astor/neovim/nvim/addons/plenary.nvim/tests/plenary/rotate_spec.lua
[01:01:52.619][info] [#0:script/workspace/loading.lua:88]: Skip loaded file: file:///home/astor/neovim/nvim/addons/plenary.nvim/tests/manual/large_job_spec.lua
[01:01:52.619][info] [#0:script/workspace/loading.lua:88]: Skip loaded file: file:///home/astor/neovim/nvim/addons/plenary.nvim/scripts/update_filetypes_from_github.lua
[01:01:52.619][info] [#0:script/workspace/loading.lua:88]: Skip loaded file: file:///home/astor/neovim/nvim/addons/plenary.nvim/scripts/vararg/rotate.lua
[01:01:52.619][info] [#0:script/workspace/loading.lua:88]: Skip loaded file: file:///home/astor/neovim/nvim/addons/plenary.nvim/scripts/generate_luassert_types.lua
[01:01:52.619][info] [#0:script/workspace/loading.lua:88]: Skip loaded file: file:///home/astor/neovim/nvim/addons/plenary.nvim/lua/say.lua
[01:01:52.619][info] [#0:script/workspace/loading.lua:88]: Skip loaded file: file:///home/astor/neovim/nvim/addons/plenary.nvim/lua/plenary/compat.lua
[01:01:52.619][info] [#0:script/workspace/loading.lua:88]: Skip loaded file: file:///home/astor/neovim/nvim/addons/plenary.nvim/lua/plenary/fun.lua
[01:01:52.620][info] [#0:script/workspace/loading.lua:88]: Skip loaded file: file:///home/astor/neovim/nvim/addons/plenary.nvim/lua/plenary/bit.lua
[01:01:52.620][info] [#0:script/workspace/loading.lua:88]: Skip loaded file: file:///home/astor/neovim/nvim/addons/plenary.nvim/lua/plenary/class.lua
[01:01:52.620][info] [#0:script/workspace/loading.lua:88]: Skip loaded file: file:///home/astor/neovim/nvim/addons/plenary.nvim/lua/plenary/log.lua
[01:01:52.620][info] [#0:script/workspace/loading.lua:88]: Skip loaded file: file:///home/astor/neovim/nvim/addons/plenary.nvim/lua/plenary/_meta/_luassert.lua
[01:01:52.620][info] [#0:script/workspace/loading.lua:88]: Skip loaded file: file:///home/astor/neovim/nvim/addons/plenary.nvim/lua/plenary/scandir.lua
[01:01:52.620][info] [#0:script/workspace/loading.lua:88]: Skip loaded file: file:///home/astor/neovim/nvim/addons/plenary.nvim/lua/plenary/benchmark/init.lua
[01:01:52.620][info] [#0:script/workspace/loading.lua:88]: Skip loaded file: file:///home/astor/neovim/nvim/addons/plenary.nvim/lua/plenary/benchmark/stat.lua
[01:01:52.620][info] [#0:script/workspace/loading.lua:88]: Skip loaded file: file:///home/astor/neovim/nvim/addons/plenary.nvim/lua/plenary/json.lua
[01:01:52.621][info] [#0:script/workspace/loading.lua:88]: Skip loaded file: file:///home/astor/neovim/nvim/addons/plenary.nvim/lua/plenary/debug_utils.lua
[01:01:52.621][info] [#0:script/workspace/loading.lua:88]: Skip loaded file: file:///home/astor/neovim/nvim/addons/plenary.nvim/lua/plenary/curl.lua
[01:01:52.621][info] [#0:script/workspace/loading.lua:88]: Skip loaded file: file:///home/astor/neovim/nvim/addons/plenary.nvim/lua/plenary/popup/utils.lua
[01:01:52.621][info] [#0:script/workspace/loading.lua:88]: Skip loaded file: file:///home/astor/neovim/nvim/addons/plenary.nvim/lua/plenary/popup/init.lua
[01:01:52.621][info] [#0:script/workspace/loading.lua:88]: Skip loaded file: file:///home/astor/neovim/nvim/addons/plenary.nvim/lua/plenary/window/float.lua
[01:01:52.621][info] [#0:script/workspace/loading.lua:88]: Skip loaded file: file:///home/astor/neovim/nvim/addons/plenary.nvim/lua/plenary/window/border.lua
[01:01:52.621][info] [#0:script/workspace/loading.lua:88]: Skip loaded file: file:///home/astor/neovim/nvim/addons/plenary.nvim/lua/plenary/window/init.lua
[01:01:52.621][info] [#0:script/workspace/loading.lua:88]: Skip loaded file: file:///home/astor/neovim/nvim/addons/plenary.nvim/lua/plenary/async/api.lua
[01:01:52.622][info] [#0:script/workspace/loading.lua:88]: Skip loaded file: file:///home/astor/neovim/nvim/addons/plenary.nvim/lua/plenary/async/async.lua
[01:01:52.622][info] [#0:script/workspace/loading.lua:88]: Skip loaded file: file:///home/astor/neovim/nvim/addons/plenary.nvim/lua/plenary/async/lsp.lua
[01:01:52.622][info] [#0:script/workspace/loading.lua:88]: Skip loaded file: file:///home/astor/neovim/nvim/addons/plenary.nvim/lua/plenary/async/util.lua
[01:01:52.622][info] [#0:script/workspace/loading.lua:88]: Skip loaded file: file:///home/astor/neovim/nvim/addons/plenary.nvim/lua/plenary/async/structs.lua
[01:01:52.622][info] [#0:script/workspace/loading.lua:88]: Skip loaded file: file:///home/astor/neovim/nvim/addons/plenary.nvim/lua/plenary/async/tests.lua
[01:01:52.622][info] [#0:script/workspace/loading.lua:88]: Skip loaded file: file:///home/astor/neovim/nvim/addons/plenary.nvim/lua/plenary/async/uv_async.lua
[01:01:52.622][info] [#0:script/workspace/loading.lua:88]: Skip loaded file: file:///home/astor/neovim/nvim/addons/plenary.nvim/lua/plenary/async/init.lua
[01:01:52.622][info] [#0:script/workspace/loading.lua:88]: Skip loaded file: file:///home/astor/neovim/nvim/addons/plenary.nvim/lua/plenary/async/control.lua
[01:01:52.623][info] [#0:script/workspace/loading.lua:88]: Skip loaded file: file:///home/astor/neovim/nvim/addons/plenary.nvim/lua/plenary/tbl.lua
[01:01:52.623][info] [#0:script/workspace/loading.lua:88]: Skip loaded file: file:///home/astor/neovim/nvim/addons/plenary.nvim/lua/plenary/context_manager.lua
[01:01:52.623][info] [#0:script/workspace/loading.lua:88]: Skip loaded file: file:///home/astor/neovim/nvim/addons/plenary.nvim/lua/plenary/async_lib/api.lua
[01:01:52.623][info] [#0:script/workspace/loading.lua:88]: Skip loaded file: file:///home/astor/neovim/nvim/addons/plenary.nvim/lua/plenary/async_lib/async.lua
[01:01:52.623][info] [#0:script/workspace/loading.lua:88]: Skip loaded file: file:///home/astor/neovim/nvim/addons/plenary.nvim/lua/plenary/async_lib/lsp.lua
[01:01:52.623][info] [#0:script/workspace/loading.lua:88]: Skip loaded file: file:///home/astor/neovim/nvim/addons/plenary.nvim/lua/plenary/async_lib/util.lua
[01:01:52.623][info] [#0:script/workspace/loading.lua:88]: Skip loaded file: file:///home/astor/neovim/nvim/addons/plenary.nvim/lua/plenary/async_lib/structs.lua
[01:01:52.624][info] [#0:script/workspace/loading.lua:88]: Skip loaded file: file:///home/astor/neovim/nvim/addons/plenary.nvim/lua/plenary/async_lib/tests.lua
[01:01:52.624][info] [#0:script/workspace/loading.lua:88]: Skip loaded file: file:///home/astor/neovim/nvim/addons/plenary.nvim/lua/plenary/async_lib/uv_async.lua
[01:01:52.624][info] [#0:script/workspace/loading.lua:88]: Skip loaded file: file:///home/astor/neovim/nvim/addons/plenary.nvim/lua/plenary/async_lib/init.lua
[01:01:52.624][info] [#0:script/workspace/loading.lua:88]: Skip loaded file: file:///home/astor/neovim/nvim/addons/plenary.nvim/lua/plenary/strings.lua
[01:01:52.624][info] [#0:script/workspace/loading.lua:88]: Skip loaded file: file:///home/astor/neovim/nvim/addons/plenary.nvim/lua/plenary/operators.lua
[01:01:52.624][info] [#0:script/workspace/loading.lua:88]: Skip loaded file: file:///home/astor/neovim/nvim/addons/plenary.nvim/lua/plenary/lsp/override.lua
[01:01:52.624][info] [#0:script/workspace/loading.lua:88]: Skip loaded file: file:///home/astor/neovim/nvim/addons/plenary.nvim/lua/plenary/iterators.lua
[01:01:52.624][info] [#0:script/workspace/loading.lua:88]: Skip loaded file: file:///home/astor/neovim/nvim/addons/plenary.nvim/lua/plenary/profile/lua_profiler.lua
[01:01:52.625][info] [#0:script/workspace/loading.lua:88]: Skip loaded file: file:///home/astor/neovim/nvim/addons/plenary.nvim/lua/plenary/profile/memory_profiler.lua
[01:01:52.625][info] [#0:script/workspace/loading.lua:88]: Skip loaded file: file:///home/astor/neovim/nvim/addons/plenary.nvim/lua/plenary/profile/p.lua
[01:01:52.625][info] [#0:script/workspace/loading.lua:88]: Skip loaded file: file:///home/astor/neovim/nvim/addons/plenary.nvim/lua/plenary/neorocks/init.lua
[01:01:52.625][info] [#0:script/workspace/loading.lua:88]: Skip loaded file: file:///home/astor/neovim/nvim/addons/plenary.nvim/lua/plenary/profile.lua
[01:01:52.625][info] [#0:script/workspace/loading.lua:88]: Skip loaded file: file:///home/astor/neovim/nvim/addons/plenary.nvim/lua/plenary/functional.lua
[01:01:52.625][info] [#0:script/workspace/loading.lua:88]: Skip loaded file: file:///home/astor/neovim/nvim/addons/plenary.nvim/lua/plenary/reload.lua
[01:01:52.625][info] [#0:script/workspace/loading.lua:88]: Skip loaded file: file:///home/astor/neovim/nvim/addons/plenary.nvim/lua/plenary/vararg/rotate.lua
[01:01:52.625][info] [#0:script/workspace/loading.lua:88]: Skip loaded file: file:///home/astor/neovim/nvim/addons/plenary.nvim/lua/plenary/vararg/init.lua
[01:01:52.626][info] [#0:script/workspace/loading.lua:88]: Skip loaded file: file:///home/astor/neovim/nvim/addons/plenary.nvim/lua/plenary/path.lua
[01:01:52.626][info] [#0:script/workspace/loading.lua:88]: Skip loaded file: file:///home/astor/neovim/nvim/addons/plenary.nvim/lua/plenary/test_harness.lua
[01:01:52.626][info] [#0:script/workspace/loading.lua:88]: Skip loaded file: file:///home/astor/neovim/nvim/addons/plenary.nvim/lua/plenary/filetype.lua
[01:01:52.626][info] [#0:script/workspace/loading.lua:88]: Skip loaded file: file:///home/astor/neovim/nvim/addons/plenary.nvim/lua/plenary/run.lua
[01:01:52.626][info] [#0:script/workspace/loading.lua:88]: Skip loaded file: file:///home/astor/neovim/nvim/addons/plenary.nvim/lua/plenary/busted.lua
[01:01:52.626][info] [#0:script/workspace/loading.lua:88]: Skip loaded file: file:///home/astor/neovim/nvim/addons/plenary.nvim/lua/plenary/job.lua
[01:01:52.626][info] [#0:script/workspace/loading.lua:88]: Skip loaded file: file:///home/astor/neovim/nvim/addons/plenary.nvim/lua/plenary/collections/py_list.lua
[01:01:52.626][info] [#0:script/workspace/loading.lua:88]: Skip loaded file: file:///home/astor/neovim/nvim/addons/plenary.nvim/lua/plenary/nvim_meta.lua
[01:01:52.627][info] [#0:script/workspace/loading.lua:88]: Skip loaded file: file:///home/astor/neovim/nvim/addons/plenary.nvim/lua/plenary/enum.lua
[01:01:52.627][info] [#0:script/workspace/loading.lua:88]: Skip loaded file: file:///home/astor/neovim/nvim/addons/plenary.nvim/lua/plenary/init.lua
[01:01:52.627][info] [#0:script/workspace/loading.lua:88]: Skip loaded file: file:///home/astor/neovim/nvim/addons/plenary.nvim/lua/plenary/errors.lua
[01:01:52.627][info] [#0:script/workspace/loading.lua:88]: Skip loaded file: file:///home/astor/neovim/nvim/addons/plenary.nvim/lua/luassert/namespaces.lua
[01:01:52.627][info] [#0:script/workspace/loading.lua:88]: Skip loaded file: file:///home/astor/neovim/nvim/addons/plenary.nvim/lua/luassert/spy.lua
[01:01:52.627][info] [#0:script/workspace/loading.lua:88]: Skip loaded file: file:///home/astor/neovim/nvim/addons/plenary.nvim/lua/luassert/mock.lua
[01:01:52.627][info] [#0:script/workspace/loading.lua:88]: Skip loaded file: file:///home/astor/neovim/nvim/addons/plenary.nvim/lua/luassert/util.lua
[01:01:52.627][info] [#0:script/workspace/loading.lua:88]: Skip loaded file: file:///home/astor/neovim/nvim/addons/plenary.nvim/lua/luassert/array.lua
[01:01:52.628][info] [#0:script/workspace/loading.lua:88]: Skip loaded file: file:///home/astor/neovim/nvim/addons/plenary.nvim/lua/luassert/state.lua
[01:01:52.628][info] [#0:script/workspace/loading.lua:88]: Skip loaded file: file:///home/astor/neovim/nvim/addons/plenary.nvim/lua/luassert/stub.lua
[01:01:52.628][info] [#0:script/workspace/loading.lua:88]: Skip loaded file: file:///home/astor/neovim/nvim/addons/plenary.nvim/lua/luassert/match.lua
[01:01:52.628][info] [#0:script/workspace/loading.lua:88]: Skip loaded file: file:///home/astor/neovim/nvim/addons/plenary.nvim/lua/luassert/assert.lua
[01:01:52.628][info] [#0:script/workspace/loading.lua:88]: Skip loaded file: file:///home/astor/neovim/nvim/addons/plenary.nvim/lua/luassert/assertions.lua
[01:01:52.628][info] [#0:script/workspace/loading.lua:88]: Skip loaded file: file:///home/astor/neovim/nvim/addons/plenary.nvim/lua/luassert/matchers/core.lua
[01:01:52.628][info] [#0:script/workspace/loading.lua:88]: Skip loaded file: file:///home/astor/neovim/nvim/addons/plenary.nvim/lua/luassert/matchers/init.lua
[01:01:52.628][info] [#0:script/workspace/loading.lua:88]: Skip loaded file: file:///home/astor/neovim/nvim/addons/plenary.nvim/lua/luassert/matchers/composite.lua
[01:01:52.629][info] [#0:script/workspace/loading.lua:88]: Skip loaded file: file:///home/astor/neovim/nvim/addons/plenary.nvim/lua/luassert/compatibility.lua
[01:01:52.629][info] [#0:script/workspace/loading.lua:88]: Skip loaded file: file:///home/astor/neovim/nvim/addons/plenary.nvim/lua/luassert/modifiers.lua
[01:01:52.629][info] [#0:script/workspace/loading.lua:88]: Skip loaded file: file:///home/astor/neovim/nvim/addons/plenary.nvim/lua/luassert/languages/en.lua
[01:01:52.629][info] [#0:script/workspace/loading.lua:88]: Skip loaded file: file:///home/astor/neovim/nvim/addons/plenary.nvim/lua/luassert/formatters/init.lua
[01:01:52.629][info] [#0:script/workspace/loading.lua:88]: Skip loaded file: file:///home/astor/neovim/nvim/addons/plenary.nvim/lua/luassert/formatters/binarystring.lua
[01:01:52.629][info] [#0:script/workspace/loading.lua:88]: Skip loaded file: file:///home/astor/neovim/nvim/addons/plenary.nvim/lua/luassert/init.lua
[01:01:52.629][info] [#0:script/workspace/loading.lua:88]: Skip loaded file: file:///home/astor/neovim/nvim/addons/indent-blankline.nvim/specs/features/virt_text_spec.lua
[01:01:52.629][info] [#0:script/workspace/loading.lua:88]: Skip loaded file: file:///home/astor/neovim/nvim/addons/indent-blankline.nvim/specs/features/indent_spec.lua
[01:01:52.630][info] [#0:script/workspace/loading.lua:88]: Skip loaded file: file:///home/astor/neovim/nvim/addons/indent-blankline.nvim/specs/features/utils_spec.lua
[01:01:52.630][info] [#0:script/workspace/loading.lua:88]: Skip loaded file: file:///home/astor/neovim/nvim/addons/indent-blankline.nvim/specs/features/hooks_spec.lua
[01:01:52.630][info] [#0:script/workspace/loading.lua:88]: Skip loaded file: file:///home/astor/neovim/nvim/addons/indent-blankline.nvim/specs/features/config_spec.lua
[01:01:52.630][info] [#0:script/workspace/loading.lua:88]: Skip loaded file: file:///home/astor/neovim/nvim/addons/indent-blankline.nvim/specs/spec.lua
[01:01:52.630][info] [#0:script/workspace/loading.lua:88]: Skip loaded file: file:///home/astor/neovim/nvim/addons/indent-blankline.nvim/lua/ibl/highlights.lua
[01:01:52.630][info] [#0:script/workspace/loading.lua:88]: Skip loaded file: file:///home/astor/neovim/nvim/addons/indent-blankline.nvim/lua/ibl/virt_text.lua
[01:01:52.630][info] [#0:script/workspace/loading.lua:88]: Skip loaded file: file:///home/astor/neovim/nvim/addons/indent-blankline.nvim/lua/ibl/hooks.lua
[01:01:52.630][info] [#0:script/workspace/loading.lua:88]: Skip loaded file: file:///home/astor/neovim/nvim/addons/indent-blankline.nvim/lua/ibl/utils.lua
[01:01:52.631][info] [#0:script/workspace/loading.lua:88]: Skip loaded file: file:///home/astor/neovim/nvim/addons/indent-blankline.nvim/lua/ibl/config.lua
[01:01:52.631][info] [#0:script/workspace/loading.lua:88]: Skip loaded file: file:///home/astor/neovim/nvim/addons/indent-blankline.nvim/lua/ibl/autocmds.lua
[01:01:52.631][info] [#0:script/workspace/loading.lua:88]: Skip loaded file: file:///home/astor/neovim/nvim/addons/indent-blankline.nvim/lua/ibl/inlay_hints.lua
[01:01:52.631][info] [#0:script/workspace/loading.lua:88]: Skip loaded file: file:///home/astor/neovim/nvim/addons/indent-blankline.nvim/lua/ibl/config.types.lua
[01:01:52.631][info] [#0:script/workspace/loading.lua:88]: Skip loaded file: file:///home/astor/neovim/nvim/addons/indent-blankline.nvim/lua/ibl/indent.lua
[01:01:52.631][info] [#0:script/workspace/loading.lua:88]: Skip loaded file: file:///home/astor/neovim/nvim/addons/indent-blankline.nvim/lua/ibl/init.lua
[01:01:52.631][info] [#0:script/workspace/loading.lua:88]: Skip loaded file: file:///home/astor/neovim/nvim/addons/indent-blankline.nvim/lua/ibl/scope_languages.lua
[01:01:52.631][info] [#0:script/workspace/loading.lua:88]: Skip loaded file: file:///home/astor/neovim/nvim/addons/indent-blankline.nvim/lua/ibl/scope.lua
[01:01:52.632][info] [#0:script/workspace/loading.lua:88]: Skip loaded file: file:///home/astor/neovim/nvim/addons/indent-blankline.nvim/lua/indent_blankline.lua
[01:01:52.632][info] [#0:script/workspace/loading.lua:88]: Skip loaded file: file:///home/astor/neovim/nvim/addons/indent-blankline.nvim/after/plugin/commands.lua
[01:01:52.632][info] [#0:script/workspace/loading.lua:88]: Skip loaded file: file:///home/astor/neovim/nvim/addons/indent-blankline.nvim/after/ftplugin/c.lua
[01:01:52.632][info] [#0:script/workspace/loading.lua:88]: Skip loaded file: file:///home/astor/neovim/nvim/addons/indent-blankline.nvim/after/ftplugin/cpp.lua
[01:01:52.632][info] [#0:script/workspace/loading.lua:88]: Skip loaded file: file:///home/astor/neovim/nvim/addons/formatter.nvim/asset/splash.lua
[01:01:52.632][info] [#0:script/workspace/loading.lua:88]: Skip loaded file: file:///home/astor/neovim/nvim/addons/formatter.nvim/test/test.lua
[01:01:52.632][info] [#0:script/workspace/loading.lua:88]: Skip loaded file: file:///home/astor/neovim/nvim/addons/formatter.nvim/lua/formatter/complete.lua
[01:01:52.633][info] [#0:script/workspace/loading.lua:88]: Skip loaded file: file:///home/astor/neovim/nvim/addons/formatter.nvim/lua/formatter/defaults/pint.lua
[01:01:52.633][info] [#0:script/workspace/loading.lua:88]: Skip loaded file: file:///home/astor/neovim/nvim/addons/formatter.nvim/lua/formatter/defaults/zigfmt.lua
[01:01:52.633][info] [#0:script/workspace/loading.lua:88]: Skip loaded file: file:///home/astor/neovim/nvim/addons/formatter.nvim/lua/formatter/defaults/prettiereslint.lua
[01:01:52.633][info] [#0:script/workspace/loading.lua:88]: Skip loaded file: file:///home/astor/neovim/nvim/addons/formatter.nvim/lua/formatter/defaults/fishindent.lua
[01:01:52.633][info] [#0:script/workspace/loading.lua:88]: Skip loaded file: file:///home/astor/neovim/nvim/addons/formatter.nvim/lua/formatter/defaults/latexindent.lua
[01:01:52.633][info] [#0:script/workspace/loading.lua:88]: Skip loaded file: file:///home/astor/neovim/nvim/addons/formatter.nvim/lua/formatter/defaults/prettydiff.lua
[01:01:52.633][info] [#0:script/workspace/loading.lua:88]: Skip loaded file: file:///home/astor/neovim/nvim/addons/formatter.nvim/lua/formatter/defaults/jsbeautify.lua
[01:01:52.633][info] [#0:script/workspace/loading.lua:88]: Skip loaded file: file:///home/astor/neovim/nvim/addons/formatter.nvim/lua/formatter/defaults/stylish_haskell.lua
[01:01:52.634][info] [#0:script/workspace/loading.lua:88]: Skip loaded file: file:///home/astor/neovim/nvim/addons/formatter.nvim/lua/formatter/defaults/php_cs_fixer.lua
[01:01:52.634][info] [#0:script/workspace/loading.lua:88]: Skip loaded file: file:///home/astor/neovim/nvim/addons/formatter.nvim/lua/formatter/defaults/biome.lua
[01:01:52.634][info] [#0:script/workspace/loading.lua:88]: Skip loaded file: file:///home/astor/neovim/nvim/addons/formatter.nvim/lua/formatter/defaults/nixpkgs_fmt.lua
[01:01:52.634][info] [#0:script/workspace/loading.lua:88]: Skip loaded file: file:///home/astor/neovim/nvim/addons/formatter.nvim/lua/formatter/defaults/semistandard.lua
[01:01:52.634][info] [#0:script/workspace/loading.lua:88]: Skip loaded file: file:///home/astor/neovim/nvim/addons/formatter.nvim/lua/formatter/defaults/xmlformat.lua
[01:01:52.634][info] [#0:script/workspace/loading.lua:88]: Skip loaded file: file:///home/astor/neovim/nvim/addons/formatter.nvim/lua/formatter/defaults/nixfmt.lua
[01:01:52.634][info] [#0:script/workspace/loading.lua:88]: Skip loaded file: file:///home/astor/neovim/nvim/addons/formatter.nvim/lua/formatter/defaults/phpcbf.lua
[01:01:52.634][info] [#0:script/workspace/loading.lua:88]: Skip loaded file: file:///home/astor/neovim/nvim/addons/formatter.nvim/lua/formatter/defaults/fourmolu.lua
[01:01:52.635][info] [#0:script/workspace/loading.lua:88]: Skip loaded file: file:///home/astor/neovim/nvim/addons/formatter.nvim/lua/formatter/defaults/ktlint.lua
[01:01:52.635][info] [#0:script/workspace/loading.lua:88]: Skip loaded file: file:///home/astor/neovim/nvim/addons/formatter.nvim/lua/formatter/defaults/perltidy.lua
[01:01:52.635][info] [#0:script/workspace/loading.lua:88]: Skip loaded file: file:///home/astor/neovim/nvim/addons/formatter.nvim/lua/formatter/defaults/mixformat.lua
[01:01:52.635][info] [#0:script/workspace/loading.lua:88]: Skip loaded file: file:///home/astor/neovim/nvim/addons/formatter.nvim/lua/formatter/defaults/astyle.lua
[01:01:52.635][info] [#0:script/workspace/loading.lua:88]: Skip loaded file: file:///home/astor/neovim/nvim/addons/formatter.nvim/lua/formatter/defaults/prettierd.lua
[01:01:52.635][info] [#0:script/workspace/loading.lua:88]: Skip loaded file: file:///home/astor/neovim/nvim/addons/formatter.nvim/lua/formatter/defaults/uncrustify.lua
[01:01:52.635][info] [#0:script/workspace/loading.lua:88]: Skip loaded file: file:///home/astor/neovim/nvim/addons/formatter.nvim/lua/formatter/defaults/tsfmt.lua
[01:01:52.635][info] [#0:script/workspace/loading.lua:88]: Skip loaded file: file:///home/astor/neovim/nvim/addons/formatter.nvim/lua/formatter/defaults/ocamlformat.lua
[01:01:52.636][info] [#0:script/workspace/loading.lua:88]: Skip loaded file: file:///home/astor/neovim/nvim/addons/formatter.nvim/lua/formatter/defaults/standard.lua
[01:01:52.636][info] [#0:script/workspace/loading.lua:88]: Skip loaded file: file:///home/astor/neovim/nvim/addons/formatter.nvim/lua/formatter/defaults/htmlbeautifier.lua
[01:01:52.636][info] [#0:script/workspace/loading.lua:88]: Skip loaded file: file:///home/astor/neovim/nvim/addons/formatter.nvim/lua/formatter/defaults/denofmt.lua
[01:01:52.636][info] [#0:script/workspace/loading.lua:88]: Skip loaded file: file:///home/astor/neovim/nvim/addons/formatter.nvim/lua/formatter/defaults/eslint_d.lua
[01:01:52.636][info] [#0:script/workspace/loading.lua:88]: Skip loaded file: file:///home/astor/neovim/nvim/addons/formatter.nvim/lua/formatter/defaults/ormolu.lua
[01:01:52.636][info] [#0:script/workspace/loading.lua:88]: Skip loaded file: file:///home/astor/neovim/nvim/addons/formatter.nvim/lua/formatter/defaults/djlint.lua
[01:01:52.636][info] [#0:script/workspace/loading.lua:88]: Skip loaded file: file:///home/astor/neovim/nvim/addons/formatter.nvim/lua/formatter/defaults/clangformat.lua
[01:01:52.637][info] [#0:script/workspace/loading.lua:88]: Skip loaded file: file:///home/astor/neovim/nvim/addons/formatter.nvim/lua/formatter/defaults/alejandra.lua
[01:01:52.637][info] [#0:script/workspace/loading.lua:88]: Skip loaded file: file:///home/astor/neovim/nvim/addons/formatter.nvim/lua/formatter/defaults/esformatter.lua
[01:01:52.637][info] [#0:script/workspace/loading.lua:88]: Skip loaded file: file:///home/astor/neovim/nvim/addons/formatter.nvim/lua/formatter/defaults/sed.lua
[01:01:52.637][info] [#0:script/workspace/loading.lua:88]: Skip loaded file: file:///home/astor/neovim/nvim/addons/formatter.nvim/lua/formatter/defaults/init.lua
[01:01:52.637][info] [#0:script/workspace/loading.lua:88]: Skip loaded file: file:///home/astor/neovim/nvim/addons/formatter.nvim/lua/formatter/defaults/prettier.lua
[01:01:52.637][info] [#0:script/workspace/loading.lua:88]: Skip loaded file: file:///home/astor/neovim/nvim/addons/formatter.nvim/lua/formatter/log.lua
[01:01:52.637][info] [#0:script/workspace/loading.lua:88]: Skip loaded file: file:///home/astor/neovim/nvim/addons/formatter.nvim/lua/formatter/config.lua
[01:01:52.637][info] [#0:script/workspace/loading.lua:88]: Skip loaded file: file:///home/astor/neovim/nvim/addons/formatter.nvim/lua/formatter/util.lua
[01:01:52.638][info] [#0:script/workspace/loading.lua:88]: Skip loaded file: file:///home/astor/neovim/nvim/addons/formatter.nvim/lua/formatter/tempfile.lua
[01:01:52.638][info] [#0:script/workspace/loading.lua:88]: Skip loaded file: file:///home/astor/neovim/nvim/addons/formatter.nvim/lua/formatter/format.lua
[01:01:52.638][info] [#0:script/workspace/loading.lua:88]: Skip loaded file: file:///home/astor/neovim/nvim/addons/formatter.nvim/lua/formatter/filetypes/nim.lua
[01:01:52.638][info] [#0:script/workspace/loading.lua:88]: Skip loaded file: file:///home/astor/neovim/nvim/addons/formatter.nvim/lua/formatter/filetypes/vue.lua
[01:01:52.638][info] [#0:script/workspace/loading.lua:88]: Skip loaded file: file:///home/astor/neovim/nvim/addons/formatter.nvim/lua/formatter/filetypes/c.lua
[01:01:52.638][info] [#0:script/workspace/loading.lua:88]: Skip loaded file: file:///home/astor/neovim/nvim/addons/formatter.nvim/lua/formatter/filetypes/python.lua
[01:01:52.638][info] [#0:script/workspace/loading.lua:88]: Skip loaded file: file:///home/astor/neovim/nvim/addons/formatter.nvim/lua/formatter/filetypes/elixir.lua
[01:01:52.638][info] [#0:script/workspace/loading.lua:88]: Skip loaded file: file:///home/astor/neovim/nvim/addons/formatter.nvim/lua/formatter/filetypes/perl.lua
[01:01:52.639][info] [#0:script/workspace/loading.lua:88]: Skip loaded file: file:///home/astor/neovim/nvim/addons/formatter.nvim/lua/formatter/filetypes/zsh.lua
[01:01:52.639][info] [#0:script/workspace/loading.lua:88]: Skip loaded file: file:///home/astor/neovim/nvim/addons/formatter.nvim/lua/formatter/filetypes/twig.lua
[01:01:52.639][info] [#0:script/workspace/loading.lua:88]: Skip loaded file: file:///home/astor/neovim/nvim/addons/formatter.nvim/lua/formatter/filetypes/solidity.lua
[01:01:52.639][info] [#0:script/workspace/loading.lua:88]: Skip loaded file: file:///home/astor/neovim/nvim/addons/formatter.nvim/lua/formatter/filetypes/terraform.lua
[01:01:52.639][info] [#0:script/workspace/loading.lua:88]: Skip loaded file: file:///home/astor/neovim/nvim/addons/formatter.nvim/lua/formatter/filetypes/awk.lua
[01:01:52.639][info] [#0:script/workspace/loading.lua:88]: Skip loaded file: file:///home/astor/neovim/nvim/addons/formatter.nvim/lua/formatter/filetypes/php.lua
[01:01:52.639][info] [#0:script/workspace/loading.lua:88]: Skip loaded file: file:///home/astor/neovim/nvim/addons/formatter.nvim/lua/formatter/filetypes/java.lua
[01:01:52.639][info] [#0:script/workspace/loading.lua:88]: Skip loaded file: file:///home/astor/neovim/nvim/addons/formatter.nvim/lua/formatter/filetypes/templ.lua
[01:01:52.640][info] [#0:script/workspace/loading.lua:88]: Skip loaded file: file:///home/astor/neovim/nvim/addons/formatter.nvim/lua/formatter/filetypes/kotlin.lua
[01:01:52.640][info] [#0:script/workspace/loading.lua:88]: Skip loaded file: file:///home/astor/neovim/nvim/addons/formatter.nvim/lua/formatter/filetypes/cpp.lua
[01:01:52.640][info] [#0:script/workspace/loading.lua:88]: Skip loaded file: file:///home/astor/neovim/nvim/addons/formatter.nvim/lua/formatter/filetypes/r.lua
[01:01:52.640][info] [#0:script/workspace/loading.lua:88]: Skip loaded file: file:///home/astor/neovim/nvim/addons/formatter.nvim/lua/formatter/filetypes/nix.lua
[01:01:52.640][info] [#0:script/workspace/loading.lua:88]: Skip loaded file: file:///home/astor/neovim/nvim/addons/formatter.nvim/lua/formatter/filetypes/toml.lua
[01:01:52.640][info] [#0:script/workspace/loading.lua:88]: Skip loaded file: file:///home/astor/neovim/nvim/addons/formatter.nvim/lua/formatter/filetypes/latex.lua
[01:01:52.640][info] [#0:script/workspace/loading.lua:88]: Skip loaded file: file:///home/astor/neovim/nvim/addons/formatter.nvim/lua/formatter/filetypes/proto.lua
[01:01:52.640][info] [#0:script/workspace/loading.lua:88]: Skip loaded file: file:///home/astor/neovim/nvim/addons/formatter.nvim/lua/formatter/filetypes/json.lua
[01:01:52.641][info] [#0:script/workspace/loading.lua:88]: Skip loaded file: file:///home/astor/neovim/nvim/addons/formatter.nvim/lua/formatter/filetypes/markdown.lua
[01:01:52.641][info] [#0:script/workspace/loading.lua:88]: Skip loaded file: file:///home/astor/neovim/nvim/addons/formatter.nvim/lua/formatter/filetypes/css.lua
[01:01:52.641][info] [#0:script/workspace/loading.lua:88]: Skip loaded file: file:///home/astor/neovim/nvim/addons/formatter.nvim/lua/formatter/filetypes/graphql.lua
[01:01:52.641][info] [#0:script/workspace/loading.lua:88]: Skip loaded file: file:///home/astor/neovim/nvim/addons/formatter.nvim/lua/formatter/filetypes/lua.lua
[01:01:52.641][info] [#0:script/workspace/loading.lua:88]: Skip loaded file: file:///home/astor/neovim/nvim/addons/formatter.nvim/lua/formatter/filetypes/cs.lua
[01:01:52.641][info] [#0:script/workspace/loading.lua:88]: Skip loaded file: file:///home/astor/neovim/nvim/addons/formatter.nvim/lua/formatter/filetypes/typescript.lua
[01:01:52.641][info] [#0:script/workspace/loading.lua:88]: Skip loaded file: file:///home/astor/neovim/nvim/addons/formatter.nvim/lua/formatter/filetypes/sql.lua
[01:01:52.641][info] [#0:script/workspace/loading.lua:88]: Skip loaded file: file:///home/astor/neovim/nvim/addons/formatter.nvim/lua/formatter/filetypes/go.lua
[01:01:52.642][info] [#0:script/workspace/loading.lua:88]: Skip loaded file: file:///home/astor/neovim/nvim/addons/formatter.nvim/lua/formatter/filetypes/xml.lua
[01:01:52.642][info] [#0:script/workspace/loading.lua:88]: Skip loaded file: file:///home/astor/neovim/nvim/addons/formatter.nvim/lua/formatter/filetypes/eruby.lua
[01:01:52.642][info] [#0:script/workspace/loading.lua:88]: Skip loaded file: file:///home/astor/neovim/nvim/addons/formatter.nvim/lua/formatter/filetypes/javascriptreact.lua
[01:01:52.642][info] [#0:script/workspace/loading.lua:88]: Skip loaded file: file:///home/astor/neovim/nvim/addons/formatter.nvim/lua/formatter/filetypes/dart.lua
[01:01:52.642][info] [#0:script/workspace/loading.lua:88]: Skip loaded file: file:///home/astor/neovim/nvim/addons/formatter.nvim/lua/formatter/filetypes/fish.lua
[01:01:52.642][info] [#0:script/workspace/loading.lua:88]: Skip loaded file: file:///home/astor/neovim/nvim/addons/formatter.nvim/lua/formatter/filetypes/sh.lua
[01:01:52.642][info] [#0:script/workspace/loading.lua:88]: Skip loaded file: file:///home/astor/neovim/nvim/addons/formatter.nvim/lua/formatter/filetypes/xhtml.lua
[01:01:52.642][info] [#0:script/workspace/loading.lua:88]: Skip loaded file: file:///home/astor/neovim/nvim/addons/formatter.nvim/lua/formatter/filetypes/any.lua
[01:01:52.643][info] [#0:script/workspace/loading.lua:88]: Skip loaded file: file:///home/astor/neovim/nvim/addons/formatter.nvim/lua/formatter/filetypes/cmake.lua
[01:01:52.643][info] [#0:script/workspace/loading.lua:88]: Skip loaded file: file:///home/astor/neovim/nvim/addons/formatter.nvim/lua/formatter/filetypes/liquidsoap.lua
[01:01:52.643][info] [#0:script/workspace/loading.lua:88]: Skip loaded file: file:///home/astor/neovim/nvim/addons/formatter.nvim/lua/formatter/filetypes/haskell.lua
[01:01:52.643][info] [#0:script/workspace/loading.lua:88]: Skip loaded file: file:///home/astor/neovim/nvim/addons/formatter.nvim/lua/formatter/filetypes/javascript.lua
[01:01:52.643][info] [#0:script/workspace/loading.lua:88]: Skip loaded file: file:///home/astor/neovim/nvim/addons/formatter.nvim/lua/formatter/filetypes/zig.lua
[01:01:52.643][info] [#0:script/workspace/loading.lua:88]: Skip loaded file: file:///home/astor/neovim/nvim/addons/formatter.nvim/lua/formatter/filetypes/typescriptreact.lua
[01:01:52.643][info] [#0:script/workspace/loading.lua:88]: Skip loaded file: file:///home/astor/neovim/nvim/addons/formatter.nvim/lua/formatter/filetypes/crystal.lua
[01:01:52.643][info] [#0:script/workspace/loading.lua:88]: Skip loaded file: file:///home/astor/neovim/nvim/addons/formatter.nvim/lua/formatter/filetypes/ocaml.lua
[01:01:52.644][info] [#0:script/workspace/loading.lua:88]: Skip loaded file: file:///home/astor/neovim/nvim/addons/formatter.nvim/lua/formatter/filetypes/asm.lua
[01:01:52.644][info] [#0:script/workspace/loading.lua:88]: Skip loaded file: file:///home/astor/neovim/nvim/addons/formatter.nvim/lua/formatter/filetypes/tex.lua
[01:01:52.644][info] [#0:script/workspace/loading.lua:88]: Skip loaded file: file:///home/astor/neovim/nvim/addons/formatter.nvim/lua/formatter/filetypes/rust.lua
[01:01:52.644][info] [#0:script/workspace/loading.lua:88]: Skip loaded file: file:///home/astor/neovim/nvim/addons/formatter.nvim/lua/formatter/filetypes/svelte.lua
[01:01:52.644][info] [#0:script/workspace/loading.lua:88]: Skip loaded file: file:///home/astor/neovim/nvim/addons/formatter.nvim/lua/formatter/filetypes/html.lua
[01:01:52.644][info] [#0:script/workspace/loading.lua:88]: Skip loaded file: file:///home/astor/neovim/nvim/addons/formatter.nvim/lua/formatter/filetypes/init.lua
[01:01:52.644][info] [#0:script/workspace/loading.lua:88]: Skip loaded file: file:///home/astor/neovim/nvim/addons/formatter.nvim/lua/formatter/filetypes/yaml.lua
[01:01:52.644][info] [#0:script/workspace/loading.lua:88]: Skip loaded file: file:///home/astor/neovim/nvim/addons/formatter.nvim/lua/formatter/filetypes/ruby.lua
[01:01:52.645][info] [#0:script/workspace/loading.lua:88]: Skip loaded file: file:///home/astor/neovim/nvim/addons/formatter.nvim/lua/formatter/init.lua
[01:01:52.645][info] [#0:script/workspace/loading.lua:88]: Skip loaded file: file:///home/astor/neovim/nvim/addons/neoscroll.nvim/lua/tests/scroll_top_spec.lua
[01:01:52.645][info] [#0:script/workspace/loading.lua:88]: Skip loaded file: file:///home/astor/neovim/nvim/addons/neoscroll.nvim/lua/tests/respect_scrolloff_spec.lua
[01:01:52.645][info] [#0:script/workspace/loading.lua:88]: Skip loaded file: file:///home/astor/neovim/nvim/addons/neoscroll.nvim/lua/tests/time_tol.lua
[01:01:52.645][info] [#0:script/workspace/loading.lua:88]: Skip loaded file: file:///home/astor/neovim/nvim/addons/neoscroll.nvim/lua/tests/scroll_spec.lua
[01:01:52.645][info] [#0:script/workspace/loading.lua:88]: Skip loaded file: file:///home/astor/neovim/nvim/addons/neoscroll.nvim/lua/tests/scroll_window_spec.lua
[01:01:52.645][info] [#0:script/workspace/loading.lua:88]: Skip loaded file: file:///home/astor/neovim/nvim/addons/neoscroll.nvim/lua/tests/stop_eof_spec.lua
[01:01:52.645][info] [#0:script/workspace/loading.lua:88]: Skip loaded file: file:///home/astor/neovim/nvim/addons/neoscroll.nvim/lua/tests/cursor_scrolls_alone_spec.lua
[01:01:52.646][info] [#0:script/workspace/loading.lua:88]: Skip loaded file: file:///home/astor/neovim/nvim/addons/neoscroll.nvim/lua/tests/scroll_bottom_spec.lua
[01:01:52.646][info] [#0:script/workspace/loading.lua:88]: Skip loaded file: file:///home/astor/neovim/nvim/addons/neoscroll.nvim/lua/neoscroll/config.lua
[01:01:52.646][info] [#0:script/workspace/loading.lua:88]: Skip loaded file: file:///home/astor/neovim/nvim/addons/neoscroll.nvim/lua/neoscroll/scroll.lua
[01:01:52.646][info] [#0:script/workspace/loading.lua:88]: Skip loaded file: file:///home/astor/neovim/nvim/addons/neoscroll.nvim/lua/neoscroll/window.lua
[01:01:52.646][info] [#0:script/workspace/loading.lua:88]: Skip loaded file: file:///home/astor/neovim/nvim/addons/neoscroll.nvim/lua/neoscroll/logic.lua
[01:01:52.646][info] [#0:script/workspace/loading.lua:88]: Skip loaded file: file:///home/astor/neovim/nvim/addons/neoscroll.nvim/lua/neoscroll/init.lua
[01:01:52.646][info] [#0:script/workspace/loading.lua:88]: Skip loaded file: file:///home/astor/neovim/nvim/addons/nvim-tree.lua/.github/ISSUE_TEMPLATE/nvt-min.lua
[01:01:52.647][info] [#0:script/workspace/loading.lua:88]: Skip loaded file: file:///home/astor/neovim/nvim/addons/nvim-tree.lua/lua/nvim-tree/api.lua
[01:01:52.647][info] [#0:script/workspace/loading.lua:88]: Skip loaded file: file:///home/astor/neovim/nvim/addons/nvim-tree.lua/lua/nvim-tree/legacy.lua
[01:01:52.647][info] [#0:script/workspace/loading.lua:88]: Skip loaded file: file:///home/astor/neovim/nvim/addons/nvim-tree.lua/lua/nvim-tree/buffers.lua
[01:01:52.647][info] [#0:script/workspace/loading.lua:88]: Skip loaded file: file:///home/astor/neovim/nvim/addons/nvim-tree.lua/lua/nvim-tree/lib.lua
[01:01:52.647][info] [#0:script/workspace/loading.lua:88]: Skip loaded file: file:///home/astor/neovim/nvim/addons/nvim-tree.lua/lua/nvim-tree/log.lua
[01:01:52.647][info] [#0:script/workspace/loading.lua:88]: Skip loaded file: file:///home/astor/neovim/nvim/addons/nvim-tree.lua/lua/nvim-tree/notify.lua
[01:01:52.647][info] [#0:script/workspace/loading.lua:88]: Skip loaded file: file:///home/astor/neovim/nvim/addons/nvim-tree.lua/lua/nvim-tree/diagnostics.lua
[01:01:52.647][info] [#0:script/workspace/loading.lua:88]: Skip loaded file: file:///home/astor/neovim/nvim/addons/nvim-tree.lua/lua/nvim-tree/_meta/api.lua
[01:01:52.648][info] [#0:script/workspace/loading.lua:88]: Skip loaded file: file:///home/astor/neovim/nvim/addons/nvim-tree.lua/lua/nvim-tree/_meta/api_decorator.lua
[01:01:52.648][info] [#0:script/workspace/loading.lua:88]: Skip loaded file: file:///home/astor/neovim/nvim/addons/nvim-tree.lua/lua/nvim-tree/node/directory.lua
[01:01:52.648][info] [#0:script/workspace/loading.lua:88]: Skip loaded file: file:///home/astor/neovim/nvim/addons/nvim-tree.lua/lua/nvim-tree/node/file-link.lua
[01:01:52.648][info] [#0:script/workspace/loading.lua:88]: Skip loaded file: file:///home/astor/neovim/nvim/addons/nvim-tree.lua/lua/nvim-tree/node/root.lua
[01:01:52.648][info] [#0:script/workspace/loading.lua:88]: Skip loaded file: file:///home/astor/neovim/nvim/addons/nvim-tree.lua/lua/nvim-tree/node/directory-link.lua
[01:01:52.648][info] [#0:script/workspace/loading.lua:88]: Skip loaded file: file:///home/astor/neovim/nvim/addons/nvim-tree.lua/lua/nvim-tree/node/file.lua
[01:01:52.648][info] [#0:script/workspace/loading.lua:88]: Skip loaded file: file:///home/astor/neovim/nvim/addons/nvim-tree.lua/lua/nvim-tree/node/link.lua
[01:01:52.649][info] [#0:script/workspace/loading.lua:88]: Skip loaded file: file:///home/astor/neovim/nvim/addons/nvim-tree.lua/lua/nvim-tree/node/factory.lua
[01:01:52.649][info] [#0:script/workspace/loading.lua:88]: Skip loaded file: file:///home/astor/neovim/nvim/addons/nvim-tree.lua/lua/nvim-tree/node/init.lua
[01:01:52.649][info] [#0:script/workspace/loading.lua:88]: Skip loaded file: file:///home/astor/neovim/nvim/addons/nvim-tree.lua/lua/nvim-tree/git/utils.lua
[01:01:52.649][info] [#0:script/workspace/loading.lua:88]: Skip loaded file: file:///home/astor/neovim/nvim/addons/nvim-tree.lua/lua/nvim-tree/git/init.lua
[01:01:52.649][info] [#0:script/workspace/loading.lua:88]: Skip loaded file: file:///home/astor/neovim/nvim/addons/nvim-tree.lua/lua/nvim-tree/git/runner.lua
[01:01:52.649][info] [#0:script/workspace/loading.lua:88]: Skip loaded file: file:///home/astor/neovim/nvim/addons/nvim-tree.lua/lua/nvim-tree/renderer/builder.lua
[01:01:52.649][info] [#0:script/workspace/loading.lua:88]: Skip loaded file: file:///home/astor/neovim/nvim/addons/nvim-tree.lua/lua/nvim-tree/renderer/decorator/copied.lua
[01:01:52.649][info] [#0:script/workspace/loading.lua:88]: Skip loaded file: file:///home/astor/neovim/nvim/addons/nvim-tree.lua/lua/nvim-tree/renderer/decorator/git.lua
[01:01:52.650][info] [#0:script/workspace/loading.lua:88]: Skip loaded file: file:///home/astor/neovim/nvim/addons/nvim-tree.lua/lua/nvim-tree/renderer/decorator/diagnostics.lua
[01:01:52.650][info] [#0:script/workspace/loading.lua:88]: Skip loaded file: file:///home/astor/neovim/nvim/addons/nvim-tree.lua/lua/nvim-tree/renderer/decorator/modified.lua
[01:01:52.650][info] [#0:script/workspace/loading.lua:88]: Skip loaded file: file:///home/astor/neovim/nvim/addons/nvim-tree.lua/lua/nvim-tree/renderer/decorator/user.lua
[01:01:52.650][info] [#0:script/workspace/loading.lua:88]: Skip loaded file: file:///home/astor/neovim/nvim/addons/nvim-tree.lua/lua/nvim-tree/renderer/decorator/opened.lua
[01:01:52.650][info] [#0:script/workspace/loading.lua:88]: Skip loaded file: file:///home/astor/neovim/nvim/addons/nvim-tree.lua/lua/nvim-tree/renderer/decorator/cut.lua
[01:01:52.650][info] [#0:script/workspace/loading.lua:88]: Skip loaded file: file:///home/astor/neovim/nvim/addons/nvim-tree.lua/lua/nvim-tree/renderer/decorator/bookmarks.lua
[01:01:52.650][info] [#0:script/workspace/loading.lua:88]: Skip loaded file: file:///home/astor/neovim/nvim/addons/nvim-tree.lua/lua/nvim-tree/renderer/decorator/hidden.lua
[01:01:52.651][info] [#0:script/workspace/loading.lua:88]: Skip loaded file: file:///home/astor/neovim/nvim/addons/nvim-tree.lua/lua/nvim-tree/renderer/decorator/init.lua
[01:01:52.651][info] [#0:script/workspace/loading.lua:88]: Skip loaded file: file:///home/astor/neovim/nvim/addons/nvim-tree.lua/lua/nvim-tree/renderer/components/devicons.lua
[01:01:52.651][info] [#0:script/workspace/loading.lua:88]: Skip loaded file: file:///home/astor/neovim/nvim/addons/nvim-tree.lua/lua/nvim-tree/renderer/components/padding.lua
[01:01:52.651][info] [#0:script/workspace/loading.lua:88]: Skip loaded file: file:///home/astor/neovim/nvim/addons/nvim-tree.lua/lua/nvim-tree/renderer/components/full-name.lua
[01:01:52.651][info] [#0:script/workspace/loading.lua:88]: Skip loaded file: file:///home/astor/neovim/nvim/addons/nvim-tree.lua/lua/nvim-tree/renderer/components/init.lua
[01:01:52.651][info] [#0:script/workspace/loading.lua:88]: Skip loaded file: file:///home/astor/neovim/nvim/addons/nvim-tree.lua/lua/nvim-tree/renderer/init.lua
[01:01:52.651][info] [#0:script/workspace/loading.lua:88]: Skip loaded file: file:///home/astor/neovim/nvim/addons/nvim-tree.lua/lua/nvim-tree/core.lua
[01:01:52.651][info] [#0:script/workspace/loading.lua:88]: Skip loaded file: file:///home/astor/neovim/nvim/addons/nvim-tree.lua/lua/nvim-tree/explorer/filters.lua
[01:01:52.652][info] [#0:script/workspace/loading.lua:88]: Skip loaded file: file:///home/astor/neovim/nvim/addons/nvim-tree.lua/lua/nvim-tree/explorer/watch.lua
[01:01:52.652][info] [#0:script/workspace/loading.lua:88]: Skip loaded file: file:///home/astor/neovim/nvim/addons/nvim-tree.lua/lua/nvim-tree/explorer/live-filter.lua
[01:01:52.652][info] [#0:script/workspace/loading.lua:88]: Skip loaded file: file:///home/astor/neovim/nvim/addons/nvim-tree.lua/lua/nvim-tree/explorer/sorter.lua
[01:01:52.652][info] [#0:script/workspace/loading.lua:88]: Skip loaded file: file:///home/astor/neovim/nvim/addons/nvim-tree.lua/lua/nvim-tree/explorer/init.lua
[01:01:52.652][info] [#0:script/workspace/loading.lua:88]: Skip loaded file: file:///home/astor/neovim/nvim/addons/nvim-tree.lua/lua/nvim-tree/watcher.lua
[01:01:52.652][info] [#0:script/workspace/loading.lua:88]: Skip loaded file: file:///home/astor/neovim/nvim/addons/nvim-tree.lua/lua/nvim-tree/utils.lua
[01:01:52.652][info] [#0:script/workspace/loading.lua:88]: Skip loaded file: file:///home/astor/neovim/nvim/addons/nvim-tree.lua/lua/nvim-tree/events.lua
[01:01:52.652][info] [#0:script/workspace/loading.lua:88]: Skip loaded file: file:///home/astor/neovim/nvim/addons/nvim-tree.lua/lua/nvim-tree/keymap.lua
[01:01:52.653][info] [#0:script/workspace/loading.lua:88]: Skip loaded file: file:///home/astor/neovim/nvim/addons/nvim-tree.lua/lua/nvim-tree/help.lua
[01:01:52.653][info] [#0:script/workspace/loading.lua:88]: Skip loaded file: file:///home/astor/neovim/nvim/addons/nvim-tree.lua/lua/nvim-tree/commands.lua
[01:01:52.653][info] [#0:script/workspace/loading.lua:88]: Skip loaded file: file:///home/astor/neovim/nvim/addons/nvim-tree.lua/lua/nvim-tree/iterators/node-iterator.lua
[01:01:52.653][info] [#0:script/workspace/loading.lua:88]: Skip loaded file: file:///home/astor/neovim/nvim/addons/nvim-tree.lua/lua/nvim-tree/appearance/hi-test.lua
[01:01:52.653][info] [#0:script/workspace/loading.lua:88]: Skip loaded file: file:///home/astor/neovim/nvim/addons/nvim-tree.lua/lua/nvim-tree/appearance/init.lua
[01:01:52.653][info] [#0:script/workspace/loading.lua:88]: Skip loaded file: file:///home/astor/neovim/nvim/addons/nvim-tree.lua/lua/nvim-tree/actions/tree/resize.lua
[01:01:52.653][info] [#0:script/workspace/loading.lua:88]: Skip loaded file: file:///home/astor/neovim/nvim/addons/nvim-tree.lua/lua/nvim-tree/actions/tree/modifiers/expand.lua
[01:01:52.653][info] [#0:script/workspace/loading.lua:88]: Skip loaded file: file:///home/astor/neovim/nvim/addons/nvim-tree.lua/lua/nvim-tree/actions/tree/modifiers/collapse.lua
[01:01:52.654][info] [#0:script/workspace/loading.lua:88]: Skip loaded file: file:///home/astor/neovim/nvim/addons/nvim-tree.lua/lua/nvim-tree/actions/tree/modifiers/init.lua
[01:01:52.654][info] [#0:script/workspace/loading.lua:88]: Skip loaded file: file:///home/astor/neovim/nvim/addons/nvim-tree.lua/lua/nvim-tree/actions/tree/open.lua
[01:01:52.654][info] [#0:script/workspace/loading.lua:88]: Skip loaded file: file:///home/astor/neovim/nvim/addons/nvim-tree.lua/lua/nvim-tree/actions/tree/toggle.lua
[01:01:52.654][info] [#0:script/workspace/loading.lua:88]: Skip loaded file: file:///home/astor/neovim/nvim/addons/nvim-tree.lua/lua/nvim-tree/actions/tree/find-file.lua
[01:01:52.654][info] [#0:script/workspace/loading.lua:88]: Skip loaded file: file:///home/astor/neovim/nvim/addons/nvim-tree.lua/lua/nvim-tree/actions/tree/init.lua
[01:01:52.654][info] [#0:script/workspace/loading.lua:88]: Skip loaded file: file:///home/astor/neovim/nvim/addons/nvim-tree.lua/lua/nvim-tree/actions/fs/remove-file.lua
[01:01:52.654][info] [#0:script/workspace/loading.lua:88]: Skip loaded file: file:///home/astor/neovim/nvim/addons/nvim-tree.lua/lua/nvim-tree/actions/fs/clipboard.lua
[01:01:52.654][info] [#0:script/workspace/loading.lua:88]: Skip loaded file: file:///home/astor/neovim/nvim/addons/nvim-tree.lua/lua/nvim-tree/actions/fs/trash.lua
[01:01:52.655][info] [#0:script/workspace/loading.lua:88]: Skip loaded file: file:///home/astor/neovim/nvim/addons/nvim-tree.lua/lua/nvim-tree/actions/fs/rename-file.lua
[01:01:52.655][info] [#0:script/workspace/loading.lua:88]: Skip loaded file: file:///home/astor/neovim/nvim/addons/nvim-tree.lua/lua/nvim-tree/actions/fs/create-file.lua
[01:01:52.655][info] [#0:script/workspace/loading.lua:88]: Skip loaded file: file:///home/astor/neovim/nvim/addons/nvim-tree.lua/lua/nvim-tree/actions/fs/init.lua
[01:01:52.655][info] [#0:script/workspace/loading.lua:88]: Skip loaded file: file:///home/astor/neovim/nvim/addons/nvim-tree.lua/lua/nvim-tree/actions/finders/search-node.lua
[01:01:52.655][info] [#0:script/workspace/loading.lua:88]: Skip loaded file: file:///home/astor/neovim/nvim/addons/nvim-tree.lua/lua/nvim-tree/actions/finders/find-file.lua
[01:01:52.655][info] [#0:script/workspace/loading.lua:88]: Skip loaded file: file:///home/astor/neovim/nvim/addons/nvim-tree.lua/lua/nvim-tree/actions/finders/init.lua
[01:01:52.655][info] [#0:script/workspace/loading.lua:88]: Skip loaded file: file:///home/astor/neovim/nvim/addons/nvim-tree.lua/lua/nvim-tree/actions/node/file-popup.lua
[01:01:52.655][info] [#0:script/workspace/loading.lua:88]: Skip loaded file: file:///home/astor/neovim/nvim/addons/nvim-tree.lua/lua/nvim-tree/actions/node/buffer.lua
[01:01:52.656][info] [#0:script/workspace/loading.lua:88]: Skip loaded file: file:///home/astor/neovim/nvim/addons/nvim-tree.lua/lua/nvim-tree/actions/node/open-file.lua
[01:01:52.656][info] [#0:script/workspace/loading.lua:88]: Skip loaded file: file:///home/astor/neovim/nvim/addons/nvim-tree.lua/lua/nvim-tree/actions/node/run-command.lua
[01:01:52.656][info] [#0:script/workspace/loading.lua:88]: Skip loaded file: file:///home/astor/neovim/nvim/addons/nvim-tree.lua/lua/nvim-tree/actions/node/system-open.lua
[01:01:52.656][info] [#0:script/workspace/loading.lua:88]: Skip loaded file: file:///home/astor/neovim/nvim/addons/nvim-tree.lua/lua/nvim-tree/actions/node/init.lua
[01:01:52.656][info] [#0:script/workspace/loading.lua:88]: Skip loaded file: file:///home/astor/neovim/nvim/addons/nvim-tree.lua/lua/nvim-tree/actions/root/change-dir.lua
[01:01:52.656][info] [#0:script/workspace/loading.lua:88]: Skip loaded file: file:///home/astor/neovim/nvim/addons/nvim-tree.lua/lua/nvim-tree/actions/root/dir-up.lua
[01:01:52.656][info] [#0:script/workspace/loading.lua:88]: Skip loaded file: file:///home/astor/neovim/nvim/addons/nvim-tree.lua/lua/nvim-tree/actions/root/init.lua
[01:01:52.656][info] [#0:script/workspace/loading.lua:88]: Skip loaded file: file:///home/astor/neovim/nvim/addons/nvim-tree.lua/lua/nvim-tree/actions/moves/sibling.lua
[01:01:52.657][info] [#0:script/workspace/loading.lua:88]: Skip loaded file: file:///home/astor/neovim/nvim/addons/nvim-tree.lua/lua/nvim-tree/actions/moves/item.lua
[01:01:52.657][info] [#0:script/workspace/loading.lua:88]: Skip loaded file: file:///home/astor/neovim/nvim/addons/nvim-tree.lua/lua/nvim-tree/actions/moves/parent.lua
[01:01:52.657][info] [#0:script/workspace/loading.lua:88]: Skip loaded file: file:///home/astor/neovim/nvim/addons/nvim-tree.lua/lua/nvim-tree/actions/moves/init.lua
[01:01:52.657][info] [#0:script/workspace/loading.lua:88]: Skip loaded file: file:///home/astor/neovim/nvim/addons/nvim-tree.lua/lua/nvim-tree/actions/init.lua
[01:01:52.657][info] [#0:script/workspace/loading.lua:88]: Skip loaded file: file:///home/astor/neovim/nvim/addons/nvim-tree.lua/lua/nvim-tree/marks/init.lua
[01:01:52.657][info] [#0:script/workspace/loading.lua:88]: Skip loaded file: file:///home/astor/neovim/nvim/addons/nvim-tree.lua/lua/nvim-tree/classic.lua
[01:01:52.657][info] [#0:script/workspace/loading.lua:88]: Skip loaded file: file:///home/astor/neovim/nvim/addons/nvim-tree.lua/lua/nvim-tree/enum.lua
[01:01:52.657][info] [#0:script/workspace/loading.lua:88]: Skip loaded file: file:///home/astor/neovim/nvim/addons/nvim-tree.lua/lua/nvim-tree/view.lua
[01:01:52.658][info] [#0:script/workspace/loading.lua:88]: Skip loaded file: file:///home/astor/neovim/nvim/addons/nvim-tree.lua/lua/nvim-tree.lua
[01:01:52.658][info] [#0:script/workspace/loading.lua:88]: Skip loaded file: file:///home/astor/neovim/nvim/addons/gitsigns.nvim/plugin/gitsigns.lua
[01:01:52.658][info] [#0:script/workspace/loading.lua:88]: Skip loaded file: file:///home/astor/neovim/nvim/addons/gitsigns.nvim/gen_help.lua
[01:01:52.658][info] [#0:script/workspace/loading.lua:88]: Skip loaded file: file:///home/astor/neovim/nvim/addons/gitsigns.nvim/test/gs_helpers.lua
[01:01:52.658][info] [#0:script/workspace/loading.lua:88]: Skip loaded file: file:///home/astor/neovim/nvim/addons/gitsigns.nvim/test/highlights_spec.lua
[01:01:52.658][info] [#0:script/workspace/loading.lua:88]: Skip loaded file: file:///home/astor/neovim/nvim/addons/gitsigns.nvim/test/gitsigns_spec.lua
[01:01:52.658][info] [#0:script/workspace/loading.lua:88]: Skip loaded file: file:///home/astor/neovim/nvim/addons/gitsigns.nvim/test/actions_spec.lua
[01:01:52.658][info] [#0:script/workspace/loading.lua:88]: Skip loaded file: file:///home/astor/neovim/nvim/addons/gitsigns.nvim/test/hunk_spec.lua
[01:01:52.659][info] [#0:script/workspace/loading.lua:88]: Skip loaded file: file:///home/astor/neovim/nvim/addons/gitsigns.nvim/test/gitdir_watcher_spec.lua
[01:01:52.659][info] [#0:script/workspace/loading.lua:88]: Skip loaded file: file:///home/astor/neovim/nvim/addons/gitsigns.nvim/test/word_diff_spec.lua
[01:01:52.659][info] [#0:script/workspace/loading.lua:88]: Skip loaded file: file:///home/astor/neovim/nvim/addons/gitsigns.nvim/lua/gitsigns/async.lua
[01:01:52.659][info] [#0:script/workspace/loading.lua:88]: Skip loaded file: file:///home/astor/neovim/nvim/addons/gitsigns.nvim/lua/gitsigns/cli/argparse.lua
[01:01:52.659][info] [#0:script/workspace/loading.lua:88]: Skip loaded file: file:///home/astor/neovim/nvim/addons/gitsigns.nvim/lua/gitsigns/diff_ext.lua
[01:01:52.659][info] [#0:script/workspace/loading.lua:88]: Skip loaded file: file:///home/astor/neovim/nvim/addons/gitsigns.nvim/lua/gitsigns/manager.lua
[01:01:52.659][info] [#0:script/workspace/loading.lua:88]: Skip loaded file: file:///home/astor/neovim/nvim/addons/gitsigns.nvim/lua/gitsigns/test.lua
[01:01:52.659][info] [#0:script/workspace/loading.lua:88]: Skip loaded file: file:///home/astor/neovim/nvim/addons/gitsigns.nvim/lua/gitsigns/git.lua
[01:01:52.660][info] [#0:script/workspace/loading.lua:88]: Skip loaded file: file:///home/astor/neovim/nvim/addons/gitsigns.nvim/lua/gitsigns/cli.lua
[01:01:52.660][info] [#0:script/workspace/loading.lua:88]: Skip loaded file: file:///home/astor/neovim/nvim/addons/gitsigns.nvim/lua/gitsigns/debounce.lua
[01:01:52.660][info] [#0:script/workspace/loading.lua:88]: Skip loaded file: file:///home/astor/neovim/nvim/addons/gitsigns.nvim/lua/gitsigns/git/blame.lua
[01:01:52.660][info] [#0:script/workspace/loading.lua:88]: Skip loaded file: file:///home/astor/neovim/nvim/addons/gitsigns.nvim/lua/gitsigns/git/repo.lua
[01:01:52.660][info] [#0:script/workspace/loading.lua:88]: Skip loaded file: file:///home/astor/neovim/nvim/addons/gitsigns.nvim/lua/gitsigns/git/cmd.lua
[01:01:52.660][info] [#0:script/workspace/loading.lua:88]: Skip loaded file: file:///home/astor/neovim/nvim/addons/gitsigns.nvim/lua/gitsigns/git/version.lua
[01:01:52.660][info] [#0:script/workspace/loading.lua:88]: Skip loaded file: file:///home/astor/neovim/nvim/addons/gitsigns.nvim/lua/gitsigns/git/errors.lua
[01:01:52.660][info] [#0:script/workspace/loading.lua:88]: Skip loaded file: file:///home/astor/neovim/nvim/addons/gitsigns.nvim/lua/gitsigns/diff.lua
[01:01:52.661][info] [#0:script/workspace/loading.lua:88]: Skip loaded file: file:///home/astor/neovim/nvim/addons/gitsigns.nvim/lua/gitsigns/gh.lua
[01:01:52.661][info] [#0:script/workspace/loading.lua:88]: Skip loaded file: file:///home/astor/neovim/nvim/addons/gitsigns.nvim/lua/gitsigns/attach.lua
[01:01:52.661][info] [#0:script/workspace/loading.lua:88]: Skip loaded file: file:///home/astor/neovim/nvim/addons/gitsigns.nvim/lua/gitsigns/config.lua
[01:01:52.661][info] [#0:script/workspace/loading.lua:88]: Skip loaded file: file:///home/astor/neovim/nvim/addons/gitsigns.nvim/lua/gitsigns/util.lua
[01:01:52.661][info] [#0:script/workspace/loading.lua:88]: Skip loaded file: file:///home/astor/neovim/nvim/addons/gitsigns.nvim/lua/gitsigns/status.lua
[01:01:52.661][info] [#0:script/workspace/loading.lua:88]: Skip loaded file: file:///home/astor/neovim/nvim/addons/gitsigns.nvim/lua/gitsigns/popup.lua
[01:01:52.661][info] [#0:script/workspace/loading.lua:88]: Skip loaded file: file:///home/astor/neovim/nvim/addons/gitsigns.nvim/lua/gitsigns/system/compat.lua
[01:01:52.661][info] [#0:script/workspace/loading.lua:88]: Skip loaded file: file:///home/astor/neovim/nvim/addons/gitsigns.nvim/lua/gitsigns/cache.lua
[01:01:52.662][info] [#0:script/workspace/loading.lua:88]: Skip loaded file: file:///home/astor/neovim/nvim/addons/gitsigns.nvim/lua/gitsigns/color.lua
[01:01:52.662][info] [#0:script/workspace/loading.lua:88]: Skip loaded file: file:///home/astor/neovim/nvim/addons/gitsigns.nvim/lua/gitsigns/actions/blame_line.lua
[01:01:52.662][info] [#0:script/workspace/loading.lua:88]: Skip loaded file: file:///home/astor/neovim/nvim/addons/gitsigns.nvim/lua/gitsigns/actions/preview.lua
[01:01:52.662][info] [#0:script/workspace/loading.lua:88]: Skip loaded file: file:///home/astor/neovim/nvim/addons/gitsigns.nvim/lua/gitsigns/actions/show_commit.lua
[01:01:52.662][info] [#0:script/workspace/loading.lua:88]: Skip loaded file: file:///home/astor/neovim/nvim/addons/gitsigns.nvim/lua/gitsigns/actions/blame.lua
[01:01:52.662][info] [#0:script/workspace/loading.lua:88]: Skip loaded file: file:///home/astor/neovim/nvim/addons/gitsigns.nvim/lua/gitsigns/actions/diffthis.lua
[01:01:52.662][info] [#0:script/workspace/loading.lua:88]: Skip loaded file: file:///home/astor/neovim/nvim/addons/gitsigns.nvim/lua/gitsigns/actions/nav.lua
[01:01:52.662][info] [#0:script/workspace/loading.lua:88]: Skip loaded file: file:///home/astor/neovim/nvim/addons/gitsigns.nvim/lua/gitsigns/actions/qflist.lua
[01:01:52.663][info] [#0:script/workspace/loading.lua:88]: Skip loaded file: file:///home/astor/neovim/nvim/addons/gitsigns.nvim/lua/gitsigns/diff_int.lua
[01:01:52.663][info] [#0:script/workspace/loading.lua:88]: Skip loaded file: file:///home/astor/neovim/nvim/addons/gitsigns.nvim/lua/gitsigns/system.lua
[01:01:52.663][info] [#0:script/workspace/loading.lua:88]: Skip loaded file: file:///home/astor/neovim/nvim/addons/gitsigns.nvim/lua/gitsigns/highlight.lua
[01:01:52.663][info] [#0:script/workspace/loading.lua:88]: Skip loaded file: file:///home/astor/neovim/nvim/addons/gitsigns.nvim/lua/gitsigns/current_line_blame.lua
[01:01:52.663][info] [#0:script/workspace/loading.lua:88]: Skip loaded file: file:///home/astor/neovim/nvim/addons/gitsigns.nvim/lua/gitsigns/debug/log.lua
[01:01:52.663][info] [#0:script/workspace/loading.lua:88]: Skip loaded file: file:///home/astor/neovim/nvim/addons/gitsigns.nvim/lua/gitsigns/signs.lua
[01:01:52.663][info] [#0:script/workspace/loading.lua:88]: Skip loaded file: file:///home/astor/neovim/nvim/addons/gitsigns.nvim/lua/gitsigns/hunks.lua
[01:01:52.663][info] [#0:script/workspace/loading.lua:88]: Skip loaded file: file:///home/astor/neovim/nvim/addons/gitsigns.nvim/lua/gitsigns/actions.lua
[01:01:52.664][info] [#0:script/workspace/loading.lua:88]: Skip loaded file: file:///home/astor/neovim/nvim/addons/gitsigns.nvim/lua/gitsigns/message.lua
[01:01:52.664][info] [#0:script/workspace/loading.lua:88]: Skip loaded file: file:///home/astor/neovim/nvim/addons/gitsigns.nvim/lua/gitsigns/repeat.lua
[01:01:52.664][info] [#0:script/workspace/loading.lua:88]: Skip loaded file: file:///home/astor/neovim/nvim/addons/gitsigns.nvim/lua/gitsigns/debug.lua
[01:01:52.664][info] [#0:script/workspace/loading.lua:88]: Skip loaded file: file:///home/astor/neovim/nvim/addons/gitsigns.nvim/lua/gitsigns.lua
[01:01:52.664][info] [#0:script/workspace/loading.lua:88]: Skip loaded file: file:///home/astor/neovim/nvim/addons/lualine.nvim/tests/spec/utils_spec.lua
[01:01:52.664][info] [#0:script/workspace/loading.lua:88]: Skip loaded file: file:///home/astor/neovim/nvim/addons/lualine.nvim/tests/spec/lualine_spec.lua
[01:01:52.664][info] [#0:script/workspace/loading.lua:88]: Skip loaded file: file:///home/astor/neovim/nvim/addons/lualine.nvim/tests/spec/config_spec.lua
[01:01:52.665][info] [#0:script/workspace/loading.lua:88]: Skip loaded file: file:///home/astor/neovim/nvim/addons/lualine.nvim/tests/spec/component_spec.lua
[01:01:52.665][info] [#0:script/workspace/loading.lua:88]: Skip loaded file: file:///home/astor/neovim/nvim/addons/lualine.nvim/tests/helpers.lua
[01:01:52.665][info] [#0:script/workspace/loading.lua:88]: Skip loaded file: file:///home/astor/neovim/nvim/addons/lualine.nvim/tests/minimal_init.lua
[01:01:52.665][info] [#0:script/workspace/loading.lua:88]: Skip loaded file: file:///home/astor/neovim/nvim/addons/lualine.nvim/tests/statusline.lua
[01:01:52.665][info] [#0:script/workspace/loading.lua:88]: Skip loaded file: file:///home/astor/neovim/nvim/addons/lualine.nvim/examples/cosmicink.lua
[01:01:52.665][info] [#0:script/workspace/loading.lua:88]: Skip loaded file: file:///home/astor/neovim/nvim/addons/lualine.nvim/examples/slanted-gaps.lua
[01:01:52.665][info] [#0:script/workspace/loading.lua:88]: Skip loaded file: file:///home/astor/neovim/nvim/addons/lualine.nvim/examples/evil_lualine.lua
[01:01:52.665][info] [#0:script/workspace/loading.lua:88]: Skip loaded file: file:///home/astor/neovim/nvim/addons/lualine.nvim/examples/bubbles.lua
[01:01:52.666][info] [#0:script/workspace/loading.lua:88]: Skip loaded file: file:///home/astor/neovim/nvim/addons/lualine.nvim/lua/lualine.lua
[01:01:52.666][info] [#0:script/workspace/loading.lua:88]: Skip loaded file: file:///home/astor/neovim/nvim/addons/lualine.nvim/lua/lualine/extensions/mundo.lua
[01:01:52.666][info] [#0:script/workspace/loading.lua:88]: Skip loaded file: file:///home/astor/neovim/nvim/addons/lualine.nvim/lua/lualine/extensions/nvim-dap-ui.lua
[01:01:52.666][info] [#0:script/workspace/loading.lua:88]: Skip loaded file: file:///home/astor/neovim/nvim/addons/lualine.nvim/lua/lualine/extensions/mason.lua
[01:01:52.666][info] [#0:script/workspace/loading.lua:88]: Skip loaded file: file:///home/astor/neovim/nvim/addons/lualine.nvim/lua/lualine/extensions/oil.lua
[01:01:52.666][info] [#0:script/workspace/loading.lua:88]: Skip loaded file: file:///home/astor/neovim/nvim/addons/lualine.nvim/lua/lualine/extensions/neo-tree.lua
[01:01:52.666][info] [#0:script/workspace/loading.lua:88]: Skip loaded file: file:///home/astor/neovim/nvim/addons/lualine.nvim/lua/lualine/extensions/nvim-tree.lua
[01:01:52.666][info] [#0:script/workspace/loading.lua:88]: Skip loaded file: file:///home/astor/neovim/nvim/addons/lualine.nvim/lua/lualine/extensions/avante.lua
[01:01:52.667][info] [#0:script/workspace/loading.lua:88]: Skip loaded file: file:///home/astor/neovim/nvim/addons/lualine.nvim/lua/lualine/extensions/fern.lua
[01:01:52.667][info] [#0:script/workspace/loading.lua:88]: Skip loaded file: file:///home/astor/neovim/nvim/addons/lualine.nvim/lua/lualine/extensions/lazy.lua
[01:01:52.667][info] [#0:script/workspace/loading.lua:88]: Skip loaded file: file:///home/astor/neovim/nvim/addons/lualine.nvim/lua/lualine/extensions/overseer.lua
[01:01:52.667][info] [#0:script/workspace/loading.lua:88]: Skip loaded file: file:///home/astor/neovim/nvim/addons/lualine.nvim/lua/lualine/extensions/aerial.lua
[01:01:52.667][info] [#0:script/workspace/loading.lua:88]: Skip loaded file: file:///home/astor/neovim/nvim/addons/lualine.nvim/lua/lualine/extensions/man.lua
[01:01:52.667][info] [#0:script/workspace/loading.lua:88]: Skip loaded file: file:///home/astor/neovim/nvim/addons/lualine.nvim/lua/lualine/extensions/quickfix.lua
[01:01:52.667][info] [#0:script/workspace/loading.lua:88]: Skip loaded file: file:///home/astor/neovim/nvim/addons/lualine.nvim/lua/lualine/extensions/symbols-outline.lua
[01:01:52.668][info] [#0:script/workspace/loading.lua:88]: Skip loaded file: file:///home/astor/neovim/nvim/addons/lualine.nvim/lua/lualine/extensions/chadtree.lua
[01:01:52.668][info] [#0:script/workspace/loading.lua:88]: Skip loaded file: file:///home/astor/neovim/nvim/addons/lualine.nvim/lua/lualine/extensions/toggleterm.lua
[01:01:52.668][info] [#0:script/workspace/loading.lua:88]: Skip loaded file: file:///home/astor/neovim/nvim/addons/lualine.nvim/lua/lualine/extensions/fugitive.lua
[01:01:52.668][info] [#0:script/workspace/loading.lua:88]: Skip loaded file: file:///home/astor/neovim/nvim/addons/lualine.nvim/lua/lualine/extensions/fzf.lua
[01:01:52.668][info] [#0:script/workspace/loading.lua:88]: Skip loaded file: file:///home/astor/neovim/nvim/addons/lualine.nvim/lua/lualine/extensions/nerdtree.lua
[01:01:52.668][info] [#0:script/workspace/loading.lua:88]: Skip loaded file: file:///home/astor/neovim/nvim/addons/lualine.nvim/lua/lualine/extensions/assistant.lua
[01:01:52.668][info] [#0:script/workspace/loading.lua:88]: Skip loaded file: file:///home/astor/neovim/nvim/addons/lualine.nvim/lua/lualine/extensions/trouble.lua
[01:01:52.668][info] [#0:script/workspace/loading.lua:88]: Skip loaded file: file:///home/astor/neovim/nvim/addons/lualine.nvim/lua/lualine/extensions/ctrlspace.lua
[01:01:52.669][info] [#0:script/workspace/loading.lua:88]: Skip loaded file: file:///home/astor/neovim/nvim/addons/lualine.nvim/lua/lualine/config.lua
[01:01:52.669][info] [#0:script/workspace/loading.lua:88]: Skip loaded file: file:///home/astor/neovim/nvim/addons/lualine.nvim/lua/lualine/component.lua
[01:01:52.669][info] [#0:script/workspace/loading.lua:88]: Skip loaded file: file:///home/astor/neovim/nvim/addons/lualine.nvim/lua/lualine/highlight.lua
[01:01:52.669][info] [#0:script/workspace/loading.lua:88]: Skip loaded file: file:///home/astor/neovim/nvim/addons/lualine.nvim/lua/lualine/utils/mode.lua
[01:01:52.669][info] [#0:script/workspace/loading.lua:88]: Skip loaded file: file:///home/astor/neovim/nvim/addons/lualine.nvim/lua/lualine/utils/class.lua
[01:01:52.669][info] [#0:script/workspace/loading.lua:88]: Skip loaded file: file:///home/astor/neovim/nvim/addons/lualine.nvim/lua/lualine/utils/section.lua
[01:01:52.669][info] [#0:script/workspace/loading.lua:88]: Skip loaded file: file:///home/astor/neovim/nvim/addons/lualine.nvim/lua/lualine/utils/utils.lua
[01:01:52.669][info] [#0:script/workspace/loading.lua:88]: Skip loaded file: file:///home/astor/neovim/nvim/addons/lualine.nvim/lua/lualine/utils/nvim_opts.lua
[01:01:52.670][info] [#0:script/workspace/loading.lua:88]: Skip loaded file: file:///home/astor/neovim/nvim/addons/lualine.nvim/lua/lualine/utils/notices.lua
[01:01:52.670][info] [#0:script/workspace/loading.lua:88]: Skip loaded file: file:///home/astor/neovim/nvim/addons/lualine.nvim/lua/lualine/utils/color_utils.lua
[01:01:52.670][info] [#0:script/workspace/loading.lua:88]: Skip loaded file: file:///home/astor/neovim/nvim/addons/lualine.nvim/lua/lualine/utils/loader.lua
[01:01:52.670][info] [#0:script/workspace/loading.lua:88]: Skip loaded file: file:///home/astor/neovim/nvim/addons/lualine.nvim/lua/lualine/utils/fn_store.lua
[01:01:52.670][info] [#0:script/workspace/loading.lua:88]: Skip loaded file: file:///home/astor/neovim/nvim/addons/lualine.nvim/lua/lualine/utils/job.lua
[01:01:52.670][info] [#0:script/workspace/loading.lua:88]: Skip loaded file: file:///home/astor/neovim/nvim/addons/lualine.nvim/lua/lualine/components/mode.lua
[01:01:52.670][info] [#0:script/workspace/loading.lua:88]: Skip loaded file: file:///home/astor/neovim/nvim/addons/lualine.nvim/lua/lualine/components/filename.lua
[01:01:52.671][info] [#0:script/workspace/loading.lua:88]: Skip loaded file: file:///home/astor/neovim/nvim/addons/lualine.nvim/lua/lualine/components/encoding.lua
[01:01:52.671][info] [#0:script/workspace/loading.lua:88]: Skip loaded file: file:///home/astor/neovim/nvim/addons/lualine.nvim/lua/lualine/components/diff/git_diff.lua
[01:01:52.671][info] [#0:script/workspace/loading.lua:88]: Skip loaded file: file:///home/astor/neovim/nvim/addons/lualine.nvim/lua/lualine/components/diff/init.lua
[01:01:52.671][info] [#0:script/workspace/loading.lua:88]: Skip loaded file: file:///home/astor/neovim/nvim/addons/lualine.nvim/lua/lualine/components/fileformat.lua
[01:01:52.671][info] [#0:script/workspace/loading.lua:88]: Skip loaded file: file:///home/astor/neovim/nvim/addons/lualine.nvim/lua/lualine/components/progress.lua
[01:01:52.671][info] [#0:script/workspace/loading.lua:88]: Skip loaded file: file:///home/astor/neovim/nvim/addons/lualine.nvim/lua/lualine/components/tabs/tab.lua
[01:01:52.671][info] [#0:script/workspace/loading.lua:88]: Skip loaded file: file:///home/astor/neovim/nvim/addons/lualine.nvim/lua/lualine/components/tabs/init.lua
[01:01:52.671][info] [#0:script/workspace/loading.lua:88]: Skip loaded file: file:///home/astor/neovim/nvim/addons/lualine.nvim/lua/lualine/components/filesize.lua
[01:01:52.672][info] [#0:script/workspace/loading.lua:88]: Skip loaded file: file:///home/astor/neovim/nvim/addons/lualine.nvim/lua/lualine/components/searchcount.lua
[01:01:52.672][info] [#0:script/workspace/loading.lua:88]: Skip loaded file: file:///home/astor/neovim/nvim/addons/lualine.nvim/lua/lualine/components/buffers/buffer.lua
[01:01:52.672][info] [#0:script/workspace/loading.lua:88]: Skip loaded file: file:///home/astor/neovim/nvim/addons/lualine.nvim/lua/lualine/components/buffers/init.lua
[01:01:52.672][info] [#0:script/workspace/loading.lua:88]: Skip loaded file: file:///home/astor/neovim/nvim/addons/lualine.nvim/lua/lualine/components/branch/git_branch.lua
[01:01:52.672][info] [#0:script/workspace/loading.lua:88]: Skip loaded file: file:///home/astor/neovim/nvim/addons/lualine.nvim/lua/lualine/components/branch/init.lua
[01:01:52.672][info] [#0:script/workspace/loading.lua:88]: Skip loaded file: file:///home/astor/neovim/nvim/addons/lualine.nvim/lua/lualine/components/location.lua
[01:01:52.672][info] [#0:script/workspace/loading.lua:88]: Skip loaded file: file:///home/astor/neovim/nvim/addons/lualine.nvim/lua/lualine/components/diagnostics/config.lua
[01:01:52.672][info] [#0:script/workspace/loading.lua:88]: Skip loaded file: file:///home/astor/neovim/nvim/addons/lualine.nvim/lua/lualine/components/diagnostics/sources.lua
[01:01:52.673][info] [#0:script/workspace/loading.lua:88]: Skip loaded file: file:///home/astor/neovim/nvim/addons/lualine.nvim/lua/lualine/components/diagnostics/init.lua
[01:01:52.673][info] [#0:script/workspace/loading.lua:88]: Skip loaded file: file:///home/astor/neovim/nvim/addons/lualine.nvim/lua/lualine/components/datetime.lua
[01:01:52.673][info] [#0:script/workspace/loading.lua:88]: Skip loaded file: file:///home/astor/neovim/nvim/addons/lualine.nvim/lua/lualine/components/filetype.lua
[01:01:52.673][info] [#0:script/workspace/loading.lua:88]: Skip loaded file: file:///home/astor/neovim/nvim/addons/lualine.nvim/lua/lualine/components/special/vim_var_component.lua
[01:01:52.673][info] [#0:script/workspace/loading.lua:88]: Skip loaded file: file:///home/astor/neovim/nvim/addons/lualine.nvim/lua/lualine/components/special/function_component.lua
[01:01:52.673][info] [#0:script/workspace/loading.lua:88]: Skip loaded file: file:///home/astor/neovim/nvim/addons/lualine.nvim/lua/lualine/components/special/eval_func_component.lua
[01:01:52.673][info] [#0:script/workspace/loading.lua:88]: Skip loaded file: file:///home/astor/neovim/nvim/addons/lualine.nvim/lua/lualine/components/lsp_status.lua
[01:01:52.673][info] [#0:script/workspace/loading.lua:88]: Skip loaded file: file:///home/astor/neovim/nvim/addons/lualine.nvim/lua/lualine/components/selectioncount.lua
[01:01:52.674][info] [#0:script/workspace/loading.lua:88]: Skip loaded file: file:///home/astor/neovim/nvim/addons/lualine.nvim/lua/lualine/components/hostname.lua
[01:01:52.674][info] [#0:script/workspace/loading.lua:88]: Skip loaded file: file:///home/astor/neovim/nvim/addons/lualine.nvim/lua/lualine/components/windows/window.lua
[01:01:52.674][info] [#0:script/workspace/loading.lua:88]: Skip loaded file: file:///home/astor/neovim/nvim/addons/lualine.nvim/lua/lualine/components/windows/init.lua
[01:01:52.674][info] [#0:script/workspace/loading.lua:88]: Skip loaded file: file:///home/astor/neovim/nvim/addons/lualine.nvim/lua/lualine/themes/palenight.lua
[01:01:52.674][info] [#0:script/workspace/loading.lua:88]: Skip loaded file: file:///home/astor/neovim/nvim/addons/lualine.nvim/lua/lualine/themes/material.lua
[01:01:52.674][info] [#0:script/workspace/loading.lua:88]: Skip loaded file: file:///home/astor/neovim/nvim/addons/lualine.nvim/lua/lualine/themes/OceanicNext.lua
[01:01:52.674][info] [#0:script/workspace/loading.lua:88]: Skip loaded file: file:///home/astor/neovim/nvim/addons/lualine.nvim/lua/lualine/themes/solarized.lua
[01:01:52.674][info] [#0:script/workspace/loading.lua:88]: Skip loaded file: file:///home/astor/neovim/nvim/addons/lualine.nvim/lua/lualine/themes/pywal.lua
[01:01:52.675][info] [#0:script/workspace/loading.lua:88]: Skip loaded file: file:///home/astor/neovim/nvim/addons/lualine.nvim/lua/lualine/themes/gruvbox_light.lua
[01:01:52.675][info] [#0:script/workspace/loading.lua:88]: Skip loaded file: file:///home/astor/neovim/nvim/addons/lualine.nvim/lua/lualine/themes/powerline_dark.lua
[01:01:52.675][info] [#0:script/workspace/loading.lua:88]: Skip loaded file: file:///home/astor/neovim/nvim/addons/lualine.nvim/lua/lualine/themes/iceberg_light.lua
[01:01:52.675][info] [#0:script/workspace/loading.lua:88]: Skip loaded file: file:///home/astor/neovim/nvim/addons/lualine.nvim/lua/lualine/themes/everforest.lua
[01:01:52.675][info] [#0:script/workspace/loading.lua:88]: Skip loaded file: file:///home/astor/neovim/nvim/addons/lualine.nvim/lua/lualine/themes/jellybeans.lua
[01:01:52.675][info] [#0:script/workspace/loading.lua:88]: Skip loaded file: file:///home/astor/neovim/nvim/addons/lualine.nvim/lua/lualine/themes/PaperColor.lua
[01:01:52.675][info] [#0:script/workspace/loading.lua:88]: Skip loaded file: file:///home/astor/neovim/nvim/addons/lualine.nvim/lua/lualine/themes/iceberg_dark.lua
[01:01:52.675][info] [#0:script/workspace/loading.lua:88]: Skip loaded file: file:///home/astor/neovim/nvim/addons/lualine.nvim/lua/lualine/themes/ayu_dark.lua
[01:01:52.676][info] [#0:script/workspace/loading.lua:88]: Skip loaded file: file:///home/astor/neovim/nvim/addons/lualine.nvim/lua/lualine/themes/molokai.lua
[01:01:52.676][info] [#0:script/workspace/loading.lua:88]: Skip loaded file: file:///home/astor/neovim/nvim/addons/lualine.nvim/lua/lualine/themes/auto.lua
[01:01:52.676][info] [#0:script/workspace/loading.lua:88]: Skip loaded file: file:///home/astor/neovim/nvim/addons/lualine.nvim/lua/lualine/themes/papercolor_dark.lua
[01:01:52.676][info] [#0:script/workspace/loading.lua:88]: Skip loaded file: file:///home/astor/neovim/nvim/addons/lualine.nvim/lua/lualine/themes/modus-vivendi.lua
[01:01:52.676][info] [#0:script/workspace/loading.lua:88]: Skip loaded file: file:///home/astor/neovim/nvim/addons/lualine.nvim/lua/lualine/themes/wombat.lua
[01:01:52.676][info] [#0:script/workspace/loading.lua:88]: Skip loaded file: file:///home/astor/neovim/nvim/addons/lualine.nvim/lua/lualine/themes/solarized_dark.lua
[01:01:52.676][info] [#0:script/workspace/loading.lua:88]: Skip loaded file: file:///home/astor/neovim/nvim/addons/lualine.nvim/lua/lualine/themes/Tomorrow.lua
[01:01:52.676][info] [#0:script/workspace/loading.lua:88]: Skip loaded file: file:///home/astor/neovim/nvim/addons/lualine.nvim/lua/lualine/themes/solarized_light.lua
[01:01:52.677][info] [#0:script/workspace/loading.lua:88]: Skip loaded file: file:///home/astor/neovim/nvim/addons/lualine.nvim/lua/lualine/themes/seoul256.lua
[01:01:52.677][info] [#0:script/workspace/loading.lua:88]: Skip loaded file: file:///home/astor/neovim/nvim/addons/lualine.nvim/lua/lualine/themes/base16.lua
[01:01:52.677][info] [#0:script/workspace/loading.lua:88]: Skip loaded file: file:///home/astor/neovim/nvim/addons/lualine.nvim/lua/lualine/themes/gruvbox_dark.lua
[01:01:52.677][info] [#0:script/workspace/loading.lua:88]: Skip loaded file: file:///home/astor/neovim/nvim/addons/lualine.nvim/lua/lualine/themes/ayu_mirage.lua
[01:01:52.677][info] [#0:script/workspace/loading.lua:88]: Skip loaded file: file:///home/astor/neovim/nvim/addons/lualine.nvim/lua/lualine/themes/gruvbox-material.lua
[01:01:52.677][info] [#0:script/workspace/loading.lua:88]: Skip loaded file: file:///home/astor/neovim/nvim/addons/lualine.nvim/lua/lualine/themes/onedark.lua
[01:01:52.677][info] [#0:script/workspace/loading.lua:88]: Skip loaded file: file:///home/astor/neovim/nvim/addons/lualine.nvim/lua/lualine/themes/iceberg.lua
[01:01:52.677][info] [#0:script/workspace/loading.lua:88]: Skip loaded file: file:///home/astor/neovim/nvim/addons/lualine.nvim/lua/lualine/themes/ayu_light.lua
[01:01:52.678][info] [#0:script/workspace/loading.lua:88]: Skip loaded file: file:///home/astor/neovim/nvim/addons/lualine.nvim/lua/lualine/themes/papercolor_light.lua
[01:01:52.678][info] [#0:script/workspace/loading.lua:88]: Skip loaded file: file:///home/astor/neovim/nvim/addons/lualine.nvim/lua/lualine/themes/gruvbox.lua
[01:01:52.678][info] [#0:script/workspace/loading.lua:88]: Skip loaded file: file:///home/astor/neovim/nvim/addons/lualine.nvim/lua/lualine/themes/onelight.lua
[01:01:52.678][info] [#0:script/workspace/loading.lua:88]: Skip loaded file: file:///home/astor/neovim/nvim/addons/lualine.nvim/lua/lualine/themes/codedark.lua
[01:01:52.678][info] [#0:script/workspace/loading.lua:88]: Skip loaded file: file:///home/astor/neovim/nvim/addons/lualine.nvim/lua/lualine/themes/nord.lua
[01:01:52.678][info] [#0:script/workspace/loading.lua:88]: Skip loaded file: file:///home/astor/neovim/nvim/addons/lualine.nvim/lua/lualine/themes/dracula.lua
[01:01:52.678][info] [#0:script/workspace/loading.lua:88]: Skip loaded file: file:///home/astor/neovim/nvim/addons/lualine.nvim/lua/lualine/themes/moonfly.lua
[01:01:52.678][info] [#0:script/workspace/loading.lua:88]: Skip loaded file: file:///home/astor/neovim/nvim/addons/lualine.nvim/lua/lualine/themes/tomorrow_night.lua
[01:01:52.679][info] [#0:script/workspace/loading.lua:88]: Skip loaded file: file:///home/astor/neovim/nvim/addons/lualine.nvim/lua/lualine/themes/powerline.lua
[01:01:52.679][info] [#0:script/workspace/loading.lua:88]: Skip loaded file: file:///home/astor/neovim/nvim/addons/lualine.nvim/lua/lualine/themes/nightfly.lua
[01:01:52.679][info] [#0:script/workspace/loading.lua:88]: Skip loaded file: file:///home/astor/neovim/nvim/addons/lualine.nvim/lua/lualine/themes/ayu.lua
[01:01:52.679][info] [#0:script/workspace/loading.lua:88]: Skip loaded file: file:///home/astor/neovim/nvim/addons/lualine.nvim/lua/lualine/themes/horizon.lua
[01:01:52.679][info] [#0:script/workspace/loading.lua:88]: Skip loaded file: file:///home/astor/neovim/nvim/addons/lualine.nvim/lua/lualine/themes/16color.lua
[01:01:52.679][info] [#0:script/workspace/loading.lua:88]: Skip loaded file: file:///home/astor/neovim/nvim/addons/lualine.nvim/lua/lualine_require.lua
[01:01:52.679][info] [#0:script/workspace/loading.lua:88]: Skip loaded file: file:///home/astor/neovim/nvim/addons/neogen/tests/neogen/lua_emmylua_spec.lua
[01:01:52.679][info] [#0:script/workspace/loading.lua:88]: Skip loaded file: file:///home/astor/neovim/nvim/addons/neogen/tests/neogen/java_javadoc_spec.lua
[01:01:52.680][info] [#0:script/workspace/loading.lua:88]: Skip loaded file: file:///home/astor/neovim/nvim/addons/neogen/tests/neogen/julia_julia_spec.lua
[01:01:52.680][info] [#0:script/workspace/loading.lua:88]: Skip loaded file: file:///home/astor/neovim/nvim/addons/neogen/tests/neogen/python_google_spec.lua
[01:01:52.680][info] [#0:script/workspace/loading.lua:88]: Skip loaded file: file:///home/astor/neovim/nvim/addons/neogen/tests/utils/specs.lua
[01:01:52.680][info] [#0:script/workspace/loading.lua:88]: Skip loaded file: file:///home/astor/neovim/nvim/addons/neogen/tests/utils/textmate.lua
[01:01:52.680][info] [#0:script/workspace/loading.lua:88]: Skip loaded file: file:///home/astor/neovim/nvim/addons/neogen/tests/minimal_init.lua
[01:01:52.680][info] [#0:script/workspace/loading.lua:88]: Skip loaded file: file:///home/astor/neovim/nvim/addons/neogen/scripts/minidoc.lua
[01:01:52.680][info] [#0:script/workspace/loading.lua:88]: Skip loaded file: file:///home/astor/neovim/nvim/addons/neogen/scripts/get_version.lua
[01:01:52.680][info] [#0:script/workspace/loading.lua:88]: Skip loaded file: file:///home/astor/neovim/nvim/addons/neogen/lua/neogen/configurations/vue.lua
[01:01:52.681][info] [#0:script/workspace/loading.lua:88]: Skip loaded file: file:///home/astor/neovim/nvim/addons/neogen/lua/neogen/configurations/c.lua
[01:01:52.681][info] [#0:script/workspace/loading.lua:88]: Skip loaded file: file:///home/astor/neovim/nvim/addons/neogen/lua/neogen/configurations/python.lua
[01:01:52.681][info] [#0:script/workspace/loading.lua:88]: Skip loaded file: file:///home/astor/neovim/nvim/addons/neogen/lua/neogen/configurations/php.lua
[01:01:52.681][info] [#0:script/workspace/loading.lua:88]: Skip loaded file: file:///home/astor/neovim/nvim/addons/neogen/lua/neogen/configurations/java.lua
[01:01:52.681][info] [#0:script/workspace/loading.lua:88]: Skip loaded file: file:///home/astor/neovim/nvim/addons/neogen/lua/neogen/configurations/julia.lua
[01:01:52.681][info] [#0:script/workspace/loading.lua:88]: Skip loaded file: file:///home/astor/neovim/nvim/addons/neogen/lua/neogen/configurations/kotlin.lua
[01:01:52.681][info] [#0:script/workspace/loading.lua:88]: Skip loaded file: file:///home/astor/neovim/nvim/addons/neogen/lua/neogen/configurations/cpp.lua
[01:01:52.681][info] [#0:script/workspace/loading.lua:88]: Skip loaded file: file:///home/astor/neovim/nvim/addons/neogen/lua/neogen/configurations/lua.lua
[01:01:52.682][info] [#0:script/workspace/loading.lua:88]: Skip loaded file: file:///home/astor/neovim/nvim/addons/neogen/lua/neogen/configurations/cs.lua
[01:01:52.682][info] [#0:script/workspace/loading.lua:88]: Skip loaded file: file:///home/astor/neovim/nvim/addons/neogen/lua/neogen/configurations/typescript.lua
[01:01:52.682][info] [#0:script/workspace/loading.lua:88]: Skip loaded file: file:///home/astor/neovim/nvim/addons/neogen/lua/neogen/configurations/go.lua
[01:01:52.682][info] [#0:script/workspace/loading.lua:88]: Skip loaded file: file:///home/astor/neovim/nvim/addons/neogen/lua/neogen/configurations/javascriptreact.lua
[01:01:52.682][info] [#0:script/workspace/loading.lua:88]: Skip loaded file: file:///home/astor/neovim/nvim/addons/neogen/lua/neogen/configurations/sh.lua
[01:01:52.682][info] [#0:script/workspace/loading.lua:88]: Skip loaded file: file:///home/astor/neovim/nvim/addons/neogen/lua/neogen/configurations/javascript.lua
[01:01:52.682][info] [#0:script/workspace/loading.lua:88]: Skip loaded file: file:///home/astor/neovim/nvim/addons/neogen/lua/neogen/configurations/typescriptreact.lua
[01:01:52.682][info] [#0:script/workspace/loading.lua:88]: Skip loaded file: file:///home/astor/neovim/nvim/addons/neogen/lua/neogen/configurations/rust.lua
[01:01:52.683][info] [#0:script/workspace/loading.lua:88]: Skip loaded file: file:///home/astor/neovim/nvim/addons/neogen/lua/neogen/configurations/ruby.lua
[01:01:52.683][info] [#0:script/workspace/loading.lua:88]: Skip loaded file: file:///home/astor/neovim/nvim/addons/neogen/lua/neogen/types/template.lua
[01:01:52.683][info] [#0:script/workspace/loading.lua:88]: Skip loaded file: file:///home/astor/neovim/nvim/addons/neogen/lua/neogen/generator.lua
[01:01:52.683][info] [#0:script/workspace/loading.lua:88]: Skip loaded file: file:///home/astor/neovim/nvim/addons/neogen/lua/neogen/config.lua
[01:01:52.683][info] [#0:script/workspace/loading.lua:88]: Skip loaded file: file:///home/astor/neovim/nvim/addons/neogen/lua/neogen/templates/julia.lua
[01:01:52.683][info] [#0:script/workspace/loading.lua:88]: Skip loaded file: file:///home/astor/neovim/nvim/addons/neogen/lua/neogen/templates/javadoc.lua
[01:01:52.683][info] [#0:script/workspace/loading.lua:88]: Skip loaded file: file:///home/astor/neovim/nvim/addons/neogen/lua/neogen/templates/yard.lua
[01:01:52.683][info] [#0:script/workspace/loading.lua:88]: Skip loaded file: file:///home/astor/neovim/nvim/addons/neogen/lua/neogen/templates/rust_alternative.lua
[01:01:52.684][info] [#0:script/workspace/loading.lua:88]: Skip loaded file: file:///home/astor/neovim/nvim/addons/neogen/lua/neogen/templates/tomdoc.lua
[01:01:52.684][info] [#0:script/workspace/loading.lua:88]: Skip loaded file: file:///home/astor/neovim/nvim/addons/neogen/lua/neogen/templates/doxygen.lua
[01:01:52.684][info] [#0:script/workspace/loading.lua:88]: Skip loaded file: file:///home/astor/neovim/nvim/addons/neogen/lua/neogen/templates/google_bash.lua
[01:01:52.684][info] [#0:script/workspace/loading.lua:88]: Skip loaded file: file:///home/astor/neovim/nvim/addons/neogen/lua/neogen/templates/numpydoc.lua
[01:01:52.684][info] [#0:script/workspace/loading.lua:88]: Skip loaded file: file:///home/astor/neovim/nvim/addons/neogen/lua/neogen/templates/emmylua.lua
[01:01:52.684][info] [#0:script/workspace/loading.lua:88]: Skip loaded file: file:///home/astor/neovim/nvim/addons/neogen/lua/neogen/templates/xmldoc.lua
[01:01:52.684][info] [#0:script/workspace/loading.lua:88]: Skip loaded file: file:///home/astor/neovim/nvim/addons/neogen/lua/neogen/templates/godoc.lua
[01:01:52.684][info] [#0:script/workspace/loading.lua:88]: Skip loaded file: file:///home/astor/neovim/nvim/addons/neogen/lua/neogen/templates/kdoc.lua
[01:01:52.685][info] [#0:script/workspace/loading.lua:88]: Skip loaded file: file:///home/astor/neovim/nvim/addons/neogen/lua/neogen/templates/google_docstrings.lua
[01:01:52.685][info] [#0:script/workspace/loading.lua:88]: Skip loaded file: file:///home/astor/neovim/nvim/addons/neogen/lua/neogen/templates/jsdoc.lua
[01:01:52.685][info] [#0:script/workspace/loading.lua:88]: Skip loaded file: file:///home/astor/neovim/nvim/addons/neogen/lua/neogen/templates/reST.lua
[01:01:52.685][info] [#0:script/workspace/loading.lua:88]: Skip loaded file: file:///home/astor/neovim/nvim/addons/neogen/lua/neogen/templates/tsdoc.lua
[01:01:52.685][info] [#0:script/workspace/loading.lua:88]: Skip loaded file: file:///home/astor/neovim/nvim/addons/neogen/lua/neogen/templates/rustdoc.lua
[01:01:52.685][info] [#0:script/workspace/loading.lua:88]: Skip loaded file: file:///home/astor/neovim/nvim/addons/neogen/lua/neogen/templates/phpdoc.lua
[01:01:52.685][info] [#0:script/workspace/loading.lua:88]: Skip loaded file: file:///home/astor/neovim/nvim/addons/neogen/lua/neogen/templates/ldoc.lua
[01:01:52.686][info] [#0:script/workspace/loading.lua:88]: Skip loaded file: file:///home/astor/neovim/nvim/addons/neogen/lua/neogen/templates/rdoc.lua
[01:01:52.686][info] [#0:script/workspace/loading.lua:88]: Skip loaded file: file:///home/astor/neovim/nvim/addons/neogen/lua/neogen/mark.lua
[01:01:52.686][info] [#0:script/workspace/loading.lua:88]: Skip loaded file: file:///home/astor/neovim/nvim/addons/neogen/lua/neogen/utilities/autocmd.lua
[01:01:52.686][info] [#0:script/workspace/loading.lua:88]: Skip loaded file: file:///home/astor/neovim/nvim/addons/neogen/lua/neogen/utilities/helpers.lua
[01:01:52.686][info] [#0:script/workspace/loading.lua:88]: Skip loaded file: file:///home/astor/neovim/nvim/addons/neogen/lua/neogen/utilities/nodes.lua
[01:01:52.686][info] [#0:script/workspace/loading.lua:88]: Skip loaded file: file:///home/astor/neovim/nvim/addons/neogen/lua/neogen/utilities/extractors.lua
[01:01:52.686][info] [#0:script/workspace/loading.lua:88]: Skip loaded file: file:///home/astor/neovim/nvim/addons/neogen/lua/neogen/granulator.lua
[01:01:52.686][info] [#0:script/workspace/loading.lua:88]: Skip loaded file: file:///home/astor/neovim/nvim/addons/neogen/lua/neogen/snippet.lua
[01:01:52.687][info] [#0:script/workspace/loading.lua:88]: Skip loaded file: file:///home/astor/neovim/nvim/addons/neogen/lua/neogen/template.lua
[01:01:52.687][info] [#0:script/workspace/loading.lua:88]: Skip loaded file: file:///home/astor/neovim/nvim/addons/neogen/lua/neogen/locators/lua.lua
[01:01:52.687][info] [#0:script/workspace/loading.lua:88]: Skip loaded file: file:///home/astor/neovim/nvim/addons/neogen/lua/neogen/locators/typescript.lua
[01:01:52.687][info] [#0:script/workspace/loading.lua:88]: Skip loaded file: file:///home/astor/neovim/nvim/addons/neogen/lua/neogen/locators/default.lua
[01:01:52.687][info] [#0:script/workspace/loading.lua:88]: Skip loaded file: file:///home/astor/neovim/nvim/addons/neogen/lua/neogen/init.lua
[01:01:52.687][info] [#0:script/workspace/loading.lua:88]: Skip loaded file: file:///home/astor/neovim/nvim/addons/nvim-web-devicons/scripts/generate.lua
[01:01:52.687][info] [#0:script/workspace/loading.lua:88]: Skip loaded file: file:///home/astor/neovim/nvim/addons/nvim-web-devicons/scripts/sort_filetypes.lua
[01:01:52.687][info] [#0:script/workspace/loading.lua:88]: Skip loaded file: file:///home/astor/neovim/nvim/addons/nvim-web-devicons/scripts/align.lua
[01:01:52.688][info] [#0:script/workspace/loading.lua:88]: Skip loaded file: file:///home/astor/neovim/nvim/addons/nvim-web-devicons/lua/nvim-web-devicons.lua
[01:01:52.688][info] [#0:script/workspace/loading.lua:88]: Skip loaded file: file:///home/astor/neovim/nvim/addons/nvim-web-devicons/lua/nvim-web-devicons/light/icons_by_filename.lua
[01:01:52.688][info] [#0:script/workspace/loading.lua:88]: Skip loaded file: file:///home/astor/neovim/nvim/addons/nvim-web-devicons/lua/nvim-web-devicons/light/icons_by_window_manager.lua
[01:01:52.688][info] [#0:script/workspace/loading.lua:88]: Skip loaded file: file:///home/astor/neovim/nvim/addons/nvim-web-devicons/lua/nvim-web-devicons/light/icons_by_operating_system.lua
[01:01:52.688][info] [#0:script/workspace/loading.lua:88]: Skip loaded file: file:///home/astor/neovim/nvim/addons/nvim-web-devicons/lua/nvim-web-devicons/light/icons_by_file_extension.lua
[01:01:52.688][info] [#0:script/workspace/loading.lua:88]: Skip loaded file: file:///home/astor/neovim/nvim/addons/nvim-web-devicons/lua/nvim-web-devicons/light/icons_by_desktop_environment.lua
[01:01:52.688][info] [#0:script/workspace/loading.lua:88]: Skip loaded file: file:///home/astor/neovim/nvim/addons/nvim-web-devicons/lua/nvim-web-devicons/filetypes.lua
[01:01:52.688][info] [#0:script/workspace/loading.lua:88]: Skip loaded file: file:///home/astor/neovim/nvim/addons/nvim-web-devicons/lua/nvim-web-devicons/default/icons_by_filename.lua
[01:01:52.689][info] [#0:script/workspace/loading.lua:88]: Skip loaded file: file:///home/astor/neovim/nvim/addons/nvim-web-devicons/lua/nvim-web-devicons/default/icons_by_window_manager.lua
[01:01:52.689][info] [#0:script/workspace/loading.lua:88]: Skip loaded file: file:///home/astor/neovim/nvim/addons/nvim-web-devicons/lua/nvim-web-devicons/default/icons_by_operating_system.lua
[01:01:52.689][info] [#0:script/workspace/loading.lua:88]: Skip loaded file: file:///home/astor/neovim/nvim/addons/nvim-web-devicons/lua/nvim-web-devicons/default/icons_by_file_extension.lua
[01:01:52.689][info] [#0:script/workspace/loading.lua:88]: Skip loaded file: file:///home/astor/neovim/nvim/addons/nvim-web-devicons/lua/nvim-web-devicons/default/icons_by_desktop_environment.lua
[01:01:52.689][info] [#0:script/workspace/loading.lua:88]: Skip loaded file: file:///home/astor/neovim/nvim/addons/nvim-web-devicons/lua/nvim-web-devicons/hi-test.lua
[01:01:52.689][info] [#0:script/workspace/loading.lua:88]: Skip loaded file: file:///home/astor/neovim/nvim/addons/nvim-web-devicons/lua/nvim-web-devicons/icons-default.lua
[01:01:52.689][info] [#0:script/workspace/loading.lua:88]: Skip loaded file: file:///home/astor/neovim/nvim/addons/nvim-web-devicons/lua/nvim-web-devicons/icons-light.lua
[01:01:52.689][info] [#0:script/workspace/loading.lua:88]: Skip loaded file: file:///home/astor/neovim/nvim/addons/marks.nvim/lua/marks/bookmark.lua
[01:01:52.690][info] [#0:script/workspace/loading.lua:88]: Skip loaded file: file:///home/astor/neovim/nvim/addons/marks.nvim/lua/marks/utils.lua
[01:01:52.690][info] [#0:script/workspace/loading.lua:88]: Skip loaded file: file:///home/astor/neovim/nvim/addons/marks.nvim/lua/marks/mark.lua
[01:01:52.690][info] [#0:script/workspace/loading.lua:88]: Skip loaded file: file:///home/astor/neovim/nvim/addons/marks.nvim/lua/marks/init.lua
[01:01:52.690][info] [#0:script/workspace/loading.lua:88]: Skip loaded file: file:///home/astor/neovim/nvim/addons/coc.nvim/doc/coc-example-config.lua
[01:01:52.690][info] [#0:script/workspace/loading.lua:88]: Skip loaded file: file:///home/astor/neovim/nvim/addons/coc.nvim/plugin/coc.lua
[01:01:52.690][info] [#0:script/workspace/loading.lua:88]: Skip loaded file: file:///home/astor/neovim/nvim/addons/coc.nvim/lua/coc/diagnostic.lua
[01:01:52.690][info] [#0:script/workspace/loading.lua:88]: Skip loaded file: file:///home/astor/neovim/nvim/addons/coc.nvim/lua/coc/vtext.lua
[01:01:52.690][info] [#0:script/workspace/loading.lua:88]: Skip loaded file: file:///home/astor/neovim/nvim/addons/coc.nvim/lua/coc/util.lua
[01:01:52.691][info] [#0:script/workspace/loading.lua:88]: Skip loaded file: file:///home/astor/neovim/nvim/addons/coc.nvim/lua/coc/highlight.lua
[01:01:52.691][info] [#0:script/workspace/loading.lua:88]: Skip loaded file: file:///home/astor/neovim/nvim/addons/coc.nvim/lua/coc/text.lua
[01:01:52.691][info] [#0:script/workspace/loading.lua:88]: Skip loaded file: file:///home/astor/neovim/nvim/addons/telescope.nvim/plugin/telescope.lua
[01:01:52.691][info] [#0:script/workspace/loading.lua:88]: Skip loaded file: file:///home/astor/neovim/nvim/addons/telescope.nvim/scripts/gendocs.lua
[01:01:52.691][info] [#0:script/workspace/loading.lua:88]: Skip loaded file: file:///home/astor/neovim/nvim/addons/telescope.nvim/ftplugin/TelescopePrompt.lua
[01:01:52.691][info] [#0:script/workspace/loading.lua:88]: Skip loaded file: file:///home/astor/neovim/nvim/addons/telescope.nvim/ftplugin/TelescopeResults.lua
[01:01:52.691][info] [#0:script/workspace/loading.lua:88]: Skip loaded file: file:///home/astor/neovim/nvim/addons/telescope.nvim/lua/tests/automated/command_spec.lua
[01:01:52.691][info] [#0:script/workspace/loading.lua:88]: Skip loaded file: file:///home/astor/neovim/nvim/addons/telescope.nvim/lua/tests/automated/linked_list_spec.lua
[01:01:52.692][info] [#0:script/workspace/loading.lua:88]: Skip loaded file: file:///home/astor/neovim/nvim/addons/telescope.nvim/lua/tests/automated/entry_manager_spec.lua
[01:01:52.692][info] [#0:script/workspace/loading.lua:88]: Skip loaded file: file:///home/astor/neovim/nvim/addons/telescope.nvim/lua/tests/automated/layout_strategies_spec.lua
[01:01:52.692][info] [#0:script/workspace/loading.lua:88]: Skip loaded file: file:///home/astor/neovim/nvim/addons/telescope.nvim/lua/tests/automated/pickers/live_grep_spec.lua
[01:01:52.692][info] [#0:script/workspace/loading.lua:88]: Skip loaded file: file:///home/astor/neovim/nvim/addons/telescope.nvim/lua/tests/automated/pickers/find_files_spec.lua
[01:01:52.692][info] [#0:script/workspace/loading.lua:88]: Skip loaded file: file:///home/astor/neovim/nvim/addons/telescope.nvim/lua/tests/automated/entry_display_spec.lua
[01:01:52.692][info] [#0:script/workspace/loading.lua:88]: Skip loaded file: file:///home/astor/neovim/nvim/addons/telescope.nvim/lua/tests/automated/resolver_spec.lua
[01:01:52.692][info] [#0:script/workspace/loading.lua:88]: Skip loaded file: file:///home/astor/neovim/nvim/addons/telescope.nvim/lua/tests/automated/utils_spec.lua
[01:01:52.692][info] [#0:script/workspace/loading.lua:88]: Skip loaded file: file:///home/astor/neovim/nvim/addons/telescope.nvim/lua/tests/automated/action_spec.lua
[01:01:52.693][info] [#0:script/workspace/loading.lua:88]: Skip loaded file: file:///home/astor/neovim/nvim/addons/telescope.nvim/lua/tests/automated/sorters_spec.lua
[01:01:52.693][info] [#0:script/workspace/loading.lua:88]: Skip loaded file: file:///home/astor/neovim/nvim/addons/telescope.nvim/lua/tests/automated/telescope_spec.lua
[01:01:52.693][info] [#0:script/workspace/loading.lua:88]: Skip loaded file: file:///home/astor/neovim/nvim/addons/telescope.nvim/lua/tests/automated/scroller_spec.lua
[01:01:52.693][info] [#0:script/workspace/loading.lua:88]: Skip loaded file: file:///home/astor/neovim/nvim/addons/telescope.nvim/lua/tests/helpers.lua
[01:01:52.693][info] [#0:script/workspace/loading.lua:88]: Skip loaded file: file:///home/astor/neovim/nvim/addons/telescope.nvim/lua/tests/pickers/find_files__readme.lua
[01:01:52.693][info] [#0:script/workspace/loading.lua:88]: Skip loaded file: file:///home/astor/neovim/nvim/addons/telescope.nvim/lua/tests/pickers/find_files__scrolling_descending_cycle.lua
[01:01:52.693][info] [#0:script/workspace/loading.lua:88]: Skip loaded file: file:///home/astor/neovim/nvim/addons/telescope.nvim/lua/telescope/mappings.lua
[01:01:52.693][info] [#0:script/workspace/loading.lua:88]: Skip loaded file: file:///home/astor/neovim/nvim/addons/telescope.nvim/lua/telescope/entry_manager.lua
[01:01:52.694][info] [#0:script/workspace/loading.lua:88]: Skip loaded file: file:///home/astor/neovim/nvim/addons/telescope.nvim/lua/telescope/finders/async_oneshot_finder.lua
[01:01:52.694][info] [#0:script/workspace/loading.lua:88]: Skip loaded file: file:///home/astor/neovim/nvim/addons/telescope.nvim/lua/telescope/finders/async_static_finder.lua
[01:01:52.694][info] [#0:script/workspace/loading.lua:88]: Skip loaded file: file:///home/astor/neovim/nvim/addons/telescope.nvim/lua/telescope/finders/async_job_finder.lua
[01:01:52.694][info] [#0:script/workspace/loading.lua:88]: Skip loaded file: file:///home/astor/neovim/nvim/addons/telescope.nvim/lua/telescope/pickers.lua
[01:01:52.694][info] [#0:script/workspace/loading.lua:88]: Skip loaded file: file:///home/astor/neovim/nvim/addons/telescope.nvim/lua/telescope/log.lua
[01:01:52.694][info] [#0:script/workspace/loading.lua:88]: Skip loaded file: file:///home/astor/neovim/nvim/addons/telescope.nvim/lua/telescope/debounce.lua
[01:01:52.694][info] [#0:script/workspace/loading.lua:88]: Skip loaded file: file:///home/astor/neovim/nvim/addons/telescope.nvim/lua/telescope/testharness/helpers.lua
[01:01:52.695][info] [#0:script/workspace/loading.lua:88]: Skip loaded file: file:///home/astor/neovim/nvim/addons/telescope.nvim/lua/telescope/testharness/init.lua
[01:01:52.695][info] [#0:script/workspace/loading.lua:88]: Skip loaded file: file:///home/astor/neovim/nvim/addons/telescope.nvim/lua/telescope/testharness/runner.lua
[01:01:52.695][info] [#0:script/workspace/loading.lua:88]: Skip loaded file: file:///home/astor/neovim/nvim/addons/telescope.nvim/lua/telescope/utils.lua
[01:01:52.695][info] [#0:script/workspace/loading.lua:88]: Skip loaded file: file:///home/astor/neovim/nvim/addons/telescope.nvim/lua/telescope/make_entry.lua
[01:01:52.695][info] [#0:script/workspace/loading.lua:88]: Skip loaded file: file:///home/astor/neovim/nvim/addons/telescope.nvim/lua/telescope/config.lua
[01:01:52.695][info] [#0:script/workspace/loading.lua:88]: Skip loaded file: file:///home/astor/neovim/nvim/addons/telescope.nvim/lua/telescope/sorters.lua
[01:01:52.695][info] [#0:script/workspace/loading.lua:88]: Skip loaded file: file:///home/astor/neovim/nvim/addons/telescope.nvim/lua/telescope/command.lua
[01:01:52.696][info] [#0:script/workspace/loading.lua:88]: Skip loaded file: file:///home/astor/neovim/nvim/addons/telescope.nvim/lua/telescope/state.lua
[01:01:52.696][info] [#0:script/workspace/loading.lua:88]: Skip loaded file: file:///home/astor/neovim/nvim/addons/telescope.nvim/lua/telescope/pickers/highlights.lua
[01:01:52.696][info] [#0:script/workspace/loading.lua:88]: Skip loaded file: file:///home/astor/neovim/nvim/addons/telescope.nvim/lua/telescope/pickers/scroller.lua
[01:01:52.696][info] [#0:script/workspace/loading.lua:88]: Skip loaded file: file:///home/astor/neovim/nvim/addons/telescope.nvim/lua/telescope/pickers/window.lua
[01:01:52.696][info] [#0:script/workspace/loading.lua:88]: Skip loaded file: file:///home/astor/neovim/nvim/addons/telescope.nvim/lua/telescope/pickers/multi.lua
[01:01:52.696][info] [#0:script/workspace/loading.lua:88]: Skip loaded file: file:///home/astor/neovim/nvim/addons/telescope.nvim/lua/telescope/pickers/entry_display.lua
[01:01:52.696][info] [#0:script/workspace/loading.lua:88]: Skip loaded file: file:///home/astor/neovim/nvim/addons/telescope.nvim/lua/telescope/pickers/layout.lua
[01:01:52.696][info] [#0:script/workspace/loading.lua:88]: Skip loaded file: file:///home/astor/neovim/nvim/addons/telescope.nvim/lua/telescope/pickers/layout_strategies.lua
[01:01:52.697][info] [#0:script/workspace/loading.lua:88]: Skip loaded file: file:///home/astor/neovim/nvim/addons/telescope.nvim/lua/telescope/builtin/__git.lua
[01:01:52.697][info] [#0:script/workspace/loading.lua:88]: Skip loaded file: file:///home/astor/neovim/nvim/addons/telescope.nvim/lua/telescope/builtin/__diagnostics.lua
[01:01:52.697][info] [#0:script/workspace/loading.lua:88]: Skip loaded file: file:///home/astor/neovim/nvim/addons/telescope.nvim/lua/telescope/builtin/__files.lua
[01:01:52.697][info] [#0:script/workspace/loading.lua:88]: Skip loaded file: file:///home/astor/neovim/nvim/addons/telescope.nvim/lua/telescope/builtin/__lsp.lua
[01:01:52.697][info] [#0:script/workspace/loading.lua:88]: Skip loaded file: file:///home/astor/neovim/nvim/addons/telescope.nvim/lua/telescope/builtin/__internal.lua
[01:01:52.697][info] [#0:script/workspace/loading.lua:88]: Skip loaded file: file:///home/astor/neovim/nvim/addons/telescope.nvim/lua/telescope/builtin/init.lua
[01:01:52.697][info] [#0:script/workspace/loading.lua:88]: Skip loaded file: file:///home/astor/neovim/nvim/addons/telescope.nvim/lua/telescope/config/resolve.lua
[01:01:52.697][info] [#0:script/workspace/loading.lua:88]: Skip loaded file: file:///home/astor/neovim/nvim/addons/telescope.nvim/lua/telescope/algos/fzy.lua
[01:01:52.698][info] [#0:script/workspace/loading.lua:88]: Skip loaded file: file:///home/astor/neovim/nvim/addons/telescope.nvim/lua/telescope/algos/linked_list.lua
[01:01:52.698][info] [#0:script/workspace/loading.lua:88]: Skip loaded file: file:///home/astor/neovim/nvim/addons/telescope.nvim/lua/telescope/algos/string_distance.lua
[01:01:52.698][info] [#0:script/workspace/loading.lua:88]: Skip loaded file: file:///home/astor/neovim/nvim/addons/telescope.nvim/lua/telescope/actions/mt.lua
[01:01:52.698][info] [#0:script/workspace/loading.lua:88]: Skip loaded file: file:///home/astor/neovim/nvim/addons/telescope.nvim/lua/telescope/actions/utils.lua
[01:01:52.698][info] [#0:script/workspace/loading.lua:88]: Skip loaded file: file:///home/astor/neovim/nvim/addons/telescope.nvim/lua/telescope/actions/state.lua
[01:01:52.698][info] [#0:script/workspace/loading.lua:88]: Skip loaded file: file:///home/astor/neovim/nvim/addons/telescope.nvim/lua/telescope/actions/generate.lua
[01:01:52.698][info] [#0:script/workspace/loading.lua:88]: Skip loaded file: file:///home/astor/neovim/nvim/addons/telescope.nvim/lua/telescope/actions/history.lua
[01:01:52.698][info] [#0:script/workspace/loading.lua:88]: Skip loaded file: file:///home/astor/neovim/nvim/addons/telescope.nvim/lua/telescope/actions/layout.lua
[01:01:52.699][info] [#0:script/workspace/loading.lua:88]: Skip loaded file: file:///home/astor/neovim/nvim/addons/telescope.nvim/lua/telescope/actions/set.lua
[01:01:52.699][info] [#0:script/workspace/loading.lua:88]: Skip loaded file: file:///home/astor/neovim/nvim/addons/telescope.nvim/lua/telescope/actions/init.lua
[01:01:52.699][info] [#0:script/workspace/loading.lua:88]: Skip loaded file: file:///home/astor/neovim/nvim/addons/telescope.nvim/lua/telescope/operators.lua
[01:01:52.699][info] [#0:script/workspace/loading.lua:88]: Skip loaded file: file:///home/astor/neovim/nvim/addons/telescope.nvim/lua/telescope/finders.lua
[01:01:52.699][info] [#0:script/workspace/loading.lua:88]: Skip loaded file: file:///home/astor/neovim/nvim/addons/telescope.nvim/lua/telescope/themes.lua
[01:01:52.699][info] [#0:script/workspace/loading.lua:88]: Skip loaded file: file:///home/astor/neovim/nvim/addons/telescope.nvim/lua/telescope/deprecated.lua
[01:01:52.699][info] [#0:script/workspace/loading.lua:88]: Skip loaded file: file:///home/astor/neovim/nvim/addons/telescope.nvim/lua/telescope/from_entry.lua
[01:01:52.700][info] [#0:script/workspace/loading.lua:88]: Skip loaded file: file:///home/astor/neovim/nvim/addons/telescope.nvim/lua/telescope/_.lua
[01:01:52.700][info] [#0:script/workspace/loading.lua:88]: Skip loaded file: file:///home/astor/neovim/nvim/addons/telescope.nvim/lua/telescope/previewers/previewer.lua
[01:01:52.700][info] [#0:script/workspace/loading.lua:88]: Skip loaded file: file:///home/astor/neovim/nvim/addons/telescope.nvim/lua/telescope/previewers/utils.lua
[01:01:52.700][info] [#0:script/workspace/loading.lua:88]: Skip loaded file: file:///home/astor/neovim/nvim/addons/telescope.nvim/lua/telescope/previewers/term_previewer.lua
[01:01:52.700][info] [#0:script/workspace/loading.lua:88]: Skip loaded file: file:///home/astor/neovim/nvim/addons/telescope.nvim/lua/telescope/previewers/buffer_previewer.lua
[01:01:52.700][info] [#0:script/workspace/loading.lua:88]: Skip loaded file: file:///home/astor/neovim/nvim/addons/telescope.nvim/lua/telescope/previewers/init.lua
[01:01:52.700][info] [#0:script/workspace/loading.lua:88]: Skip loaded file: file:///home/astor/neovim/nvim/addons/telescope.nvim/lua/telescope/init.lua
[01:01:52.701][info] [#0:script/workspace/loading.lua:88]: Skip loaded file: file:///home/astor/neovim/nvim/addons/telescope.nvim/lua/telescope/_extensions/init.lua
[01:01:52.701][info] [#0:script/workspace/loading.lua:88]: Skip loaded file: file:///home/astor/neovim/nvim/addons/telescope.nvim/lua/telescope/health.lua
[01:01:52.701][info] [#0:script/workspace/loading.lua:88]: Skip loaded file: file:///home/astor/neovim/nvim/addons/nvim-treesitter/tests/query/highlights_spec.lua
[01:01:52.701][info] [#0:script/workspace/loading.lua:88]: Skip loaded file: file:///home/astor/neovim/nvim/addons/nvim-treesitter/tests/query/highlights/lua/test.lua
[01:01:52.701][info] [#0:script/workspace/loading.lua:88]: Skip loaded file: file:///home/astor/neovim/nvim/addons/nvim-treesitter/tests/query/injection_spec.lua
[01:01:52.701][info] [#0:script/workspace/loading.lua:88]: Skip loaded file: file:///home/astor/neovim/nvim/addons/nvim-treesitter/tests/unit/ts_utils_spec.lua
[01:01:52.701][info] [#0:script/workspace/loading.lua:88]: Skip loaded file: file:///home/astor/neovim/nvim/addons/nvim-treesitter/tests/indent/nickel_spec.lua
[01:01:52.701][info] [#0:script/workspace/loading.lua:88]: Skip loaded file: file:///home/astor/neovim/nvim/addons/nvim-treesitter/tests/indent/julia_spec.lua
[01:01:52.702][info] [#0:script/workspace/loading.lua:88]: Skip loaded file: file:///home/astor/neovim/nvim/addons/nvim-treesitter/tests/indent/cpp_spec.lua
[01:01:52.702][info] [#0:script/workspace/loading.lua:88]: Skip loaded file: file:///home/astor/neovim/nvim/addons/nvim-treesitter/tests/indent/html_spec.lua
[01:01:52.702][info] [#0:script/workspace/loading.lua:88]: Skip loaded file: file:///home/astor/neovim/nvim/addons/nvim-treesitter/tests/indent/wgsl_spec.lua
[01:01:52.702][info] [#0:script/workspace/loading.lua:88]: Skip loaded file: file:///home/astor/neovim/nvim/addons/nvim-treesitter/tests/indent/zig_spec.lua
[01:01:52.702][info] [#0:script/workspace/loading.lua:88]: Skip loaded file: file:///home/astor/neovim/nvim/addons/nvim-treesitter/tests/indent/yuck_spec.lua
[01:01:52.702][info] [#0:script/workspace/loading.lua:88]: Skip loaded file: file:///home/astor/neovim/nvim/addons/nvim-treesitter/tests/indent/dot_spec.lua
[01:01:52.702][info] [#0:script/workspace/loading.lua:88]: Skip loaded file: file:///home/astor/neovim/nvim/addons/nvim-treesitter/tests/indent/gdscript_spec.lua
[01:01:52.702][info] [#0:script/workspace/loading.lua:88]: Skip loaded file: file:///home/astor/neovim/nvim/addons/nvim-treesitter/tests/indent/terraform_spec.lua
[01:01:52.703][info] [#0:script/workspace/loading.lua:88]: Skip loaded file: file:///home/astor/neovim/nvim/addons/nvim-treesitter/tests/indent/angular_spec.lua
[01:01:52.703][info] [#0:script/workspace/loading.lua:88]: Skip loaded file: file:///home/astor/neovim/nvim/addons/nvim-treesitter/tests/indent/query_spec.lua
[01:01:52.703][info] [#0:script/workspace/loading.lua:88]: Skip loaded file: file:///home/astor/neovim/nvim/addons/nvim-treesitter/tests/indent/common.lua
[01:01:52.703][info] [#0:script/workspace/loading.lua:88]: Skip loaded file: file:///home/astor/neovim/nvim/addons/nvim-treesitter/tests/indent/ql_spec.lua
[01:01:52.703][info] [#0:script/workspace/loading.lua:88]: Skip loaded file: file:///home/astor/neovim/nvim/addons/nvim-treesitter/tests/indent/yaml_spec.lua
[01:01:52.703][info] [#0:script/workspace/loading.lua:88]: Skip loaded file: file:///home/astor/neovim/nvim/addons/nvim-treesitter/tests/indent/rescript_spec.lua
[01:01:52.703][info] [#0:script/workspace/loading.lua:88]: Skip loaded file: file:///home/astor/neovim/nvim/addons/nvim-treesitter/tests/indent/css_spec.lua
[01:01:52.703][info] [#0:script/workspace/loading.lua:88]: Skip loaded file: file:///home/astor/neovim/nvim/addons/nvim-treesitter/tests/indent/r_spec.lua
[01:01:52.704][info] [#0:script/workspace/loading.lua:88]: Skip loaded file: file:///home/astor/neovim/nvim/addons/nvim-treesitter/tests/indent/go_spec.lua
[01:01:52.704][info] [#0:script/workspace/loading.lua:88]: Skip loaded file: file:///home/astor/neovim/nvim/addons/nvim-treesitter/tests/indent/smali_spec.lua
[01:01:52.704][info] [#0:script/workspace/loading.lua:88]: Skip loaded file: file:///home/astor/neovim/nvim/addons/nvim-treesitter/tests/indent/jsx_spec.lua
[01:01:52.704][info] [#0:script/workspace/loading.lua:88]: Skip loaded file: file:///home/astor/neovim/nvim/addons/nvim-treesitter/tests/indent/vue_spec.lua
[01:01:52.704][info] [#0:script/workspace/loading.lua:88]: Skip loaded file: file:///home/astor/neovim/nvim/addons/nvim-treesitter/tests/indent/php_spec.lua
[01:01:52.704][info] [#0:script/workspace/loading.lua:88]: Skip loaded file: file:///home/astor/neovim/nvim/addons/nvim-treesitter/tests/indent/capnp_spec.lua
[01:01:52.704][info] [#0:script/workspace/loading.lua:88]: Skip loaded file: file:///home/astor/neovim/nvim/addons/nvim-treesitter/tests/indent/javascript_spec.lua
[01:01:52.705][info] [#0:script/workspace/loading.lua:88]: Skip loaded file: file:///home/astor/neovim/nvim/addons/nvim-treesitter/tests/indent/java_spec.lua
[01:01:52.705][info] [#0:script/workspace/loading.lua:88]: Skip loaded file: file:///home/astor/neovim/nvim/addons/nvim-treesitter/tests/indent/algorithm_spec.lua
[01:01:52.705][info] [#0:script/workspace/loading.lua:88]: Skip loaded file: file:///home/astor/neovim/nvim/addons/nvim-treesitter/tests/indent/python_spec.lua
[01:01:52.705][info] [#0:script/workspace/loading.lua:88]: Skip loaded file: file:///home/astor/neovim/nvim/addons/nvim-treesitter/tests/indent/nu_spec.lua
[01:01:52.705][info] [#0:script/workspace/loading.lua:88]: Skip loaded file: file:///home/astor/neovim/nvim/addons/nvim-treesitter/tests/indent/lua_spec.lua
[01:01:52.705][info] [#0:script/workspace/loading.lua:88]: Skip loaded file: file:///home/astor/neovim/nvim/addons/nvim-treesitter/tests/indent/graphql_spec.lua
[01:01:52.705][info] [#0:script/workspace/loading.lua:88]: Skip loaded file: file:///home/astor/neovim/nvim/addons/nvim-treesitter/tests/indent/t32_spec.lua
[01:01:52.705][info] [#0:script/workspace/loading.lua:88]: Skip loaded file: file:///home/astor/neovim/nvim/addons/nvim-treesitter/tests/indent/yang_spec.lua
[01:01:52.706][info] [#0:script/workspace/loading.lua:88]: Skip loaded file: file:///home/astor/neovim/nvim/addons/nvim-treesitter/tests/indent/c_spec.lua
[01:01:52.706][info] [#0:script/workspace/loading.lua:88]: Skip loaded file: file:///home/astor/neovim/nvim/addons/nvim-treesitter/tests/indent/nix_spec.lua
[01:01:52.706][info] [#0:script/workspace/loading.lua:88]: Skip loaded file: file:///home/astor/neovim/nvim/addons/nvim-treesitter/tests/indent/sway_spec.lua
[01:01:52.706][info] [#0:script/workspace/loading.lua:88]: Skip loaded file: file:///home/astor/neovim/nvim/addons/nvim-treesitter/tests/indent/lua/nested-table.lua
[01:01:52.706][info] [#0:script/workspace/loading.lua:88]: Skip loaded file: file:///home/astor/neovim/nvim/addons/nvim-treesitter/tests/indent/lua/table.lua
[01:01:52.706][info] [#0:script/workspace/loading.lua:88]: Skip loaded file: file:///home/astor/neovim/nvim/addons/nvim-treesitter/tests/indent/lua/cond.lua
[01:01:52.706][info] [#0:script/workspace/loading.lua:88]: Skip loaded file: file:///home/astor/neovim/nvim/addons/nvim-treesitter/tests/indent/lua/func.lua
[01:01:52.706][info] [#0:script/workspace/loading.lua:88]: Skip loaded file: file:///home/astor/neovim/nvim/addons/nvim-treesitter/tests/indent/lua/loop.lua
[01:01:52.707][info] [#0:script/workspace/loading.lua:88]: Skip loaded file: file:///home/astor/neovim/nvim/addons/nvim-treesitter/tests/indent/lua/string.lua
[01:01:52.707][info] [#0:script/workspace/loading.lua:88]: Skip loaded file: file:///home/astor/neovim/nvim/addons/nvim-treesitter/tests/indent/lua/method_index_expr.lua
[01:01:52.707][info] [#0:script/workspace/loading.lua:88]: Skip loaded file: file:///home/astor/neovim/nvim/addons/nvim-treesitter/tests/indent/lua/comment.lua
[01:01:52.707][info] [#0:script/workspace/loading.lua:88]: Skip loaded file: file:///home/astor/neovim/nvim/addons/nvim-treesitter/tests/indent/lua/no-indent-after-paren-pairs.lua
[01:01:52.707][info] [#0:script/workspace/loading.lua:88]: Skip loaded file: file:///home/astor/neovim/nvim/addons/nvim-treesitter/tests/indent/ruby_spec.lua
[01:01:52.707][info] [#0:script/workspace/loading.lua:88]: Skip loaded file: file:///home/astor/neovim/nvim/addons/nvim-treesitter/tests/indent/gleam_spec.lua
[01:01:52.707][info] [#0:script/workspace/loading.lua:88]: Skip loaded file: file:///home/astor/neovim/nvim/addons/nvim-treesitter/tests/indent/dart_spec.lua
[01:01:52.707][info] [#0:script/workspace/loading.lua:88]: Skip loaded file: file:///home/astor/neovim/nvim/addons/nvim-treesitter/tests/indent/swift_spec.lua
[01:01:52.708][info] [#0:script/workspace/loading.lua:88]: Skip loaded file: file:///home/astor/neovim/nvim/addons/nvim-treesitter/tests/indent/tiger_spec.lua
[01:01:52.708][info] [#0:script/workspace/loading.lua:88]: Skip loaded file: file:///home/astor/neovim/nvim/addons/nvim-treesitter/tests/indent/meson_spec.lua
[01:01:52.708][info] [#0:script/workspace/loading.lua:88]: Skip loaded file: file:///home/astor/neovim/nvim/addons/nvim-treesitter/tests/indent/rust_spec.lua
[01:01:52.708][info] [#0:script/workspace/loading.lua:88]: Skip loaded file: file:///home/astor/neovim/nvim/addons/nvim-treesitter/tests/indent/sql_spec.lua
[01:01:52.708][info] [#0:script/workspace/loading.lua:88]: Skip loaded file: file:///home/astor/neovim/nvim/addons/nvim-treesitter/tests/indent/usd_spec.lua
[01:01:52.708][info] [#0:script/workspace/loading.lua:88]: Skip loaded file: file:///home/astor/neovim/nvim/addons/nvim-treesitter/plugin/nvim-treesitter.lua
[01:01:52.708][info] [#0:script/workspace/loading.lua:88]: Skip loaded file: file:///home/astor/neovim/nvim/addons/nvim-treesitter/scripts/check-queries.lua
[01:01:52.709][info] [#0:script/workspace/loading.lua:88]: Skip loaded file: file:///home/astor/neovim/nvim/addons/nvim-treesitter/scripts/format-queries.lua
[01:01:52.709][info] [#0:script/workspace/loading.lua:88]: Skip loaded file: file:///home/astor/neovim/nvim/addons/nvim-treesitter/scripts/write-lockfile.lua
[01:01:52.709][info] [#0:script/workspace/loading.lua:88]: Skip loaded file: file:///home/astor/neovim/nvim/addons/nvim-treesitter/scripts/minimal_init.lua
[01:01:52.709][info] [#0:script/workspace/loading.lua:88]: Skip loaded file: file:///home/astor/neovim/nvim/addons/nvim-treesitter/scripts/update-readme.lua
[01:01:52.710][info] [#0:script/workspace/loading.lua:139]: Preload dll at: file:///home/astor/neovim/nvim/addons/nvim-treesitter/parser/vimdoc.so , size = 177.023 KB
[01:01:52.712][info] [#0:script/workspace/loading.lua:139]: Preload dll at: file:///home/astor/neovim/nvim/addons/nvim-treesitter/parser/json.so , size = 12.219 KB
[01:01:52.712][info] [#0:script/workspace/loading.lua:139]: Preload dll at: file:///home/astor/neovim/nvim/addons/nvim-treesitter/parser/lua.so , size = 57.539 KB
[01:01:52.714][info] [#0:script/workspace/loading.lua:139]: Preload dll at: file:///home/astor/neovim/nvim/addons/nvim-treesitter/parser/python.so , size = 460.992 KB
[01:01:52.722][info] [#0:script/workspace/loading.lua:139]: Preload dll at: file:///home/astor/neovim/nvim/addons/nvim-treesitter/parser/cpp.so , size = 3475.805 KB
[01:01:52.754][info] [#0:script/workspace/loading.lua:88]: Skip loaded file: file:///home/astor/neovim/nvim/addons/nvim-treesitter/lua/nvim-treesitter.lua
[01:01:52.754][info] [#0:script/workspace/loading.lua:88]: Skip loaded file: file:///home/astor/neovim/nvim/addons/nvim-treesitter/lua/nvim-treesitter/compat.lua
[01:01:52.754][info] [#0:script/workspace/loading.lua:88]: Skip loaded file: file:///home/astor/neovim/nvim/addons/nvim-treesitter/lua/nvim-treesitter/caching.lua
[01:01:52.754][info] [#0:script/workspace/loading.lua:88]: Skip loaded file: file:///home/astor/neovim/nvim/addons/nvim-treesitter/lua/nvim-treesitter/tsrange.lua
[01:01:52.754][info] [#0:script/workspace/loading.lua:88]: Skip loaded file: file:///home/astor/neovim/nvim/addons/nvim-treesitter/lua/nvim-treesitter/utils.lua
[01:01:52.754][info] [#0:script/workspace/loading.lua:88]: Skip loaded file: file:///home/astor/neovim/nvim/addons/nvim-treesitter/lua/nvim-treesitter/fold.lua
[01:01:52.754][info] [#0:script/workspace/loading.lua:88]: Skip loaded file: file:///home/astor/neovim/nvim/addons/nvim-treesitter/lua/nvim-treesitter/query_predicates.lua
[01:01:52.755][info] [#0:script/workspace/loading.lua:88]: Skip loaded file: file:///home/astor/neovim/nvim/addons/nvim-treesitter/lua/nvim-treesitter/incremental_selection.lua
[01:01:52.755][info] [#0:script/workspace/loading.lua:88]: Skip loaded file: file:///home/astor/neovim/nvim/addons/nvim-treesitter/lua/nvim-treesitter/parsers.lua
[01:01:52.755][info] [#0:script/workspace/loading.lua:88]: Skip loaded file: file:///home/astor/neovim/nvim/addons/nvim-treesitter/lua/nvim-treesitter/highlight.lua
[01:01:52.755][info] [#0:script/workspace/loading.lua:88]: Skip loaded file: file:///home/astor/neovim/nvim/addons/nvim-treesitter/lua/nvim-treesitter/install.lua
[01:01:52.755][info] [#0:script/workspace/loading.lua:88]: Skip loaded file: file:///home/astor/neovim/nvim/addons/nvim-treesitter/lua/nvim-treesitter/shell_command_selectors.lua
[01:01:52.755][info] [#0:script/workspace/loading.lua:88]: Skip loaded file: file:///home/astor/neovim/nvim/addons/nvim-treesitter/lua/nvim-treesitter/query.lua
[01:01:52.756][info] [#0:script/workspace/loading.lua:139]: Preload dll at: file:///home/astor/neovim/nvim/addons/nvim-treesitter/parser/bash.so , size = 1329.945 KB
[01:01:52.769][info] [#0:script/workspace/loading.lua:88]: Skip loaded file: file:///home/astor/neovim/nvim/addons/nvim-treesitter/lua/nvim-treesitter/info.lua
[01:01:52.769][info] [#0:script/workspace/loading.lua:88]: Skip loaded file: file:///home/astor/neovim/nvim/addons/nvim-treesitter/lua/nvim-treesitter/indent.lua
[01:01:52.769][info] [#0:script/workspace/loading.lua:88]: Skip loaded file: file:///home/astor/neovim/nvim/addons/nvim-treesitter/lua/nvim-treesitter/configs.lua
[01:01:52.769][info] [#0:script/workspace/loading.lua:88]: Skip loaded file: file:///home/astor/neovim/nvim/addons/nvim-treesitter/lua/nvim-treesitter/statusline.lua
[01:01:52.769][info] [#0:script/workspace/loading.lua:88]: Skip loaded file: file:///home/astor/neovim/nvim/addons/nvim-treesitter/lua/nvim-treesitter/locals.lua
[01:01:52.769][info] [#0:script/workspace/loading.lua:88]: Skip loaded file: file:///home/astor/neovim/nvim/addons/nvim-treesitter/lua/nvim-treesitter/ts_utils.lua
[01:01:52.769][info] [#0:script/workspace/loading.lua:88]: Skip loaded file: file:///home/astor/neovim/nvim/addons/nvim-treesitter/lua/nvim-treesitter/health.lua
[01:01:52.769][info] [#0:script/workspace/loading.lua:88]: Skip loaded file: file:///home/astor/neovim/nvim/addons/telescope-fzf-native.nvim/test/fzf_lib_spec.lua
[01:01:52.770][info] [#0:script/workspace/loading.lua:88]: Skip loaded file: file:///home/astor/neovim/nvim/addons/telescope-fzf-native.nvim/lua/telescope/_extensions/fzf.lua
[01:01:52.770][info] [#0:script/workspace/loading.lua:139]: Preload dll at: file:///home/astor/neovim/nvim/addons/telescope-fzf-native.nvim/build/libfzf.so , size = 25.094 KB
[01:01:52.770][info] [#0:script/workspace/loading.lua:88]: Skip loaded file: file:///home/astor/neovim/nvim/addons/telescope-fzf-native.nvim/lua/fzf_lib.lua
[01:01:52.770][info] [#0:script/workspace/loading.lua:88]: Skip loaded file: file:///home/astor/neovim/nvim/addons/which-key/tests/mappings_spec.lua
[01:01:52.770][info] [#0:script/workspace/loading.lua:88]: Skip loaded file: file:///home/astor/neovim/nvim/addons/which-key/tests/util_spec.lua
[01:01:52.771][info] [#0:script/workspace/loading.lua:88]: Skip loaded file: file:///home/astor/neovim/nvim/addons/which-key/tests/helpers.lua
[01:01:52.771][info] [#0:script/workspace/loading.lua:88]: Skip loaded file: file:///home/astor/neovim/nvim/addons/which-key/tests/buf_spec.lua
[01:01:52.771][info] [#0:script/workspace/loading.lua:88]: Skip loaded file: file:///home/astor/neovim/nvim/addons/which-key/tests/minit.lua
[01:01:52.771][info] [#0:script/workspace/loading.lua:88]: Skip loaded file: file:///home/astor/neovim/nvim/addons/which-key/tests/layout_spec.lua
[01:01:52.771][info] [#0:script/workspace/loading.lua:88]: Skip loaded file: file:///home/astor/neovim/nvim/addons/which-key/plugin/which-key.lua
[01:01:52.771][info] [#0:script/workspace/loading.lua:88]: Skip loaded file: file:///home/astor/neovim/nvim/addons/which-key/lua/which-key/triggers.lua
[01:01:52.771][info] [#0:script/workspace/loading.lua:88]: Skip loaded file: file:///home/astor/neovim/nvim/addons/which-key/lua/which-key/types.lua
[01:01:52.771][info] [#0:script/workspace/loading.lua:88]: Skip loaded file: file:///home/astor/neovim/nvim/addons/which-key/lua/which-key/mappings.lua
[01:01:52.772][info] [#0:script/workspace/loading.lua:88]: Skip loaded file: file:///home/astor/neovim/nvim/addons/which-key/lua/which-key/docs.lua
[01:01:52.772][info] [#0:script/workspace/loading.lua:88]: Skip loaded file: file:///home/astor/neovim/nvim/addons/which-key/lua/which-key/config.lua
[01:01:52.772][info] [#0:script/workspace/loading.lua:88]: Skip loaded file: file:///home/astor/neovim/nvim/addons/which-key/lua/which-key/tree.lua
[01:01:52.772][info] [#0:script/workspace/loading.lua:88]: Skip loaded file: file:///home/astor/neovim/nvim/addons/which-key/lua/which-key/util.lua
[01:01:52.772][info] [#0:script/workspace/loading.lua:88]: Skip loaded file: file:///home/astor/neovim/nvim/addons/which-key/lua/which-key/state.lua
[01:01:52.772][info] [#0:script/workspace/loading.lua:88]: Skip loaded file: file:///home/astor/neovim/nvim/addons/which-key/lua/which-key/buf.lua
[01:01:52.772][info] [#0:script/workspace/loading.lua:88]: Skip loaded file: file:///home/astor/neovim/nvim/addons/which-key/lua/which-key/colors.lua
[01:01:52.772][info] [#0:script/workspace/loading.lua:88]: Skip loaded file: file:///home/astor/neovim/nvim/addons/which-key/lua/which-key/plugins/marks.lua
[01:01:52.773][info] [#0:script/workspace/loading.lua:88]: Skip loaded file: file:///home/astor/neovim/nvim/addons/which-key/lua/which-key/plugins/registers.lua
[01:01:52.773][info] [#0:script/workspace/loading.lua:88]: Skip loaded file: file:///home/astor/neovim/nvim/addons/which-key/lua/which-key/plugins/presets.lua
[01:01:52.773][info] [#0:script/workspace/loading.lua:88]: Skip loaded file: file:///home/astor/neovim/nvim/addons/which-key/lua/which-key/plugins/spelling.lua
[01:01:52.773][info] [#0:script/workspace/loading.lua:88]: Skip loaded file: file:///home/astor/neovim/nvim/addons/which-key/lua/which-key/plugins/init.lua
[01:01:52.773][info] [#0:script/workspace/loading.lua:88]: Skip loaded file: file:///home/astor/neovim/nvim/addons/which-key/lua/which-key/migrate.lua
[01:01:52.773][info] [#0:script/workspace/loading.lua:88]: Skip loaded file: file:///home/astor/neovim/nvim/addons/which-key/lua/which-key/icons.lua
[01:01:52.774][info] [#0:script/workspace/loading.lua:88]: Skip loaded file: file:///home/astor/neovim/nvim/addons/which-key/lua/which-key/layout.lua
[01:01:52.774][info] [#0:script/workspace/loading.lua:88]: Skip loaded file: file:///home/astor/neovim/nvim/addons/which-key/lua/which-key/text.lua
[01:01:52.774][info] [#0:script/workspace/loading.lua:88]: Skip loaded file: file:///home/astor/neovim/nvim/addons/which-key/lua/which-key/presets.lua
[01:01:52.774][info] [#0:script/workspace/loading.lua:88]: Skip loaded file: file:///home/astor/neovim/nvim/addons/which-key/lua/which-key/extras.lua
[01:01:52.774][info] [#0:script/workspace/loading.lua:88]: Skip loaded file: file:///home/astor/neovim/nvim/addons/which-key/lua/which-key/init.lua
[01:01:52.774][info] [#0:script/workspace/loading.lua:88]: Skip loaded file: file:///home/astor/neovim/nvim/addons/which-key/lua/which-key/view.lua
[01:01:52.774][info] [#0:script/workspace/loading.lua:88]: Skip loaded file: file:///home/astor/neovim/nvim/addons/which-key/lua/which-key/health.lua
[01:01:52.774][info] [#0:script/workspace/loading.lua:88]: Skip loaded file: file:///home/astor/neovim/nvim/addons/which-key/lua/which-key/node.lua
[01:01:52.775][info] [#0:script/workspace/loading.lua:88]: Skip loaded file: file:///home/astor/neovim/nvim/addons/which-key/lua/which-key/win.lua
[01:01:52.775][info] [#0:script/workspace/loading.lua:88]: Skip loaded file: file:///home/astor/neovim/nvim/addons/comment.nvim/plugin/Comment.lua
[01:01:52.775][info] [#0:script/workspace/loading.lua:88]: Skip loaded file: file:///home/astor/neovim/nvim/addons/comment.nvim/lua/Comment/api.lua
[01:01:52.775][info] [#0:script/workspace/loading.lua:88]: Skip loaded file: file:///home/astor/neovim/nvim/addons/comment.nvim/lua/Comment/utils.lua
[01:01:52.775][info] [#0:script/workspace/loading.lua:88]: Skip loaded file: file:///home/astor/neovim/nvim/addons/comment.nvim/lua/Comment/config.lua
[01:01:52.775][info] [#0:script/workspace/loading.lua:88]: Skip loaded file: file:///home/astor/neovim/nvim/addons/comment.nvim/lua/Comment/extra.lua
[01:01:52.775][info] [#0:script/workspace/loading.lua:88]: Skip loaded file: file:///home/astor/neovim/nvim/addons/comment.nvim/lua/Comment/ft.lua
[01:01:52.775][info] [#0:script/workspace/loading.lua:88]: Skip loaded file: file:///home/astor/neovim/nvim/addons/comment.nvim/lua/Comment/opfunc.lua
[01:01:52.776][info] [#0:script/workspace/loading.lua:88]: Skip loaded file: file:///home/astor/neovim/nvim/addons/comment.nvim/lua/Comment/init.lua
[01:01:52.776][info] [#0:script/workspace/loading.lua:88]: Skip loaded file: file:///home/astor/neovim/nvim/lua/basic_setting/settings.lua
[01:01:52.776][info] [#0:script/workspace/loading.lua:88]: Skip loaded file: file:///home/astor/neovim/nvim/lua/basic_setting/lsp.lua
[01:01:52.776][info] [#0:script/workspace/loading.lua:88]: Skip loaded file: file:///home/astor/neovim/nvim/lua/basic_setting/plugins.lua
[01:01:52.776][info] [#0:script/workspace/loading.lua:88]: Skip loaded file: file:///home/astor/neovim/nvim/lua/basic_setting/theme.lua
[01:01:52.776][info] [#0:script/workspace/loading.lua:88]: Skip loaded file: file:///home/astor/neovim/nvim/lua/basic_setting/keymaps.lua
[01:01:52.776][info] [#0:script/workspace/loading.lua:88]: Skip loaded file: file:///home/astor/neovim/nvim/lua/expand_config/lualine.lua
[01:01:52.776][info] [#0:script/workspace/loading.lua:88]: Skip loaded file: file:///home/astor/neovim/nvim/lua/expand_config/nvim-web-devicons.lua
[01:01:52.777][info] [#0:script/workspace/loading.lua:88]: Skip loaded file: file:///home/astor/neovim/nvim/lua/expand_config/nvim-tree.lua
[01:01:52.777][info] [#0:script/workspace/loading.lua:88]: Skip loaded file: file:///home/astor/neovim/nvim/lua/expand_config/formatter.lua
[01:01:52.777][info] [#0:script/workspace/loading.lua:88]: Skip loaded file: file:///home/astor/neovim/nvim/lua/expand_config/neoscroll.lua
[01:01:52.777][info] [#0:script/workspace/loading.lua:88]: Skip loaded file: file:///home/astor/neovim/nvim/lua/expand_config/coc.lua
[01:01:52.777][info] [#0:script/workspace/loading.lua:88]: Skip loaded file: file:///home/astor/neovim/nvim/lua/expand_config/nvim-treesitter.lua
[01:01:52.777][info] [#0:script/workspace/loading.lua:88]: Skip loaded file: file:///home/astor/neovim/nvim/lua/expand_config/neogen.lua
[01:01:52.777][info] [#0:script/workspace/loading.lua:88]: Skip loaded file: file:///home/astor/neovim/nvim/lua/expand_config/header.lua
[01:01:52.777][info] [#0:script/workspace/loading.lua:88]: Skip loaded file: file:///home/astor/neovim/nvim/lua/expand_config/marks.lua
[01:01:52.778][info] [#0:script/workspace/loading.lua:88]: Skip loaded file: file:///home/astor/neovim/nvim/lua/expand_config/startify.lua
[01:01:52.778][info] [#0:script/workspace/loading.lua:88]: Skip loaded file: file:///home/astor/neovim/nvim/lua/expand_config/which-key.lua
[01:01:52.778][info] [#0:script/workspace/loading.lua:88]: Skip loaded file: file:///home/astor/neovim/nvim/lua/expand_config/gitsigns.lua
[01:01:52.778][info] [#0:script/workspace/loading.lua:88]: Skip loaded file: file:///home/astor/neovim/nvim/lua/expand_config/indent-blankline.lua
[01:01:52.778][info] [#0:script/workspace/loading.lua:88]: Skip loaded file: file:///home/astor/neovim/nvim/lua/expand_config/telescope.lua
[01:01:52.778][info] [#0:script/workspace/loading.lua:88]: Skip loaded file: file:///home/astor/neovim/nvim/lua/expand_config/tab-mode.lua
[01:01:52.778][info] [#0:script/workspace/loading.lua:88]: Skip loaded file: file:///home/astor/neovim/nvim/lua/expand_config/bufferline.lua
[01:01:52.779][info] [#0:script/workspace/loading.lua:88]: Skip loaded file: file:///home/astor/neovim/nvim/lua/expand_config/comment.lua
[01:01:52.779][info] [#0:script/workspace/loading.lua:88]: Skip loaded file: file:///home/astor/neovim/nvim/lua/color_config/catppuccin.lua
[01:01:52.779][info] [#0:script/workspace/loading.lua:88]: Skip loaded file: file:///home/astor/neovim/nvim/lua/color_config/kanagawa.lua
[01:01:52.779][info] [#0:script/workspace/loading.lua:88]: Skip loaded file: file:///home/astor/neovim/nvim/lua/color_config/tokyonight.lua
[01:01:52.779][info] [#0:script/workspace/loading.lua:88]: Skip loaded file: file:///home/astor/neovim/nvim/lua/color_config/rosepine.lua
[01:01:52.779][info] [#0:script/workspace/loading.lua:88]: Skip loaded file: file:///home/astor/neovim/nvim/lua/color_config/gruvbox.lua
[01:01:52.779][info] [#0:script/workspace/loading.lua:88]: Skip loaded file: file:///home/astor/neovim/nvim/themes/rosepine/colors/rose-pine.lua
[01:01:52.779][info] [#0:script/workspace/loading.lua:88]: Skip loaded file: file:///home/astor/neovim/nvim/themes/rosepine/colors/rose-pine-main.lua
[01:01:52.780][info] [#0:script/workspace/loading.lua:88]: Skip loaded file: file:///home/astor/neovim/nvim/themes/rosepine/colors/rose-pine-dawn.lua
[01:01:52.780][info] [#0:script/workspace/loading.lua:88]: Skip loaded file: file:///home/astor/neovim/nvim/themes/rosepine/colors/rose-pine-moon.lua
[01:01:52.780][info] [#0:script/workspace/loading.lua:88]: Skip loaded file: file:///home/astor/neovim/nvim/themes/rosepine/lua/lualine/themes/rose-pine-alt.lua
[01:01:52.780][info] [#0:script/workspace/loading.lua:88]: Skip loaded file: file:///home/astor/neovim/nvim/themes/rosepine/lua/lualine/themes/rose-pine.lua
[01:01:52.780][info] [#0:script/workspace/loading.lua:88]: Skip loaded file: file:///home/astor/neovim/nvim/themes/rosepine/lua/rose-pine.lua
[01:01:52.780][info] [#0:script/workspace/loading.lua:88]: Skip loaded file: file:///home/astor/neovim/nvim/themes/rosepine/lua/rose-pine/config.lua
[01:01:52.780][info] [#0:script/workspace/loading.lua:88]: Skip loaded file: file:///home/astor/neovim/nvim/themes/rosepine/lua/rose-pine/plugins/toggleterm.lua
[01:01:52.780][info] [#0:script/workspace/loading.lua:88]: Skip loaded file: file:///home/astor/neovim/nvim/themes/rosepine/lua/rose-pine/plugins/markid.lua
[01:01:52.781][info] [#0:script/workspace/loading.lua:88]: Skip loaded file: file:///home/astor/neovim/nvim/themes/rosepine/lua/rose-pine/plugins/obsidian.lua
[01:01:52.781][info] [#0:script/workspace/loading.lua:88]: Skip loaded file: file:///home/astor/neovim/nvim/themes/rosepine/lua/rose-pine/plugins/galaxyline.lua
[01:01:52.781][info] [#0:script/workspace/loading.lua:88]: Skip loaded file: file:///home/astor/neovim/nvim/themes/rosepine/lua/rose-pine/plugins/bufferline.lua
[01:01:52.781][info] [#0:script/workspace/loading.lua:88]: Skip loaded file: file:///home/astor/neovim/nvim/themes/rosepine/lua/rose-pine/utilities.lua
[01:01:52.781][info] [#0:script/workspace/loading.lua:88]: Skip loaded file: file:///home/astor/neovim/nvim/themes/rosepine/lua/rose-pine/palette.lua
[01:01:52.781][info] [#0:script/workspace/loading.lua:88]: Skip loaded file: file:///home/astor/neovim/nvim/themes/kanagawa/extras/wezterm/kanagawa-dragon.lua
[01:01:52.781][info] [#0:script/workspace/loading.lua:88]: Skip loaded file: file:///home/astor/neovim/nvim/themes/kanagawa/extras/wezterm/kanagawa.lua
[01:01:52.781][info] [#0:script/workspace/loading.lua:88]: Skip loaded file: file:///home/astor/neovim/nvim/themes/kanagawa/lua/lualine/themes/kanagawa.lua
[01:01:52.782][info] [#0:script/workspace/loading.lua:88]: Skip loaded file: file:///home/astor/neovim/nvim/themes/kanagawa/lua/kanagawa/utils.lua
[01:01:52.782][info] [#0:script/workspace/loading.lua:88]: Skip loaded file: file:///home/astor/neovim/nvim/themes/kanagawa/lua/kanagawa/colors.lua
[01:01:52.782][info] [#0:script/workspace/loading.lua:88]: Skip loaded file: file:///home/astor/neovim/nvim/themes/kanagawa/lua/kanagawa/lib/hsluv.lua
[01:01:52.782][info] [#0:script/workspace/loading.lua:88]: Skip loaded file: file:///home/astor/neovim/nvim/themes/kanagawa/lua/kanagawa/lib/color.lua
[01:01:52.782][info] [#0:script/workspace/loading.lua:88]: Skip loaded file: file:///home/astor/neovim/nvim/themes/kanagawa/lua/kanagawa/highlights/treesitter.lua
[01:01:52.782][info] [#0:script/workspace/loading.lua:88]: Skip loaded file: file:///home/astor/neovim/nvim/themes/kanagawa/lua/kanagawa/highlights/lsp.lua
[01:01:52.782][info] [#0:script/workspace/loading.lua:88]: Skip loaded file: file:///home/astor/neovim/nvim/themes/kanagawa/lua/kanagawa/highlights/syntax.lua
[01:01:52.783][info] [#0:script/workspace/loading.lua:88]: Skip loaded file: file:///home/astor/neovim/nvim/themes/kanagawa/lua/kanagawa/highlights/editor.lua
[01:01:52.783][info] [#0:script/workspace/loading.lua:88]: Skip loaded file: file:///home/astor/neovim/nvim/themes/kanagawa/lua/kanagawa/highlights/plugins.lua
[01:01:52.783][info] [#0:script/workspace/loading.lua:88]: Skip loaded file: file:///home/astor/neovim/nvim/themes/kanagawa/lua/kanagawa/highlights/init.lua
[01:01:52.783][info] [#0:script/workspace/loading.lua:88]: Skip loaded file: file:///home/astor/neovim/nvim/themes/kanagawa/lua/kanagawa/themes.lua
[01:01:52.783][info] [#0:script/workspace/loading.lua:88]: Skip loaded file: file:///home/astor/neovim/nvim/themes/kanagawa/lua/kanagawa/init.lua
[01:01:52.783][info] [#0:script/workspace/loading.lua:88]: Skip loaded file: file:///home/astor/neovim/nvim/themes/gruvbox/tests/gruvbox/gruvbox_spec.lua
[01:01:52.783][info] [#0:script/workspace/loading.lua:88]: Skip loaded file: file:///home/astor/neovim/nvim/themes/gruvbox/tests/minimal_init.lua
[01:01:52.783][info] [#0:script/workspace/loading.lua:88]: Skip loaded file: file:///home/astor/neovim/nvim/themes/gruvbox/colors/gruvbox.lua
[01:01:52.784][info] [#0:script/workspace/loading.lua:88]: Skip loaded file: file:///home/astor/neovim/nvim/themes/gruvbox/lua/gruvbox.lua
[01:01:52.784][info] [#0:script/workspace/loading.lua:88]: Skip loaded file: file:///home/astor/neovim/nvim/themes/catppuccin/tests/palette_spec.lua
[01:01:52.784][info] [#0:script/workspace/loading.lua:88]: Skip loaded file: file:///home/astor/neovim/nvim/themes/catppuccin/tests/pattern_spec.lua
[01:01:52.784][info] [#0:script/workspace/loading.lua:88]: Skip loaded file: file:///home/astor/neovim/nvim/themes/catppuccin/tests/flavour_spec.lua
[01:01:52.784][info] [#0:script/workspace/loading.lua:88]: Skip loaded file: file:///home/astor/neovim/nvim/themes/catppuccin/tests/init.lua
[01:01:52.784][info] [#0:script/workspace/loading.lua:88]: Skip loaded file: file:///home/astor/neovim/nvim/themes/catppuccin/tests/hash_spec.lua
[01:01:52.784][info] [#0:script/workspace/loading.lua:88]: Skip loaded file: file:///home/astor/neovim/nvim/themes/catppuccin/scripts/generate_integration_mappings_table.lua
[01:01:52.784][info] [#0:script/workspace/loading.lua:88]: Skip loaded file: file:///home/astor/neovim/nvim/themes/catppuccin/lua/reactive/presets/catppuccin-macchiato-cursorline.lua
[01:01:52.785][info] [#0:script/workspace/loading.lua:88]: Skip loaded file: file:///home/astor/neovim/nvim/themes/catppuccin/lua/reactive/presets/catppuccin-latte-cursorline.lua
[01:01:52.785][info] [#0:script/workspace/loading.lua:88]: Skip loaded file: file:///home/astor/neovim/nvim/themes/catppuccin/lua/reactive/presets/catppuccin-frappe-cursorline.lua
[01:01:52.785][info] [#0:script/workspace/loading.lua:88]: Skip loaded file: file:///home/astor/neovim/nvim/themes/catppuccin/lua/reactive/presets/catppuccin-macchiato-cursor.lua
[01:01:52.785][info] [#0:script/workspace/loading.lua:88]: Skip loaded file: file:///home/astor/neovim/nvim/themes/catppuccin/lua/reactive/presets/catppuccin-mocha-cursorline.lua
[01:01:52.785][info] [#0:script/workspace/loading.lua:88]: Skip loaded file: file:///home/astor/neovim/nvim/themes/catppuccin/lua/reactive/presets/catppuccin-latte-cursor.lua
[01:01:52.785][info] [#0:script/workspace/loading.lua:88]: Skip loaded file: file:///home/astor/neovim/nvim/themes/catppuccin/lua/reactive/presets/catppuccin-mocha-cursor.lua
[01:01:52.785][info] [#0:script/workspace/loading.lua:88]: Skip loaded file: file:///home/astor/neovim/nvim/themes/catppuccin/lua/reactive/presets/catppuccin-frappe-cursor.lua
[01:01:52.785][info] [#0:script/workspace/loading.lua:88]: Skip loaded file: file:///home/astor/neovim/nvim/themes/catppuccin/lua/lualine/themes/catppuccin.lua
[01:01:52.786][info] [#0:script/workspace/loading.lua:88]: Skip loaded file: file:///home/astor/neovim/nvim/themes/catppuccin/lua/lualine/themes/catppuccin-latte.lua
[01:01:52.786][info] [#0:script/workspace/loading.lua:88]: Skip loaded file: file:///home/astor/neovim/nvim/themes/catppuccin/lua/lualine/themes/catppuccin-mocha.lua
[01:01:52.786][info] [#0:script/workspace/loading.lua:88]: Skip loaded file: file:///home/astor/neovim/nvim/themes/catppuccin/lua/lualine/themes/catppuccin-macchiato.lua
[01:01:52.786][info] [#0:script/workspace/loading.lua:88]: Skip loaded file: file:///home/astor/neovim/nvim/themes/catppuccin/lua/lualine/themes/catppuccin-frappe.lua
[01:01:52.786][info] [#0:script/workspace/loading.lua:88]: Skip loaded file: file:///home/astor/neovim/nvim/themes/catppuccin/lua/catppuccin/types.lua
[01:01:52.786][info] [#0:script/workspace/loading.lua:88]: Skip loaded file: file:///home/astor/neovim/nvim/themes/catppuccin/lua/catppuccin/palettes/mocha.lua
[01:01:52.786][info] [#0:script/workspace/loading.lua:88]: Skip loaded file: file:///home/astor/neovim/nvim/themes/catppuccin/lua/catppuccin/palettes/frappe.lua
[01:01:52.786][info] [#0:script/workspace/loading.lua:88]: Skip loaded file: file:///home/astor/neovim/nvim/themes/catppuccin/lua/catppuccin/palettes/macchiato.lua
[01:01:52.787][info] [#0:script/workspace/loading.lua:88]: Skip loaded file: file:///home/astor/neovim/nvim/themes/catppuccin/lua/catppuccin/palettes/latte.lua
[01:01:52.787][info] [#0:script/workspace/loading.lua:88]: Skip loaded file: file:///home/astor/neovim/nvim/themes/catppuccin/lua/catppuccin/palettes/init.lua
[01:01:52.787][info] [#0:script/workspace/loading.lua:88]: Skip loaded file: file:///home/astor/neovim/nvim/themes/catppuccin/lua/catppuccin/groups/treesitter.lua
[01:01:52.787][info] [#0:script/workspace/loading.lua:88]: Skip loaded file: file:///home/astor/neovim/nvim/themes/catppuccin/lua/catppuccin/groups/lsp.lua
[01:01:52.787][info] [#0:script/workspace/loading.lua:88]: Skip loaded file: file:///home/astor/neovim/nvim/themes/catppuccin/lua/catppuccin/groups/syntax.lua
[01:01:52.787][info] [#0:script/workspace/loading.lua:88]: Skip loaded file: file:///home/astor/neovim/nvim/themes/catppuccin/lua/catppuccin/groups/editor.lua
[01:01:52.787][info] [#0:script/workspace/loading.lua:88]: Skip loaded file: file:///home/astor/neovim/nvim/themes/catppuccin/lua/catppuccin/groups/integrations/window_picker.lua
[01:01:52.787][info] [#0:script/workspace/loading.lua:88]: Skip loaded file: file:///home/astor/neovim/nvim/themes/catppuccin/lua/catppuccin/groups/integrations/beacon.lua
[01:01:52.788][info] [#0:script/workspace/loading.lua:88]: Skip loaded file: file:///home/astor/neovim/nvim/themes/catppuccin/lua/catppuccin/groups/integrations/lsp_trouble.lua
[01:01:52.788][info] [#0:script/workspace/loading.lua:88]: Skip loaded file: file:///home/astor/neovim/nvim/themes/catppuccin/lua/catppuccin/groups/integrations/pounce.lua
[01:01:52.788][info] [#0:script/workspace/loading.lua:88]: Skip loaded file: file:///home/astor/neovim/nvim/themes/catppuccin/lua/catppuccin/groups/integrations/mini.lua
[01:01:52.788][info] [#0:script/workspace/loading.lua:88]: Skip loaded file: file:///home/astor/neovim/nvim/themes/catppuccin/lua/catppuccin/groups/integrations/notify.lua
[01:01:52.788][info] [#0:script/workspace/loading.lua:88]: Skip loaded file: file:///home/astor/neovim/nvim/themes/catppuccin/lua/catppuccin/groups/integrations/nvimtree.lua
[01:01:52.788][info] [#0:script/workspace/loading.lua:88]: Skip loaded file: file:///home/astor/neovim/nvim/themes/catppuccin/lua/catppuccin/groups/integrations/mason.lua
[01:01:52.788][info] [#0:script/workspace/loading.lua:88]: Skip loaded file: file:///home/astor/neovim/nvim/themes/catppuccin/lua/catppuccin/groups/integrations/lightspeed.lua
[01:01:52.789][info] [#0:script/workspace/loading.lua:88]: Skip loaded file: file:///home/astor/neovim/nvim/themes/catppuccin/lua/catppuccin/groups/integrations/barbar.lua
[01:01:52.789][info] [#0:script/workspace/loading.lua:88]: Skip loaded file: file:///home/astor/neovim/nvim/themes/catppuccin/lua/catppuccin/groups/integrations/neogit.lua
[01:01:52.789][info] [#0:script/workspace/loading.lua:88]: Skip loaded file: file:///home/astor/neovim/nvim/themes/catppuccin/lua/catppuccin/groups/integrations/avante.lua
[01:01:52.789][info] [#0:script/workspace/loading.lua:88]: Skip loaded file: file:///home/astor/neovim/nvim/themes/catppuccin/lua/catppuccin/groups/integrations/fern.lua
[01:01:52.789][info] [#0:script/workspace/loading.lua:88]: Skip loaded file: file:///home/astor/neovim/nvim/themes/catppuccin/lua/catppuccin/groups/integrations/telekasten.lua
[01:01:52.789][info] [#0:script/workspace/loading.lua:88]: Skip loaded file: file:///home/astor/neovim/nvim/themes/catppuccin/lua/catppuccin/groups/integrations/overseer.lua
[01:01:52.789][info] [#0:script/workspace/loading.lua:88]: Skip loaded file: file:///home/astor/neovim/nvim/themes/catppuccin/lua/catppuccin/groups/integrations/aerial.lua
[01:01:52.789][info] [#0:script/workspace/loading.lua:88]: Skip loaded file: file:///home/astor/neovim/nvim/themes/catppuccin/lua/catppuccin/groups/integrations/which_key.lua
[01:01:52.790][info] [#0:script/workspace/loading.lua:88]: Skip loaded file: file:///home/astor/neovim/nvim/themes/catppuccin/lua/catppuccin/groups/integrations/markview.lua
[01:01:52.790][info] [#0:script/workspace/loading.lua:88]: Skip loaded file: file:///home/astor/neovim/nvim/themes/catppuccin/lua/catppuccin/groups/integrations/copilot_vim.lua
[01:01:52.790][info] [#0:script/workspace/loading.lua:88]: Skip loaded file: file:///home/astor/neovim/nvim/themes/catppuccin/lua/catppuccin/groups/integrations/fidget.lua
[01:01:52.790][info] [#0:script/workspace/loading.lua:88]: Skip loaded file: file:///home/astor/neovim/nvim/themes/catppuccin/lua/catppuccin/groups/integrations/alpha.lua
[01:01:52.790][info] [#0:script/workspace/loading.lua:88]: Skip loaded file: file:///home/astor/neovim/nvim/themes/catppuccin/lua/catppuccin/groups/integrations/leap.lua
[01:01:52.790][info] [#0:script/workspace/loading.lua:88]: Skip loaded file: file:///home/astor/neovim/nvim/themes/catppuccin/lua/catppuccin/groups/integrations/illuminate.lua
[01:01:52.790][info] [#0:script/workspace/loading.lua:88]: Skip loaded file: file:///home/astor/neovim/nvim/themes/catppuccin/lua/catppuccin/groups/integrations/symbols_outline.lua
[01:01:52.791][info] [#0:script/workspace/loading.lua:88]: Skip loaded file: file:///home/astor/neovim/nvim/themes/catppuccin/lua/catppuccin/groups/integrations/lir.lua
[01:01:52.791][info] [#0:script/workspace/loading.lua:88]: Skip loaded file: file:///home/astor/neovim/nvim/themes/catppuccin/lua/catppuccin/groups/integrations/ufo.lua
[01:01:52.791][info] [#0:script/workspace/loading.lua:88]: Skip loaded file: file:///home/astor/neovim/nvim/themes/catppuccin/lua/catppuccin/groups/integrations/nvim_surround.lua
[01:01:52.791][info] [#0:script/workspace/loading.lua:88]: Skip loaded file: file:///home/astor/neovim/nvim/themes/catppuccin/lua/catppuccin/groups/integrations/dap_ui.lua
[01:01:52.791][info] [#0:script/workspace/loading.lua:88]: Skip loaded file: file:///home/astor/neovim/nvim/themes/catppuccin/lua/catppuccin/groups/integrations/dap.lua
[01:01:52.791][info] [#0:script/workspace/loading.lua:88]: Skip loaded file: file:///home/astor/neovim/nvim/themes/catppuccin/lua/catppuccin/groups/integrations/grug_far.lua
[01:01:52.791][info] [#0:script/workspace/loading.lua:88]: Skip loaded file: file:///home/astor/neovim/nvim/themes/catppuccin/lua/catppuccin/groups/integrations/notifier.lua
[01:01:52.791][info] [#0:script/workspace/loading.lua:88]: Skip loaded file: file:///home/astor/neovim/nvim/themes/catppuccin/lua/catppuccin/groups/integrations/fzf.lua
[01:01:52.792][info] [#0:script/workspace/loading.lua:88]: Skip loaded file: file:///home/astor/neovim/nvim/themes/catppuccin/lua/catppuccin/groups/integrations/gitgutter.lua
[01:01:52.792][info] [#0:script/workspace/loading.lua:88]: Skip loaded file: file:///home/astor/neovim/nvim/themes/catppuccin/lua/catppuccin/groups/integrations/render_markdown.lua
[01:01:52.792][info] [#0:script/workspace/loading.lua:88]: Skip loaded file: file:///home/astor/neovim/nvim/themes/catppuccin/lua/catppuccin/groups/integrations/coc_nvim.lua
[01:01:52.792][info] [#0:script/workspace/loading.lua:88]: Skip loaded file: file:///home/astor/neovim/nvim/themes/catppuccin/lua/catppuccin/groups/integrations/harpoon.lua
[01:01:52.792][info] [#0:script/workspace/loading.lua:88]: Skip loaded file: file:///home/astor/neovim/nvim/themes/catppuccin/lua/catppuccin/groups/integrations/cmp.lua
[01:01:52.792][info] [#0:script/workspace/loading.lua:88]: Skip loaded file: file:///home/astor/neovim/nvim/themes/catppuccin/lua/catppuccin/groups/integrations/neotest.lua
[01:01:52.792][info] [#0:script/workspace/loading.lua:88]: Skip loaded file: file:///home/astor/neovim/nvim/themes/catppuccin/lua/catppuccin/groups/integrations/octo.lua
[01:01:52.793][info] [#0:script/workspace/loading.lua:88]: Skip loaded file: file:///home/astor/neovim/nvim/themes/catppuccin/lua/catppuccin/groups/integrations/indent_blankline.lua
[01:01:52.793][info] [#0:script/workspace/loading.lua:88]: Skip loaded file: file:///home/astor/neovim/nvim/themes/catppuccin/lua/catppuccin/groups/integrations/hop.lua
[01:01:52.793][info] [#0:script/workspace/loading.lua:88]: Skip loaded file: file:///home/astor/neovim/nvim/themes/catppuccin/lua/catppuccin/groups/integrations/gitsigns.lua
[01:01:52.793][info] [#0:script/workspace/loading.lua:88]: Skip loaded file: file:///home/astor/neovim/nvim/themes/catppuccin/lua/catppuccin/groups/integrations/diffview.lua
[01:01:52.793][info] [#0:script/workspace/loading.lua:88]: Skip loaded file: file:///home/astor/neovim/nvim/themes/catppuccin/lua/catppuccin/groups/integrations/neotree.lua
[01:01:52.793][info] [#0:script/workspace/loading.lua:88]: Skip loaded file: file:///home/astor/neovim/nvim/themes/catppuccin/lua/catppuccin/groups/integrations/noice.lua
[01:01:52.793][info] [#0:script/workspace/loading.lua:88]: Skip loaded file: file:///home/astor/neovim/nvim/themes/catppuccin/lua/catppuccin/groups/integrations/dropbar.lua
[01:01:52.793][info] [#0:script/workspace/loading.lua:88]: Skip loaded file: file:///home/astor/neovim/nvim/themes/catppuccin/lua/catppuccin/groups/integrations/vimwiki.lua
[01:01:52.794][info] [#0:script/workspace/loading.lua:88]: Skip loaded file: file:///home/astor/neovim/nvim/themes/catppuccin/lua/catppuccin/groups/integrations/headlines.lua
[01:01:52.794][info] [#0:script/workspace/loading.lua:88]: Skip loaded file: file:///home/astor/neovim/nvim/themes/catppuccin/lua/catppuccin/groups/integrations/lsp_saga.lua
[01:01:52.794][info] [#0:script/workspace/loading.lua:88]: Skip loaded file: file:///home/astor/neovim/nvim/themes/catppuccin/lua/catppuccin/groups/integrations/telescope.lua
[01:01:52.794][info] [#0:script/workspace/loading.lua:88]: Skip loaded file: file:///home/astor/neovim/nvim/themes/catppuccin/lua/catppuccin/groups/integrations/navic.lua
[01:01:52.794][info] [#0:script/workspace/loading.lua:88]: Skip loaded file: file:///home/astor/neovim/nvim/themes/catppuccin/lua/catppuccin/groups/integrations/colorful_winsep.lua
[01:01:52.794][info] [#0:script/workspace/loading.lua:88]: Skip loaded file: file:///home/astor/neovim/nvim/themes/catppuccin/lua/catppuccin/groups/integrations/dashboard.lua
[01:01:52.794][info] [#0:script/workspace/loading.lua:88]: Skip loaded file: file:///home/astor/neovim/nvim/themes/catppuccin/lua/catppuccin/groups/integrations/gitgraph.lua
[01:01:52.794][info] [#0:script/workspace/loading.lua:88]: Skip loaded file: file:///home/astor/neovim/nvim/themes/catppuccin/lua/catppuccin/groups/integrations/ts_rainbow2.lua
[01:01:52.795][info] [#0:script/workspace/loading.lua:88]: Skip loaded file: file:///home/astor/neovim/nvim/themes/catppuccin/lua/catppuccin/groups/integrations/ts_rainbow.lua
[01:01:52.795][info] [#0:script/workspace/loading.lua:88]: Skip loaded file: file:///home/astor/neovim/nvim/themes/catppuccin/lua/catppuccin/groups/integrations/blink_cmp.lua
[01:01:52.795][info] [#0:script/workspace/loading.lua:88]: Skip loaded file: file:///home/astor/neovim/nvim/themes/catppuccin/lua/catppuccin/groups/integrations/buffon.lua
[01:01:52.795][info] [#0:script/workspace/loading.lua:88]: Skip loaded file: file:///home/astor/neovim/nvim/themes/catppuccin/lua/catppuccin/groups/integrations/signify.lua
[01:01:52.795][info] [#0:script/workspace/loading.lua:88]: Skip loaded file: file:///home/astor/neovim/nvim/themes/catppuccin/lua/catppuccin/groups/integrations/snacks.lua
[01:01:52.795][info] [#0:script/workspace/loading.lua:88]: Skip loaded file: file:///home/astor/neovim/nvim/themes/catppuccin/lua/catppuccin/groups/integrations/dadbod_ui.lua
[01:01:52.795][info] [#0:script/workspace/loading.lua:88]: Skip loaded file: file:///home/astor/neovim/nvim/themes/catppuccin/lua/catppuccin/groups/integrations/vim_sneak.lua
[01:01:52.795][info] [#0:script/workspace/loading.lua:88]: Skip loaded file: file:///home/astor/neovim/nvim/themes/catppuccin/lua/catppuccin/groups/integrations/sandwich.lua
[01:01:52.796][info] [#0:script/workspace/loading.lua:88]: Skip loaded file: file:///home/astor/neovim/nvim/themes/catppuccin/lua/catppuccin/groups/integrations/treesitter_context.lua
[01:01:52.796][info] [#0:script/workspace/loading.lua:88]: Skip loaded file: file:///home/astor/neovim/nvim/themes/catppuccin/lua/catppuccin/groups/integrations/rainbow_delimiters.lua
[01:01:52.796][info] [#0:script/workspace/loading.lua:88]: Skip loaded file: file:///home/astor/neovim/nvim/themes/catppuccin/lua/catppuccin/groups/integrations/flash.lua
[01:01:52.796][info] [#0:script/workspace/loading.lua:88]: Skip loaded file: file:///home/astor/neovim/nvim/themes/catppuccin/lua/catppuccin/groups/semantic_tokens.lua
[01:01:52.796][info] [#0:script/workspace/loading.lua:88]: Skip loaded file: file:///home/astor/neovim/nvim/themes/catppuccin/lua/catppuccin/groups/terminal.lua
[01:01:52.796][info] [#0:script/workspace/loading.lua:88]: Skip loaded file: file:///home/astor/neovim/nvim/themes/catppuccin/lua/catppuccin/lib/mapper.lua
[01:01:52.796][info] [#0:script/workspace/loading.lua:88]: Skip loaded file: file:///home/astor/neovim/nvim/themes/catppuccin/lua/catppuccin/lib/vim/bit.lua
[01:01:52.796][info] [#0:script/workspace/loading.lua:88]: Skip loaded file: file:///home/astor/neovim/nvim/themes/catppuccin/lua/catppuccin/lib/vim/compiler.lua
[01:01:52.797][info] [#0:script/workspace/loading.lua:88]: Skip loaded file: file:///home/astor/neovim/nvim/themes/catppuccin/lua/catppuccin/lib/vim/init.lua
[01:01:52.797][info] [#0:script/workspace/loading.lua:88]: Skip loaded file: file:///home/astor/neovim/nvim/themes/catppuccin/lua/catppuccin/lib/hsluv.lua
[01:01:52.797][info] [#0:script/workspace/loading.lua:88]: Skip loaded file: file:///home/astor/neovim/nvim/themes/catppuccin/lua/catppuccin/lib/highlighter.lua
[01:01:52.797][info] [#0:script/workspace/loading.lua:88]: Skip loaded file: file:///home/astor/neovim/nvim/themes/catppuccin/lua/catppuccin/lib/compiler.lua
[01:01:52.797][info] [#0:script/workspace/loading.lua:88]: Skip loaded file: file:///home/astor/neovim/nvim/themes/catppuccin/lua/catppuccin/lib/hashing.lua
[01:01:52.797][info] [#0:script/workspace/loading.lua:88]: Skip loaded file: file:///home/astor/neovim/nvim/themes/catppuccin/lua/catppuccin/lib/detect_integrations.lua
[01:01:52.797][info] [#0:script/workspace/loading.lua:88]: Skip loaded file: file:///home/astor/neovim/nvim/themes/catppuccin/lua/catppuccin/utils/lualine.lua
[01:01:52.797][info] [#0:script/workspace/loading.lua:88]: Skip loaded file: file:///home/astor/neovim/nvim/themes/catppuccin/lua/catppuccin/utils/barbecue.lua
[01:01:52.798][info] [#0:script/workspace/loading.lua:88]: Skip loaded file: file:///home/astor/neovim/nvim/themes/catppuccin/lua/catppuccin/utils/colors.lua
[01:01:52.798][info] [#0:script/workspace/loading.lua:88]: Skip loaded file: file:///home/astor/neovim/nvim/themes/catppuccin/lua/catppuccin/utils/integration_mappings.lua
[01:01:52.798][info] [#0:script/workspace/loading.lua:88]: Skip loaded file: file:///home/astor/neovim/nvim/themes/catppuccin/lua/catppuccin/utils/reactive.lua
[01:01:52.798][info] [#0:script/workspace/loading.lua:88]: Skip loaded file: file:///home/astor/neovim/nvim/themes/catppuccin/lua/catppuccin/special/bufferline.lua
[01:01:52.798][info] [#0:script/workspace/loading.lua:88]: Skip loaded file: file:///home/astor/neovim/nvim/themes/catppuccin/lua/catppuccin/special/feline.lua
[01:01:52.798][info] [#0:script/workspace/loading.lua:88]: Skip loaded file: file:///home/astor/neovim/nvim/themes/catppuccin/lua/catppuccin/init.lua
[01:01:52.798][info] [#0:script/workspace/loading.lua:88]: Skip loaded file: file:///home/astor/neovim/nvim/themes/catppuccin/lua/barbecue/theme/catppuccin.lua
[01:01:52.799][info] [#0:script/workspace/loading.lua:88]: Skip loaded file: file:///home/astor/neovim/nvim/themes/catppuccin/lua/barbecue/theme/catppuccin-latte.lua
[01:01:52.799][info] [#0:script/workspace/loading.lua:88]: Skip loaded file: file:///home/astor/neovim/nvim/themes/catppuccin/lua/barbecue/theme/catppuccin-mocha.lua
[01:01:52.799][info] [#0:script/workspace/loading.lua:88]: Skip loaded file: file:///home/astor/neovim/nvim/themes/catppuccin/lua/barbecue/theme/catppuccin-macchiato.lua
[01:01:52.799][info] [#0:script/workspace/loading.lua:88]: Skip loaded file: file:///home/astor/neovim/nvim/themes/catppuccin/lua/barbecue/theme/catppuccin-frappe.lua
[01:01:52.799][info] [#0:script/workspace/loading.lua:88]: Skip loaded file: file:///home/astor/neovim/nvim/themes/tokyonight/tests/groups_spec.lua
[01:01:52.799][info] [#0:script/workspace/loading.lua:88]: Skip loaded file: file:///home/astor/neovim/nvim/themes/tokyonight/tests/colorscheme_spec.lua
[01:01:52.799][info] [#0:script/workspace/loading.lua:88]: Skip loaded file: file:///home/astor/neovim/nvim/themes/tokyonight/tests/minit.lua
[01:01:52.799][info] [#0:script/workspace/loading.lua:88]: Skip loaded file: file:///home/astor/neovim/nvim/themes/tokyonight/.lazy.lua
[01:01:52.800][info] [#0:script/workspace/loading.lua:88]: Skip loaded file: file:///home/astor/neovim/nvim/themes/tokyonight/extras/lua/tokyonight_day.lua
[01:01:52.800][info] [#0:script/workspace/loading.lua:88]: Skip loaded file: file:///home/astor/neovim/nvim/themes/tokyonight/extras/lua/tokyonight_moon.lua
[01:01:52.800][info] [#0:script/workspace/loading.lua:88]: Skip loaded file: file:///home/astor/neovim/nvim/themes/tokyonight/extras/lua/tokyonight_storm.lua
[01:01:52.800][info] [#0:script/workspace/loading.lua:88]: Skip loaded file: file:///home/astor/neovim/nvim/themes/tokyonight/extras/lua/tokyonight_night.lua
[01:01:52.800][info] [#0:script/workspace/loading.lua:88]: Skip loaded file: file:///home/astor/neovim/nvim/themes/tokyonight/colors/tokyonight-storm.lua
[01:01:52.800][info] [#0:script/workspace/loading.lua:88]: Skip loaded file: file:///home/astor/neovim/nvim/themes/tokyonight/colors/tokyonight.lua
[01:01:52.800][info] [#0:script/workspace/loading.lua:88]: Skip loaded file: file:///home/astor/neovim/nvim/themes/tokyonight/colors/tokyonight-moon.lua
[01:01:52.800][info] [#0:script/workspace/loading.lua:88]: Skip loaded file: file:///home/astor/neovim/nvim/themes/tokyonight/colors/tokyonight-night.lua
[01:01:52.801][info] [#0:script/workspace/loading.lua:88]: Skip loaded file: file:///home/astor/neovim/nvim/themes/tokyonight/colors/tokyonight-day.lua
[01:01:52.801][info] [#0:script/workspace/loading.lua:88]: Skip loaded file: file:///home/astor/neovim/nvim/themes/tokyonight/lua/lightline/colorscheme/tokyonight.lua
[01:01:52.801][info] [#0:script/workspace/loading.lua:88]: Skip loaded file: file:///home/astor/neovim/nvim/themes/tokyonight/lua/lualine/themes/tokyonight-storm.lua
[01:01:52.801][info] [#0:script/workspace/loading.lua:88]: Skip loaded file: file:///home/astor/neovim/nvim/themes/tokyonight/lua/lualine/themes/tokyonight.lua
[01:01:52.801][info] [#0:script/workspace/loading.lua:88]: Skip loaded file: file:///home/astor/neovim/nvim/themes/tokyonight/lua/lualine/themes/tokyonight-moon.lua
[01:01:52.801][info] [#0:script/workspace/loading.lua:88]: Skip loaded file: file:///home/astor/neovim/nvim/themes/tokyonight/lua/lualine/themes/_tokyonight.lua
[01:01:52.801][info] [#0:script/workspace/loading.lua:88]: Skip loaded file: file:///home/astor/neovim/nvim/themes/tokyonight/lua/lualine/themes/tokyonight-night.lua
[01:01:52.801][info] [#0:script/workspace/loading.lua:88]: Skip loaded file: file:///home/astor/neovim/nvim/themes/tokyonight/lua/lualine/themes/tokyonight-day.lua
[01:01:52.802][info] [#0:script/workspace/loading.lua:88]: Skip loaded file: file:///home/astor/neovim/nvim/themes/tokyonight/lua/barbecue/theme/tokyonight.lua
[01:01:52.802][info] [#0:script/workspace/loading.lua:88]: Skip loaded file: file:///home/astor/neovim/nvim/themes/tokyonight/lua/tokyonight/types.lua
[01:01:52.802][info] [#0:script/workspace/loading.lua:88]: Skip loaded file: file:///home/astor/neovim/nvim/themes/tokyonight/lua/tokyonight/docs.lua
[01:01:52.802][info] [#0:script/workspace/loading.lua:88]: Skip loaded file: file:///home/astor/neovim/nvim/themes/tokyonight/lua/tokyonight/groups/mini_tabline.lua
[01:01:52.802][info] [#0:script/workspace/loading.lua:88]: Skip loaded file: file:///home/astor/neovim/nvim/themes/tokyonight/lua/tokyonight/groups/mini_clue.lua
[01:01:52.802][info] [#0:script/workspace/loading.lua:88]: Skip loaded file: file:///home/astor/neovim/nvim/themes/tokyonight/lua/tokyonight/groups/notify.lua
[01:01:52.802][info] [#0:script/workspace/loading.lua:88]: Skip loaded file: file:///home/astor/neovim/nvim/themes/tokyonight/lua/tokyonight/groups/mini_files.lua
[01:01:52.802][info] [#0:script/workspace/loading.lua:88]: Skip loaded file: file:///home/astor/neovim/nvim/themes/tokyonight/lua/tokyonight/groups/mini_trailspace.lua
[01:01:52.803][info] [#0:script/workspace/loading.lua:88]: Skip loaded file: file:///home/astor/neovim/nvim/themes/tokyonight/lua/tokyonight/groups/ale.lua
[01:01:52.803][info] [#0:script/workspace/loading.lua:88]: Skip loaded file: file:///home/astor/neovim/nvim/themes/tokyonight/lua/tokyonight/groups/neo-tree.lua
[01:01:52.803][info] [#0:script/workspace/loading.lua:88]: Skip loaded file: file:///home/astor/neovim/nvim/themes/tokyonight/lua/tokyonight/groups/mini_indentscope.lua
[01:01:52.803][info] [#0:script/workspace/loading.lua:88]: Skip loaded file: file:///home/astor/neovim/nvim/themes/tokyonight/lua/tokyonight/groups/barbar.lua
[01:01:52.803][info] [#0:script/workspace/loading.lua:88]: Skip loaded file: file:///home/astor/neovim/nvim/themes/tokyonight/lua/tokyonight/groups/kinds.lua
[01:01:52.803][info] [#0:script/workspace/loading.lua:88]: Skip loaded file: file:///home/astor/neovim/nvim/themes/tokyonight/lua/tokyonight/groups/treesitter.lua
[01:01:52.803][info] [#0:script/workspace/loading.lua:88]: Skip loaded file: file:///home/astor/neovim/nvim/themes/tokyonight/lua/tokyonight/groups/nvim-tree.lua
[01:01:52.804][info] [#0:script/workspace/loading.lua:88]: Skip loaded file: file:///home/astor/neovim/nvim/themes/tokyonight/lua/tokyonight/groups/neogit.lua
[01:01:52.804][info] [#0:script/workspace/loading.lua:88]: Skip loaded file: file:///home/astor/neovim/nvim/themes/tokyonight/lua/tokyonight/groups/mini_statusline.lua
[01:01:52.804][info] [#0:script/workspace/loading.lua:88]: Skip loaded file: file:///home/astor/neovim/nvim/themes/tokyonight/lua/tokyonight/groups/mini_pick.lua
[01:01:52.804][info] [#0:script/workspace/loading.lua:88]: Skip loaded file: file:///home/astor/neovim/nvim/themes/tokyonight/lua/tokyonight/groups/mini_hipatterns.lua
[01:01:52.804][info] [#0:script/workspace/loading.lua:88]: Skip loaded file: file:///home/astor/neovim/nvim/themes/tokyonight/lua/tokyonight/groups/lazy.lua
[01:01:52.804][info] [#0:script/workspace/loading.lua:88]: Skip loaded file: file:///home/astor/neovim/nvim/themes/tokyonight/lua/tokyonight/groups/codeium.lua
[01:01:52.804][info] [#0:script/workspace/loading.lua:88]: Skip loaded file: file:///home/astor/neovim/nvim/themes/tokyonight/lua/tokyonight/groups/scrollbar.lua
[01:01:52.805][info] [#0:script/workspace/loading.lua:88]: Skip loaded file: file:///home/astor/neovim/nvim/themes/tokyonight/lua/tokyonight/groups/mini_completion.lua
[01:01:52.805][info] [#0:script/workspace/loading.lua:88]: Skip loaded file: file:///home/astor/neovim/nvim/themes/tokyonight/lua/tokyonight/groups/grug-far.lua
[01:01:52.805][info] [#0:script/workspace/loading.lua:88]: Skip loaded file: file:///home/astor/neovim/nvim/themes/tokyonight/lua/tokyonight/groups/aerial.lua
[01:01:52.805][info] [#0:script/workspace/loading.lua:88]: Skip loaded file: file:///home/astor/neovim/nvim/themes/tokyonight/lua/tokyonight/groups/mini_animate.lua
[01:01:52.805][info] [#0:script/workspace/loading.lua:88]: Skip loaded file: file:///home/astor/neovim/nvim/themes/tokyonight/lua/tokyonight/groups/treesitter-context.lua
[01:01:52.805][info] [#0:script/workspace/loading.lua:88]: Skip loaded file: file:///home/astor/neovim/nvim/themes/tokyonight/lua/tokyonight/groups/alpha.lua
[01:01:52.805][info] [#0:script/workspace/loading.lua:88]: Skip loaded file: file:///home/astor/neovim/nvim/themes/tokyonight/lua/tokyonight/groups/leap.lua
[01:01:52.805][info] [#0:script/workspace/loading.lua:88]: Skip loaded file: file:///home/astor/neovim/nvim/themes/tokyonight/lua/tokyonight/groups/illuminate.lua
[01:01:52.806][info] [#0:script/workspace/loading.lua:88]: Skip loaded file: file:///home/astor/neovim/nvim/themes/tokyonight/lua/tokyonight/groups/mini_map.lua
[01:01:52.806][info] [#0:script/workspace/loading.lua:88]: Skip loaded file: file:///home/astor/neovim/nvim/themes/tokyonight/lua/tokyonight/groups/blink.lua
[01:01:52.806][info] [#0:script/workspace/loading.lua:88]: Skip loaded file: file:///home/astor/neovim/nvim/themes/tokyonight/lua/tokyonight/groups/copilot.lua
[01:01:52.806][info] [#0:script/workspace/loading.lua:88]: Skip loaded file: file:///home/astor/neovim/nvim/themes/tokyonight/lua/tokyonight/groups/supermaven.lua
[01:01:52.806][info] [#0:script/workspace/loading.lua:88]: Skip loaded file: file:///home/astor/neovim/nvim/themes/tokyonight/lua/tokyonight/groups/dap.lua
[01:01:52.806][info] [#0:script/workspace/loading.lua:88]: Skip loaded file: file:///home/astor/neovim/nvim/themes/tokyonight/lua/tokyonight/groups/mini_icons.lua
[01:01:52.806][info] [#0:script/workspace/loading.lua:88]: Skip loaded file: file:///home/astor/neovim/nvim/themes/tokyonight/lua/tokyonight/groups/yanky.lua
[01:01:52.806][info] [#0:script/workspace/loading.lua:88]: Skip loaded file: file:///home/astor/neovim/nvim/themes/tokyonight/lua/tokyonight/groups/fzf.lua
[01:01:52.807][info] [#0:script/workspace/loading.lua:88]: Skip loaded file: file:///home/astor/neovim/nvim/themes/tokyonight/lua/tokyonight/groups/mini_deps.lua
[01:01:52.807][info] [#0:script/workspace/loading.lua:88]: Skip loaded file: file:///home/astor/neovim/nvim/themes/tokyonight/lua/tokyonight/groups/gitgutter.lua
[01:01:52.807][info] [#0:script/workspace/loading.lua:88]: Skip loaded file: file:///home/astor/neovim/nvim/themes/tokyonight/lua/tokyonight/groups/which-key.lua
[01:01:52.807][info] [#0:script/workspace/loading.lua:88]: Skip loaded file: file:///home/astor/neovim/nvim/themes/tokyonight/lua/tokyonight/groups/semantic_tokens.lua
[01:01:52.808][info] [#0:script/workspace/loading.lua:88]: Skip loaded file: file:///home/astor/neovim/nvim/themes/tokyonight/lua/tokyonight/groups/cmp.lua
[01:01:52.808][info] [#0:script/workspace/loading.lua:88]: Skip loaded file: file:///home/astor/neovim/nvim/themes/tokyonight/lua/tokyonight/groups/sidekick.lua
[01:01:52.808][info] [#0:script/workspace/loading.lua:88]: Skip loaded file: file:///home/astor/neovim/nvim/themes/tokyonight/lua/tokyonight/groups/neotest.lua
[01:01:52.808][info] [#0:script/workspace/loading.lua:88]: Skip loaded file: file:///home/astor/neovim/nvim/themes/tokyonight/lua/tokyonight/groups/octo.lua
[01:01:52.808][info] [#0:script/workspace/loading.lua:88]: Skip loaded file: file:///home/astor/neovim/nvim/themes/tokyonight/lua/tokyonight/groups/base.lua
[01:01:52.808][info] [#0:script/workspace/loading.lua:88]: Skip loaded file: file:///home/astor/neovim/nvim/themes/tokyonight/lua/tokyonight/groups/glyph-palette.lua
[01:01:52.808][info] [#0:script/workspace/loading.lua:88]: Skip loaded file: file:///home/astor/neovim/nvim/themes/tokyonight/lua/tokyonight/groups/hop.lua
[01:01:52.809][info] [#0:script/workspace/loading.lua:88]: Skip loaded file: file:///home/astor/neovim/nvim/themes/tokyonight/lua/tokyonight/groups/gitsigns.lua
[01:01:52.809][info] [#0:script/workspace/loading.lua:88]: Skip loaded file: file:///home/astor/neovim/nvim/themes/tokyonight/lua/tokyonight/groups/indentmini.lua
[01:01:52.809][info] [#0:script/workspace/loading.lua:88]: Skip loaded file: file:///home/astor/neovim/nvim/themes/tokyonight/lua/tokyonight/groups/rainbow.lua
[01:01:52.809][info] [#0:script/workspace/loading.lua:88]: Skip loaded file: file:///home/astor/neovim/nvim/themes/tokyonight/lua/tokyonight/groups/mini_surround.lua
[01:01:52.809][info] [#0:script/workspace/loading.lua:88]: Skip loaded file: file:///home/astor/neovim/nvim/themes/tokyonight/lua/tokyonight/groups/noice.lua
[01:01:52.809][info] [#0:script/workspace/loading.lua:88]: Skip loaded file: file:///home/astor/neovim/nvim/themes/tokyonight/lua/tokyonight/groups/mini_notify.lua
[01:01:52.809][info] [#0:script/workspace/loading.lua:88]: Skip loaded file: file:///home/astor/neovim/nvim/themes/tokyonight/lua/tokyonight/groups/vimwiki.lua
[01:01:52.809][info] [#0:script/workspace/loading.lua:88]: Skip loaded file: file:///home/astor/neovim/nvim/themes/tokyonight/lua/tokyonight/groups/mini_jump.lua
[01:01:52.810][info] [#0:script/workspace/loading.lua:88]: Skip loaded file: file:///home/astor/neovim/nvim/themes/tokyonight/lua/tokyonight/groups/headlines.lua
[01:01:52.810][info] [#0:script/workspace/loading.lua:88]: Skip loaded file: file:///home/astor/neovim/nvim/themes/tokyonight/lua/tokyonight/groups/mini_diff.lua
[01:01:52.810][info] [#0:script/workspace/loading.lua:88]: Skip loaded file: file:///home/astor/neovim/nvim/themes/tokyonight/lua/tokyonight/groups/indent-blankline.lua
[01:01:52.810][info] [#0:script/workspace/loading.lua:88]: Skip loaded file: file:///home/astor/neovim/nvim/themes/tokyonight/lua/tokyonight/groups/mini_starter.lua
[01:01:52.810][info] [#0:script/workspace/loading.lua:88]: Skip loaded file: file:///home/astor/neovim/nvim/themes/tokyonight/lua/tokyonight/groups/telescope.lua
[01:01:52.810][info] [#0:script/workspace/loading.lua:88]: Skip loaded file: file:///home/astor/neovim/nvim/themes/tokyonight/lua/tokyonight/groups/navic.lua
[01:01:52.810][info] [#0:script/workspace/loading.lua:88]: Skip loaded file: file:///home/astor/neovim/nvim/themes/tokyonight/lua/tokyonight/groups/mini_cursorword.lua
[01:01:52.810][info] [#0:script/workspace/loading.lua:88]: Skip loaded file: file:///home/astor/neovim/nvim/themes/tokyonight/lua/tokyonight/groups/sneak.lua
[01:01:52.811][info] [#0:script/workspace/loading.lua:88]: Skip loaded file: file:///home/astor/neovim/nvim/themes/tokyonight/lua/tokyonight/groups/dashboard.lua
[01:01:52.811][info] [#0:script/workspace/loading.lua:88]: Skip loaded file: file:///home/astor/neovim/nvim/themes/tokyonight/lua/tokyonight/groups/render-markdown.lua
[01:01:52.811][info] [#0:script/workspace/loading.lua:88]: Skip loaded file: file:///home/astor/neovim/nvim/themes/tokyonight/lua/tokyonight/groups/mini_test.lua
[01:01:52.811][info] [#0:script/workspace/loading.lua:88]: Skip loaded file: file:///home/astor/neovim/nvim/themes/tokyonight/lua/tokyonight/groups/mini_operators.lua
[01:01:52.811][info] [#0:script/workspace/loading.lua:88]: Skip loaded file: file:///home/astor/neovim/nvim/themes/tokyonight/lua/tokyonight/groups/bufferline.lua
[01:01:52.811][info] [#0:script/workspace/loading.lua:88]: Skip loaded file: file:///home/astor/neovim/nvim/themes/tokyonight/lua/tokyonight/groups/lspsaga.lua
[01:01:52.811][info] [#0:script/workspace/loading.lua:88]: Skip loaded file: file:///home/astor/neovim/nvim/themes/tokyonight/lua/tokyonight/groups/trouble.lua
[01:01:52.811][info] [#0:script/workspace/loading.lua:88]: Skip loaded file: file:///home/astor/neovim/nvim/themes/tokyonight/lua/tokyonight/groups/init.lua
[01:01:52.812][info] [#0:script/workspace/loading.lua:88]: Skip loaded file: file:///home/astor/neovim/nvim/themes/tokyonight/lua/tokyonight/groups/snacks.lua
[01:01:52.812][info] [#0:script/workspace/loading.lua:88]: Skip loaded file: file:///home/astor/neovim/nvim/themes/tokyonight/lua/tokyonight/groups/flash.lua
[01:01:52.812][info] [#0:script/workspace/loading.lua:88]: Skip loaded file: file:///home/astor/neovim/nvim/themes/tokyonight/lua/tokyonight/config.lua
[01:01:52.812][info] [#0:script/workspace/loading.lua:88]: Skip loaded file: file:///home/astor/neovim/nvim/themes/tokyonight/lua/tokyonight/util.lua
[01:01:52.812][info] [#0:script/workspace/loading.lua:88]: Skip loaded file: file:///home/astor/neovim/nvim/themes/tokyonight/lua/tokyonight/hsluv.lua
[01:01:52.812][info] [#0:script/workspace/loading.lua:88]: Skip loaded file: file:///home/astor/neovim/nvim/themes/tokyonight/lua/tokyonight/colors/moon.lua
[01:01:52.812][info] [#0:script/workspace/loading.lua:88]: Skip loaded file: file:///home/astor/neovim/nvim/themes/tokyonight/lua/tokyonight/colors/night.lua
[01:01:52.812][info] [#0:script/workspace/loading.lua:88]: Skip loaded file: file:///home/astor/neovim/nvim/themes/tokyonight/lua/tokyonight/colors/day.lua
[01:01:52.813][info] [#0:script/workspace/loading.lua:88]: Skip loaded file: file:///home/astor/neovim/nvim/themes/tokyonight/lua/tokyonight/colors/storm.lua
[01:01:52.813][info] [#0:script/workspace/loading.lua:88]: Skip loaded file: file:///home/astor/neovim/nvim/themes/tokyonight/lua/tokyonight/colors/init.lua
[01:01:52.813][info] [#0:script/workspace/loading.lua:88]: Skip loaded file: file:///home/astor/neovim/nvim/themes/tokyonight/lua/tokyonight/extra/qterminal.lua
[01:01:52.813][info] [#0:script/workspace/loading.lua:88]: Skip loaded file: file:///home/astor/neovim/nvim/themes/tokyonight/lua/tokyonight/extra/sublime.lua
[01:01:52.813][info] [#0:script/workspace/loading.lua:88]: Skip loaded file: file:///home/astor/neovim/nvim/themes/tokyonight/lua/tokyonight/extra/terminator.lua
[01:01:52.813][info] [#0:script/workspace/loading.lua:88]: Skip loaded file: file:///home/astor/neovim/nvim/themes/tokyonight/lua/tokyonight/extra/vim.lua
[01:01:52.813][info] [#0:script/workspace/loading.lua:88]: Skip loaded file: file:///home/astor/neovim/nvim/themes/tokyonight/lua/tokyonight/extra/tilix.lua
[01:01:52.813][info] [#0:script/workspace/loading.lua:88]: Skip loaded file: file:///home/astor/neovim/nvim/themes/tokyonight/lua/tokyonight/extra/gitui.lua
[01:01:52.814][info] [#0:script/workspace/loading.lua:88]: Skip loaded file: file:///home/astor/neovim/nvim/themes/tokyonight/lua/tokyonight/extra/iterm.lua
[01:01:52.814][info] [#0:script/workspace/loading.lua:88]: Skip loaded file: file:///home/astor/neovim/nvim/themes/tokyonight/lua/tokyonight/extra/ghostty.lua
[01:01:52.814][info] [#0:script/workspace/loading.lua:88]: Skip loaded file: file:///home/astor/neovim/nvim/themes/tokyonight/lua/tokyonight/extra/opencode.lua
[01:01:52.814][info] [#0:script/workspace/loading.lua:88]: Skip loaded file: file:///home/astor/neovim/nvim/themes/tokyonight/lua/tokyonight/extra/helix.lua
[01:01:52.814][info] [#0:script/workspace/loading.lua:88]: Skip loaded file: file:///home/astor/neovim/nvim/themes/tokyonight/lua/tokyonight/extra/konsole.lua
[01:01:52.814][info] [#0:script/workspace/loading.lua:88]: Skip loaded file: file:///home/astor/neovim/nvim/themes/tokyonight/lua/tokyonight/extra/discord.lua
[01:01:52.814][info] [#0:script/workspace/loading.lua:88]: Skip loaded file: file:///home/astor/neovim/nvim/themes/tokyonight/lua/tokyonight/extra/wezterm.lua
[01:01:52.814][info] [#0:script/workspace/loading.lua:88]: Skip loaded file: file:///home/astor/neovim/nvim/themes/tokyonight/lua/tokyonight/extra/dunst.lua
[01:01:52.815][info] [#0:script/workspace/loading.lua:88]: Skip loaded file: file:///home/astor/neovim/nvim/themes/tokyonight/lua/tokyonight/extra/kitty.lua
[01:01:52.815][info] [#0:script/workspace/loading.lua:88]: Skip loaded file: file:///home/astor/neovim/nvim/themes/tokyonight/lua/tokyonight/extra/eza.lua
[01:01:52.815][info] [#0:script/workspace/loading.lua:88]: Skip loaded file: file:///home/astor/neovim/nvim/themes/tokyonight/lua/tokyonight/extra/prism.lua
[01:01:52.815][info] [#0:script/workspace/loading.lua:88]: Skip loaded file: file:///home/astor/neovim/nvim/themes/tokyonight/lua/tokyonight/extra/gnome_terminal.lua
[01:01:52.815][info] [#0:script/workspace/loading.lua:88]: Skip loaded file: file:///home/astor/neovim/nvim/themes/tokyonight/lua/tokyonight/extra/tailwindv4.lua
[01:01:52.815][info] [#0:script/workspace/loading.lua:88]: Skip loaded file: file:///home/astor/neovim/nvim/themes/tokyonight/lua/tokyonight/extra/zathura.lua
[01:01:52.815][info] [#0:script/workspace/loading.lua:88]: Skip loaded file: file:///home/astor/neovim/nvim/themes/tokyonight/lua/tokyonight/extra/aider.lua
[01:01:52.815][info] [#0:script/workspace/loading.lua:88]: Skip loaded file: file:///home/astor/neovim/nvim/themes/tokyonight/lua/tokyonight/extra/lua.lua
[01:01:52.816][info] [#0:script/workspace/loading.lua:88]: Skip loaded file: file:///home/astor/neovim/nvim/themes/tokyonight/lua/tokyonight/extra/aerc.lua
[01:01:52.816][info] [#0:script/workspace/loading.lua:88]: Skip loaded file: file:///home/astor/neovim/nvim/themes/tokyonight/lua/tokyonight/extra/process_compose.lua
[01:01:52.816][info] [#0:script/workspace/loading.lua:88]: Skip loaded file: file:///home/astor/neovim/nvim/themes/tokyonight/lua/tokyonight/extra/zellij.lua
[01:01:52.816][info] [#0:script/workspace/loading.lua:88]: Skip loaded file: file:///home/astor/neovim/nvim/themes/tokyonight/lua/tokyonight/extra/fuzzel.lua
[01:01:52.816][info] [#0:script/workspace/loading.lua:88]: Skip loaded file: file:///home/astor/neovim/nvim/themes/tokyonight/lua/tokyonight/extra/fish.lua
[01:01:52.816][info] [#0:script/workspace/loading.lua:88]: Skip loaded file: file:///home/astor/neovim/nvim/themes/tokyonight/lua/tokyonight/extra/fish_themes.lua
[01:01:52.816][info] [#0:script/workspace/loading.lua:88]: Skip loaded file: file:///home/astor/neovim/nvim/themes/tokyonight/lua/tokyonight/extra/vivaldi.lua
[01:01:52.816][info] [#0:script/workspace/loading.lua:88]: Skip loaded file: file:///home/astor/neovim/nvim/themes/tokyonight/lua/tokyonight/extra/alacritty.lua
[01:01:52.817][info] [#0:script/workspace/loading.lua:88]: Skip loaded file: file:///home/astor/neovim/nvim/themes/tokyonight/lua/tokyonight/extra/lazygit.lua
[01:01:52.817][info] [#0:script/workspace/loading.lua:88]: Skip loaded file: file:///home/astor/neovim/nvim/themes/tokyonight/lua/tokyonight/extra/fzf.lua
[01:01:52.817][info] [#0:script/workspace/loading.lua:88]: Skip loaded file: file:///home/astor/neovim/nvim/themes/tokyonight/lua/tokyonight/extra/tmux.lua
[01:01:52.817][info] [#0:script/workspace/loading.lua:88]: Skip loaded file: file:///home/astor/neovim/nvim/themes/tokyonight/lua/tokyonight/extra/termux.lua
[01:01:52.817][info] [#0:script/workspace/loading.lua:88]: Skip loaded file: file:///home/astor/neovim/nvim/themes/tokyonight/lua/tokyonight/extra/iSH.lua
[01:01:52.817][info] [#0:script/workspace/loading.lua:88]: Skip loaded file: file:///home/astor/neovim/nvim/themes/tokyonight/lua/tokyonight/extra/spotify_player.lua
[01:01:52.817][info] [#0:script/workspace/loading.lua:88]: Skip loaded file: file:///home/astor/neovim/nvim/themes/tokyonight/lua/tokyonight/extra/xfceterm.lua
[01:01:52.817][info] [#0:script/workspace/loading.lua:88]: Skip loaded file: file:///home/astor/neovim/nvim/themes/tokyonight/lua/tokyonight/extra/btop.lua
[01:01:52.818][info] [#0:script/workspace/loading.lua:88]: Skip loaded file: file:///home/astor/neovim/nvim/themes/tokyonight/lua/tokyonight/extra/foot.lua
[01:01:52.818][info] [#0:script/workspace/loading.lua:88]: Skip loaded file: file:///home/astor/neovim/nvim/themes/tokyonight/lua/tokyonight/extra/delta.lua
[01:01:52.818][info] [#0:script/workspace/loading.lua:88]: Skip loaded file: file:///home/astor/neovim/nvim/themes/tokyonight/lua/tokyonight/extra/vimium.lua
[01:01:52.818][info] [#0:script/workspace/loading.lua:88]: Skip loaded file: file:///home/astor/neovim/nvim/themes/tokyonight/lua/tokyonight/extra/slack.lua
[01:01:52.818][info] [#0:script/workspace/loading.lua:88]: Skip loaded file: file:///home/astor/neovim/nvim/themes/tokyonight/lua/tokyonight/extra/windows_terminal.lua
[01:01:52.818][info] [#0:script/workspace/loading.lua:88]: Skip loaded file: file:///home/astor/neovim/nvim/themes/tokyonight/lua/tokyonight/extra/xresources.lua
[01:01:52.818][info] [#0:script/workspace/loading.lua:88]: Skip loaded file: file:///home/astor/neovim/nvim/themes/tokyonight/lua/tokyonight/extra/init.lua
[01:01:52.818][info] [#0:script/workspace/loading.lua:88]: Skip loaded file: file:///home/astor/neovim/nvim/themes/tokyonight/lua/tokyonight/extra/yazi.lua
[01:01:52.819][info] [#0:script/workspace/loading.lua:88]: Skip loaded file: file:///home/astor/neovim/nvim/themes/tokyonight/lua/tokyonight/theme.lua
[01:01:52.819][info] [#0:script/workspace/loading.lua:88]: Skip loaded file: file:///home/astor/neovim/nvim/themes/tokyonight/lua/tokyonight/init.lua
[01:01:52.819][info] [#0:script/workspace/loading.lua:88]: Skip loaded file: file:///home/astor/neovim/nvim/init.lua
[01:01:52.819][info] [#0:script/workspace/loading.lua:172]: Loaded files takes [0.150] sec: file:///home/astor/neovim/nvim
[01:01:52.819][info] [#0:script/workspace/loading.lua:181]: Compile files takes [0.000] sec: file:///home/astor/neovim/nvim
[01:01:52.819][info] [#0:script/workspace/loading.lua:182]: Loaded finish:	file:///home/astor/neovim/nvim
[01:01:52.819][info] [#0:script/workspace/workspace.lua:381]: Preload finish at:	file:///home/astor/neovim/nvim
[01:01:52.944][info] [#0:script/provider/diagnostic.lua:560]: Diagnostics scope [file:///home/astor/neovim/nvim], files count:[1235]
[01:01:52.944][warn] [#0:script/proto/proto.lua:189]: Method [textDocument/didOpen] takes [2.852]sec. {
  jsonrpc = "2.0",
  method = "textDocument/didOpen",
  params = {
    textDocument = {
      languageId = "lua",
      text = '"***"',
      uri = "file:///home/astor/neovim/nvim/lua/expand_config/coc.lua",
      version = 1
    }
  }
}
[01:02:01.513][warn] [#0:script/core/diagnostics/init.lua:137]: Diagnostics [undefined-global] @ [file:///home/astor/neovim/nvim/addons/formatter.nvim/lua/formatter/complete.lua] takes [2.905] sec!
[01:02:01.513][warn] [#0:script/await.lua:222]: [fire]Await step takes [2.905] sec.
stack traceback:
	[C]: in function 'coroutine.yield'
	script/await.lua:176: in function 'await.delay'
	script/core/diagnostics/init.lua:179: in function 'core.diagnostics'
	[C]: in function 'xpcall'
	script/provider/diagnostic.lua:337: in function 'provider.diagnostic.doDiagnostic'
	[C]: in function 'xpcall'
	script/provider/diagnostic.lua:598: in local 'callback'
	script/provider/diagnostic.lua:569: in function 'provider.diagnostic.awaitDiagnosticsScope'
	script/provider/diagnostic.lua:597: in function <script/provider/diagnostic.lua:595>
[01:02:06.364][warn] [#0:script/core/diagnostics/init.lua:137]: Diagnostics [discard-returns] @ [file:///home/astor/neovim/nvim/addons/gitsigns.nvim/lua/gitsigns/actions.lua] takes [0.948] sec!
[01:02:07.784][warn] [#0:script/core/diagnostics/init.lua:137]: Diagnostics [missing-fields] @ [file:///home/astor/neovim/nvim/addons/gitsigns.nvim/lua/gitsigns/actions/preview.lua] takes [0.501] sec!
[01:02:10.792][warn] [#0:script/await.lua:213]: Await step takes [0.580] sec.
[01:02:10.802][warn] [#0:script/core/diagnostics/init.lua:137]: Diagnostics [invisible] @ [file:///home/astor/neovim/nvim/addons/gitsigns.nvim/lua/gitsigns/highlight.lua] takes [0.587] sec!
[01:02:19.685][warn] [#0:script/await.lua:213]: Await step takes [0.501] sec.
[01:02:19.688][warn] [#0:script/core/diagnostics/init.lua:137]: Diagnostics [redundant-return-value] @ [file:///home/astor/neovim/nvim/addons/lualine.nvim/lua/lualine/components/windows/init.lua] takes [0.505] sec!
[01:02:25.795][warn] [#0:script/core/diagnostics/init.lua:137]: Diagnostics [different-requires] @ [file:///home/astor/neovim/nvim/addons/neogen/lua/neogen/configurations/c.lua] takes [0.592] sec!
[01:02:25.795][warn] [#0:script/await.lua:213]: Await step takes [0.592] sec.
[01:02:30.473][warn] [#0:script/await.lua:213]: Await step takes [0.505] sec.
[01:02:30.479][warn] [#0:script/core/diagnostics/init.lua:137]: Diagnostics [missing-fields] @ [file:///home/astor/neovim/nvim/addons/nvim-tree.lua/lua/nvim-tree.lua] takes [0.522] sec!
[01:02:31.713][warn] [#0:script/core/diagnostics/init.lua:137]: Diagnostics [discard-returns] @ [file:///home/astor/neovim/nvim/addons/nvim-tree.lua/lua/nvim-tree.lua] takes [1.229] sec!
[01:02:34.833][warn] [#0:script/core/diagnostics/init.lua:137]: Diagnostics [redundant-parameter] @ [file:///home/astor/neovim/nvim/addons/nvim-tree.lua/lua/nvim-tree/actions/tree/init.lua] takes [0.561] sec!
[01:02:36.811][warn] [#0:script/core/diagnostics/init.lua:137]: Diagnostics [missing-fields] @ [file:///home/astor/neovim/nvim/addons/nvim-tree.lua/lua/nvim-tree/explorer/init.lua] takes [0.670] sec!
[01:02:39.795][warn] [#0:script/core/diagnostics/init.lua:137]: Diagnostics [different-requires] @ [file:///home/astor/neovim/nvim/addons/nvim-tree.lua/lua/nvim-tree/renderer/builder.lua] takes [0.765] sec!
[01:02:39.795][warn] [#0:script/await.lua:213]: Await step takes [0.765] sec.
[01:02:42.022][warn] [#0:script/core/diagnostics/init.lua:137]: Diagnostics [missing-parameter] @ [file:///home/astor/neovim/nvim/addons/nvim-treesitter/lua/nvim-treesitter/configs.lua] takes [0.562] sec!
[01:03:04.851][warn] [#0:script/core/diagnostics/init.lua:137]: Diagnostics [discard-returns] @ [file:///home/astor/neovim/nvim/addons/telescope.nvim/lua/telescope/builtin/__internal.lua] takes [0.563] sec!
[01:03:07.976][warn] [#0:script/core/diagnostics/init.lua:137]: Diagnostics [different-requires] @ [file:///home/astor/neovim/nvim/addons/telescope.nvim/lua/telescope/pickers.lua] takes [0.584] sec!
[01:03:07.976][warn] [#0:script/await.lua:213]: Await step takes [0.584] sec.
[01:03:12.472][warn] [#0:script/core/diagnostics/init.lua:137]: Diagnostics [redundant-parameter] @ [file:///home/astor/neovim/nvim/addons/telescope.nvim/scripts/gendocs.lua] takes [0.503] sec!
[01:03:14.110][warn] [#0:script/core/diagnostics/init.lua:137]: Diagnostics [missing-parameter] @ [file:///home/astor/neovim/nvim/addons/which-key/lua/which-key/icons.lua] takes [0.519] sec!
[01:03:17.025][warn] [#0:script/await.lua:213]: Await step takes [0.550] sec.
[01:03:17.029][warn] [#0:script/core/diagnostics/init.lua:137]: Diagnostics [missing-fields] @ [file:///home/astor/neovim/nvim/lua/color_config/catppuccin.lua] takes [0.554] sec!
[01:03:18.998][warn] [#0:script/core/diagnostics/init.lua:137]: Diagnostics [different-requires] @ [file:///home/astor/neovim/nvim/pack/packer/start/packer.nvim/lua/packer/clean.lua] takes [0.501] sec!
[01:03:18.998][warn] [#0:script/await.lua:213]: Await step takes [0.501] sec.
[01:03:28.310][warn] [#0:script/await.lua:213]: Await step takes [0.764] sec.
[01:03:28.321][warn] [#0:script/core/diagnostics/init.lua:137]: Diagnostics [invisible] @ [file:///home/astor/neovim/nvim/themes/gruvbox/tests/gruvbox/gruvbox_spec.lua] takes [0.779] sec!
[01:03:33.775][warn] [#0:script/await.lua:213]: Await step takes [0.503] sec.
[01:03:33.781][warn] [#0:script/core/diagnostics/init.lua:137]: Diagnostics [missing-parameter] @ [file:///home/astor/neovim/nvim/themes/tokyonight/lua/tokyonight/colors/night.lua] takes [0.509] sec!
[01:03:36.869][info] [#0:script/provider/diagnostic.lua:577]: Diagnostics scope [file:///home/astor/neovim/nvim] finished, takes [75.718] sec.
[01:03:40.834][warn] [#0:script/await.lua:222]: [fire]Await step takes [3.965] sec.
stack traceback:
[01:05:01.396][warn] [#0:script/provider/provider.lua:643]: Completion takes 0.359 sec.
[01:05:06.890][info] [#0:script/provider/diagnostic.lua:560]: Diagnostics scope [file:///home/astor/neovim/nvim], files count:[1235]
[01:05:09.165][warn] [#0:script/core/diagnostics/init.lua:137]: Diagnostics [different-requires] @ [file:///home/astor/neovim/nvim/addons/bufferline.nvim/lua/bufferline/buffers.lua] takes [0.561] sec!
[01:05:09.165][warn] [#0:script/await.lua:213]: Await step takes [0.561] sec.
[01:05:12.053][warn] [#0:script/await.lua:213]: Await step takes [0.527] sec.
[01:05:12.064][warn] [#0:script/core/diagnostics/init.lua:137]: Diagnostics [redundant-parameter] @ [file:///home/astor/neovim/nvim/addons/bufferline.nvim/tests/bufferline_spec.lua] takes [0.538] sec!
[01:05:18.768][warn] [#0:script/core/diagnostics/init.lua:137]: Diagnostics [discard-returns] @ [file:///home/astor/neovim/nvim/addons/gitsigns.nvim/lua/gitsigns/actions.lua] takes [0.526] sec!
[01:05:19.737][warn] [#0:script/core/diagnostics/init.lua:137]: Diagnostics [different-requires] @ [file:///home/astor/neovim/nvim/addons/gitsigns.nvim/lua/gitsigns/actions/blame_line.lua] takes [0.502] sec!
[01:05:19.737][warn] [#0:script/await.lua:213]: Await step takes [0.502] sec.
[01:05:22.787][warn] [#0:script/await.lua:213]: Await step takes [0.645] sec.
[01:05:22.815][warn] [#0:script/core/diagnostics/init.lua:137]: Diagnostics [invisible] @ [file:///home/astor/neovim/nvim/addons/gitsigns.nvim/lua/gitsigns/git/repo.lua] takes [0.663] sec!
[01:05:26.040][warn] [#0:script/core/diagnostics/init.lua:137]: Diagnostics [different-requires] @ [file:///home/astor/neovim/nvim/addons/header.nvim/lua/header/init.lua] takes [0.564] sec!
[01:05:26.040][warn] [#0:script/await.lua:213]: Await step takes [0.564] sec.
[01:05:32.227][warn] [#0:script/await.lua:213]: Await step takes [0.553] sec.
[01:05:32.233][warn] [#0:script/core/diagnostics/init.lua:137]: Diagnostics [deprecated] @ [file:///home/astor/neovim/nvim/addons/lualine.nvim/lua/lualine/extensions/avante.lua] takes [0.558] sec!
[01:05:35.934][warn] [#0:script/await.lua:213]: Await step takes [0.606] sec.
[01:05:36.050][warn] [#0:script/core/diagnostics/init.lua:137]: Diagnostics [discard-returns] @ [file:///home/astor/neovim/nvim/addons/lualine.nvim/tests/spec/component_spec.lua] takes [0.706] sec!
[01:05:38.720][warn] [#0:script/core/diagnostics/init.lua:137]: Diagnostics [different-requires] @ [file:///home/astor/neovim/nvim/addons/neogen/lua/neogen/configurations/javascript.lua] takes [0.516] sec!
[01:05:38.720][warn] [#0:script/await.lua:213]: Await step takes [0.516] sec.
[01:05:41.372][warn] [#0:script/core/diagnostics/init.lua:137]: Diagnostics [redundant-return-value] @ [file:///home/astor/neovim/nvim/addons/neogen/tests/neogen/java_javadoc_spec.lua] takes [0.514] sec!
[01:05:41.372][warn] [#0:script/await.lua:213]: Await step takes [0.514] sec.
[01:05:44.754][warn] [#0:script/core/diagnostics/init.lua:137]: Diagnostics [missing-parameter] @ [file:///home/astor/neovim/nvim/addons/nvim-tree.lua/lua/nvim-tree.lua] takes [1.789] sec!
[01:05:46.623][warn] [#0:script/core/diagnostics/init.lua:137]: Diagnostics [different-requires] @ [file:///home/astor/neovim/nvim/addons/nvim-tree.lua/lua/nvim-tree/actions/moves/init.lua] takes [0.575] sec!
[01:05:46.623][warn] [#0:script/await.lua:213]: Await step takes [0.575] sec.
[01:05:48.863][warn] [#0:script/core/diagnostics/init.lua:137]: Diagnostics [different-requires] @ [file:///home/astor/neovim/nvim/addons/nvim-tree.lua/lua/nvim-tree/api.lua] takes [0.630] sec!
[01:05:48.863][warn] [#0:script/await.lua:213]: Await step takes [0.630] sec.
[01:05:51.780][warn] [#0:script/await.lua:213]: Await step takes [0.508] sec.
[01:05:51.785][warn] [#0:script/core/diagnostics/init.lua:137]: Diagnostics [redundant-parameter] @ [file:///home/astor/neovim/nvim/addons/nvim-tree.lua/lua/nvim-tree/node/directory.lua] takes [0.515] sec!
[01:05:57.177][warn] [#0:script/core/diagnostics/init.lua:137]: Diagnostics [discard-returns] @ [file:///home/astor/neovim/nvim/addons/nvim-treesitter/lua/nvim-treesitter/query.lua] takes [0.584] sec!
[01:05:57.177][warn] [#0:script/await.lua:213]: Await step takes [0.575] sec.
[01:06:01.224][warn] [#0:script/await.lua:213]: Await step takes [0.668] sec.
[01:06:01.498][warn] [#0:script/core/diagnostics/init.lua:137]: Diagnostics [invisible] @ [file:///home/astor/neovim/nvim/addons/nvim-web-devicons/lua/nvim-web-devicons.lua] takes [1.061] sec!
[01:06:03.859][warn] [#0:script/core/diagnostics/init.lua:137]: Diagnostics [different-requires] @ [file:///home/astor/neovim/nvim/addons/plenary.nvim/lua/luassert/init.lua] takes [0.776] sec!
[01:06:03.859][warn] [#0:script/await.lua:213]: Await step takes [0.776] sec.
[01:06:06.993][info] [#0:script/provider/diagnostic.lua:544]: Cancel workspace diagnostics
